# meta_json={"schema_version":4,"record_id":"20260928T183752_0800_fanA_r001","data_role":"formal","source_type":"real","device_id":"fanA","device_type":"fan","session_id":"fanA_rig01_6V_20260928_c","acquired_at":"2026-09-28T18:37:52+08:00","observed_condition":"mount_looseness","target_label":"looseness","label_basis":"controlled_injection","label_confidence":"confirmed","fault_level":1,"fault_method":"fastener_backoff","tape_count":0,"loose_fastener_id":"M1","loosen_turns":0.25,"measurement_axis":"X","reference_gravity_axis":"Y","reference_gravity_sign":"+1","fixture_id":"rig01","sensor_module_id":"mpu01","sensor_mount_id":"fan_frame_top_left","installation_orientation_id":"x_measure_y_gravity","calibration_id":"uncalibrated","voltage_set_v":6.0,"firmware_build_id":"6db13e6","notes":"仅从9V改为6V；保持M1回退0.25圈","fs_config_hz":1000,"window_samples":1024,"window_nominal_ms":1024.0,"capture_samples":20480,"capture_nominal_ms":20480.0,"afs_code":0,"frames":20,"first_seq":1,"last_seq":20,"lost_frames":0,"sample_id_gaps":0,"capture_mode":"fifo_continuous"}
4976
5440
5016
4668
3480
1632
824
200
-672
-1164
-1728
-1176
-64
572
1076
2676
3876
4944
5192
5032
5208
4676
4228
2748
1104
664
-96
-892
-1396
-1856
-448
184
616
1536
3236
4108
5180
4988
5304
5140
4664
3868
2356
888
452
-460
-916
-1668
-1412
-88
444
944
2216
3548
4552
5296
5088
5384
4844
4540
3500
1692
904
384
-740
-1068
-1888
-1004
68
668
1068
2676
3808
4888
5064
5100
5352
4608
4340
2784
1180
780
-112
-980
-1380
-1752
-392
136
724
1736
3168
4248
5304
5100
5464
5172
4540
3900
2160
912
380
-644
-984
-1688
-1624
-212
356
804
2312
3532
4592
5356
5076
5404
4804
4548
3444
1596
956
324
-716
-1028
-1812
-1084
-44
504
1120
2760
3872
4828
5196
5148
5340
4708
4220
2736
1244
752
-64
-772
-1364
-1748
-460
148
728
1592
3180
4172
5148
5016
5168
5040
4648
3864
2180
976
504
-396
-928
-1600
-1392
-280
312
904
2176
3624
4552
5316
5008
5504
4852
4540
3500
1520
772
172
-696
-1012
-1896
-920
132
616
1060
2676
3772
4960
5188
5100
5496
4708
4244
2988
1256
852
-88
-792
-1352
-1752
-560
128
564
1724
3200
4172
5232
5032
5340
5056
4612
3844
2288
856
404
-604
-888
-1820
-1532
-220
304
708
2128
3516
4544
5324
4948
5416
4760
4528
3560
1744
876
280
-796
-1216
-1716
-1032
-20
692
1072
2764
3696
4820
5344
5188
5400
4716
4124
3012
1332
768
44
-732
-1248
-1784
-640
324
648
1560
3304
4088
5232
5048
5204
5140
4636
3744
2352
892
388
-428
-956
-1644
-1556
-292
440
740
2192
3572
4448
5424
4936
5348
4972
4456
3456
1768
792
256
-760
-1136
-1792
-1324
40
648
1052
2720
3800
4848
5328
5144
5200
4828
4224
2996
1300
668
-12
-860
-1288
-1656
-688
88
596
1436
3016
4028
5236
5056
5096
5072
4668
3812
2352
808
488
-404
-992
-1704
-1672
-412
316
796
2040
3372
4436
5220
4840
5388
4876
4352
3456
1792
744
352
-640
-1124
-1808
-1104
-144
548
1112
2420
3820
4676
5232
5048
5276
4736
4332
3096
1420
720
88
-772
-1240
-1768
-804
52
620
1344
3064
4056
5276
5080
5224
5232
4500
4036
2584
944
620
-304
-860
-1536
-1656
-240
224
840
1996
3368
4524
5392
4908
5344
4972
4460
3636
1712
784
312
-724
-960
-1836
-1216
-152
324
1000
2568
3756
4644
5272
4936
5372
4772
4360
3156
1408
796
128
-840
-1100
-1760
-796
108
668
1384
3052
4088
5108
5072
5232
5320
4716
4128
2672
1028
624
-320
-844
-1556
-1652
-384
316
732
1792
3340
4232
5204
4924
5336
5004
4528
3568
2016
768
344
-700
-980
-1700
-1292
-184
412
756
2248
3608
4616
5384
4852
5340
4820
4364
3268
1476
756
204
-880
-1148
-1836
-860
184
616
1220
2940
3844
4936
5184
5160
5308
4600
4248
2956
1168
560
-176
-876
-1372
-1808
-588
208
628
1676
3212
4264
5368
4972
5352
5084
4600
3964
2184
980
628
-652
-996
-1700
-1496
-64
368
836
2220
3500
4472
5276
4908
5504
4868
4428
3464
1668
768
252
-732
-1024
-1788
-1044
-4
464
1200
2772
3732
4988
5164
5116
5284
4556
4224
3048
1212
728
-128
-848
-1184
-1808
-664
192
716
1596
3024
3972
5252
5016
5224
5196
4624
4096
2332
900
752
-512
-844
-1508
-1712
-264
276
648
2128
3412
4452
5352
4912
5404
4804
4524
3572
1720
716
420
-824
-860
-1772
-1252
-48
408
924
2548
3692
4832
5108
5004
5404
4496
4340
3136
1180
824
152
-980
-1108
-1780
-720
188
636
1416
2920
4044
5196
5076
4976
5360
4544
4164
2636
936
784
-236
-872
-1388
-1752
-348
316
540
1968
3248
4208
5356
4888
5164
5068
4464
3644
2008
780
252
-788
-1024
-1736
-1504
-156
376
900
2352
3648
4584
5296
4884
5468
5020
4492
3364
1768
740
300
-720
-1224
-1788
-1104
16
584
1020
2912
3924
4940
5192
4940
5380
4656
4224
3092
1144
740
88
-788
-1296
-1756
-444
352
780
1660
3196
4188
5276
4968
5196
5168
4464
3892
2388
1000
608
-516
-1064
-1472
-1732
-240
492
656
2200
3456
4428
5544
4852
5528
4996
4320
3740
1832
788
432
-852
-1020
-1848
-1272
-28
364
896
2640
3660
4752
5268
4964
5412
4572
4304
3268
1276
780
64
-784
-1236
-1772
-652
148
656
1480
3024
3972
5216
5004
5196
5356
4564
4048
2724
1012
700
-332
-940
-1364
-1720
-372
236
680
1936
3232
4080
5204
4932
5340
5080
4508
3628
1984
792
500
-652
-1056
-1644
-1536
-4
500
764
2268
3472
4524
5360
4888
5452
4900
4352
3516
1632
780
276
-888
-1100
-1796
-1184
140
632
1056
2868
3860
4948
5204
4944
5480
4712
4256
3036
1088
796
84
-836
-1232
-1900
-704
236
492
1496
3104
4028
5108
5024
5180
5152
4548
3892
2560
772
648
-440
-976
-1508
-1564
-248
456
692
2000
3328
4352
5204
4872
5376
5020
4452
3648
1856
756
452
-720
-912
-1564
-1252
-44
540
856
2536
3624
4636
5396
4936
5304
4852
4364
3420
1460
608
240
-892
-1036
-1788
-968
128
476
1168
2968
3816
4980
5124
4992
5276
4556
3960
2872
1116
616
-84
-956
-1328
-1900
-504
328
480
1620
3236
4028
5216
4948
5164
4996
4484
3916
2380
968
552
-484
-1012
-1584
-1512
-128
432
752
2200
3340
4472
5340
4928
5496
4916
4472
3592
1916
940
416
-784
-1080
-1884
-1212
100
420
828
2636
3876
4924
5180
4848
5388
4624
4232
3008
1392
816
116
-1000
-1176
-1772
-768
52
532
1408
2992
3804
5080
4996
5148
5260
4580
4068
2708
1028
772
-328
-932
-1400
-1696
-380
380
480
1784
3364
4260
5296
4852
5260
5156
4452
3816
2052
928
460
-692
-976
-1524
-1488
-92
488
788
2332
3636
4628
5436
4920
5408
4924
4400
3544
1636
724
288
-772
-1152
-1760
-1116
-40
652
1076
2676
3680
4888
5272
4952
5384
4732
4244
2920
1232
800
160
-912
-1236
-1844
-720
216
628
1472
3248
3888
5080
5132
5072
5312
4672
3872
2600
904
428
-212
-944
-1448
-1676
-348
336
640
1900
3572
4312
5340
4944
5492
5156
4556
3696
2288
852
564
-516
-964
-1588
-1344
-112
448
740
2380
3620
4524
5396
5004
5524
4836
4276
3292
1628
680
248
-872
-1284
-1876
-908
-68
612
1256
2844
3820
4892
5064
5172
5252
4604
3968
2740
1260
644
-116
-872
-1300
-1920
-552
152
592
1512
3144
4056
5356
4980
5304
5308
4644
4008
2536
996
588
-456
-908
-1544
-1676
-192
248
740
2036
3448
4432
5268
4960
5428
4968
4436
3608
1908
888
368
-576
-1040
-1816
-1296
-156
372
1020
2240
3560
4476
5204
4840
5308
4800
4332
3248
1536
700
232
-852
-1176
-1836
-1036
88
712
1000
2824
3844
4924
5292
5072
5248
4760
4136
2784
1112
660
-152
-936
-1268
-1748
-492
360
588
1596
3308
4104
5308
5012
5360
5208
4556
3984
2388
824
596
-568
-1012
-1544
-1628
-204
216
596
2152
3516
4412
5236
4824
5424
4832
4440
3636
1812
792
364
-792
-968
-1848
-1320
-104
444
888
2372
3788
4680
5320
4872
5436
4768
4368
3244
1288
672
172
-872
-1184
-1760
-708
116
532
1320
3056
3896
5068
5156
5264
5312
4652
4040
2708
1164
628
-272
-832
-1300
-1688
-512
96
724
1624
3180
4240
5024
4992
5296
4972
4580
3768
2236
840
400
-480
-1100
-1736
-1540
-264
316
892
2060
3328
4416
5340
4928
5464
4908
4552
3612
1804
912
344
-744
-952
-1964
-1188
52
496
1040
2624
3820
4892
5108
4948
5520
4836
4372
3016
1396
824
-12
-896
-1344
-1808
-720
20
652
1476
2980
3948
4956
5120
5248
5152
4764
3888
2536
980
468
-164
-872
-1504
-1684
-564
192
676
1740
3380
4160
5272
5024
5220
5088
4532
3868
2168
848
608
-652
-1000
-1648
-1540
-220
464
908
2220
3552
4524
5212
4896
5436
4844
4360
3384
1628
812
248
-736
-1140
-1792
-1000
60
540
1104
2732
3700
4848
5200
4896
5336
4760
4256
3044
1292
660
48
-872
-1376
-1740
-508
184
636
1420
3148
4008
5048
4968
5028
5244
4548
4000
2496
800
448
-252
-1088
-1516
-1580
-332
352
668
1948
3348
4304
5260
4908
5320
4980
4488
3944
1996
760
508
-616
-876
-1708
-1408
-36
408
860
2588
3656
4760
5216
4892
5536
4804
4416
3392
1564
836
228
-836
-1088
-1784
-928
52
636
1108
2884
3796
4976
5192
5056
5244
4624
4092
2884
1040
620
-40
-1020
-1324
-1724
-452
316
748
1616
3344
3988
5240
4996
5368
5280
4664
4016
2412
904
608
-388
-1044
-1520
-1616
-364
336
912
2104
3572
4352
5404
4780
5460
5112
4524
3532
1944
812
420
-624
-1016
-1684
-1236
84
336
944
2600
3740
4848
5196
4880
5396
4716
4352
3100
1292
772
16
-872
-1220
-1916
-772
172
512
1416
2988
3908
5104
5072
5156
5260
4680
4068
2736
988
660
-324
-904
-1468
-1772
-484
264
524
1856
3256
4180
5292
4860
5288
5080
4580
3852
2216
952
512
-620
-932
-1652
-1488
-276
344
904
2308
3524
4492
5412
4940
5372
4716
4368
3452
1560
696
388
-876
-1004
-1776
-1324
20
476
1088
2700
3620
4856
5156
4768
5456
4648
4368
3060
1256
748
60
-904
-1136
-1840
-588
136
532
1464
3076
4008
5104
4920
5236
5188
4724
4072
2576
1020
572
-332
-964
-1480
-1712
-472
164
596
1892
3436
4408
5364
4920
5368
5064
4656
3744
2092
792
476
-680
-996
-1756
-1284
-192
428
772
2400
3560
4644
5396
4960
5408
4740
4432
3456
1464
792
248
-832
-1260
-1868
-1064
36
472
1052
2904
3884
4896
5240
5116
5336
4720
4300
2952
1300
624
-196
-996
-1412
-1740
-736
128
656
1448
3172
4052
5176
4972
5180
5128
4556
3952
2312
1008
652
-492
-912
-1560
-1564
-264
308
748
1992
3448
4468
5300
4812
5200
5020
4368
3636
1892
832
468
-728
-1088
-1716
-1388
-152
552
908
2508
3668
4708
5256
4964
5400
4900
4340
3248
1432
804
140
-884
-1136
-1856
-956
140
608
1280
2988
3836
5036
5132
5196
5376
4804
4056
2916
996
648
-84
-868
-1336
-1800
-596
304
652
1684
3352
4084
5288
4840
5200
5324
4752
3984
2280
788
584
-584
-1064
-1640
-1576
-284
440
736
2156
3412
4460
5336
4880
5480
4928
4308
3492
1740
740
412
-864
-1012
-1764
-1176
140
508
964
2796
3736
4692
5416
5032
5400
4732
4152
3252
1292
672
132
-1012
-1168
-1804
-804
292
620
1472
3068
3952
5188
5088
5204
5368
4588
3972
2656
1032
700
-288
-980
-1416
-1840
-436
208
520
1864
3188
4152
5352
4976
5256
5008
4452
3576
2044
768
376
-560
-1084
-1612
-1384
-168
380
788
2380
3604
4400
5224
4932
5448
4844
4448
3352
1704
844
204
-792
-1000
-1780
-1020
64
652
1124
2776
3784
4756
5260
5092
5320
4832
4128
2968
1180
780
-12
-1060
-1256
-1772
-740
232
620
1364
3216
3956
5048
5132
5220
5132
4644
3820
2428
980
676
-380
-1092
-1592
-1632
-392
308
568
2028
3448
4252
5312
5068
5376
5216
4524
3604
2084
820
544
-668
-1008
-1696
-1484
-84
428
912
2492
3688
4676
5432
4896
5596
4908
4528
3476
1544
740
148
-844
-1028
-1924
-876
-40
564
1200
2760
3880
4932
5100
5076
5220
4668
4116
2816
1132
624
-144
-944
-1384
-1852
-548
272
708
1596
3188
4112
5240
4952
5244
5232
4532
3824
2244
836
608
-568
-1040
-1524
-1700
-216
328
820
2280
3528
4464
5288
4972
5512
4972
4496
3816
1932
800
436
-804
-1052
-1688
-1272
-28
516
1004
2600
3640
4640
5252
5024
5320
4620
4284
3268
1352
804
128
-1028
-1244
-1776
-628
192
540
1324
3024
4012
5036
5020
5196
5316
4540
3928
2772
1120
612
-256
-988
-1340
-1664
-520
220
656
1716
3364
4256
5296
4984
5380
5156
4544
3820
2208
888
576
-628
-976
-1708
-1584
-204
352
856
2424
3484
4496
5432
4840
5544
4880
4508
3572
1636
668
252
-800
-884
-1800
-1164
-16
532
956
2700
3708
4784
5152
4908
5424
4600
4084
3056
1200
752
-28
-956
-1268
-1940
-720
136
604
1436
3144
3952
5180
5048
5244
5344
4576
3948
2540
924
644
-460
-860
-1544
-1804
-384
432
660
2016
3396
4384
5448
4864
5464
4932
4452
3700
1940
900
600
-632
-872
-1756
-1404
56
352
752
2440
3584
4652
5176
4820
5328
4720
4360
3364
1432
720
232
-788
-1084
-1792
-964
160
480
1152
2816
3708
5052
5240
5004
5380
4488
4172
2976
1220
688
-152
-912
-1196
-1752
-492
208
544
1660
3192
4072
5412
4976
5240
5320
4644
3936
2496
876
780
-436
-972
-1484
-1720
-200
328
800
2072
3464
4412
5296
4868
5272
4944
4340
3472
1764
744
464
-620
-1060
-1692
-1304
-136
444
928
2556
3840
4700
5276
4928
5384
4836
4280
3180
1428
712
68
-1088
-1212
-1788
-940
108
664
1372
3056
4004
5064
5136
5172
5264
4776
4188
2712
1224
748
-320
-964
-1620
-1784
-372
268
660
1872
3248
4092
5308
4840
5284
5024
4472
3832
2168
764
548
-360
-1004
-1548
-1584
-232
288
676
2228
3552
4460
5300
4960
5340
4928
4432
3424
1688
780
336
-648
-924
-1640
-1240
0
548
1100
2816
3804
4760
5232
5036
5256
4668
4264
3092
1308
572
52
-848
-1304
-1804
-572
156
676
1420
3096
4044
5136
5036
5204
5312
4676
4120
2588
1100
616
-264
-896
-1500
-1704
-476
216
644
1836
3272
4240
5288
4852
5396
5012
4472
3652
2008
876
468
-692
-1024
-1572
-1300
-76
540
864
2408
3668
4700
5340
4980
5432
4900
4444
3340
1504
720
100
-704
-1128
-1968
-992
-68
540
1076
2788
3928
4912
5220
5016
5252
4748
4172
2820
1180
668
44
-788
-1348
-1756
-608
296
604
1348
3080
4028
5144
4992
5272
5264
4612
3916
2356
996
676
-404
-880
-1456
-1632
-252
244
692
2056
3264
4260
5224
4776
5388
4732
4372
3644
1896
780
508
-640
-1032
-1728
-1228
36
544
1048
2668
3516
4724
5412
4900
5400
4788
4216
3272
1352
704
116
-972
-1140
-1880
-1000
108
560
1192
3048
3936
5080
5088
5160
5340
4748
4180
2780
1120
636
-308
-1036
-1544
-1808
-396
140
524
1660
3180
3952
5224
4880
5264
5160
4644
3836
2252
856
484
-608
-1048
-1560
-1372
-216
464
912
2224
3624
4576
5264
4960
5456
4864
4532
3504
1788
736
316
-652
-1092
-1712
-1136
-12
736
928
2724
3820
4824
5264
5036
5356
4848
4220
3008
1388
744
64
-1112
-1192
-1860
-872
64
612
1276
3000
4016
5124
5052
5092
5204
4404
3920
2708
952
776
-284
-760
-1356
-1676
-396
280
620
2012
3232
4196
5232
4952
5360
4916
4580
3756
2008
712
400
-608
-928
-1728
-1480
-208
472
1004
2376
3688
4668
5332
4988
5408
4764
4376
3340
1592
716
284
-948
-1136
-1788
-996
40
524
1080
2744
3928
4940
5132
5024
5372
4748
4176
2916
1164
648
-180
-960
-1396
-1772
-552
48
596
1572
3180
4188
5192
5088
5344
5264
4664
4084
2400
1012
572
-428
-924
-1448
-1700
-360
188
796
2004
3472
4364
5308
4912
5328
4992
4536
3628
2060
908
432
-648
-1136
-1676
-1316
-12
540
876
2524
3624
4616
5280
5016
5448
4856
4416
3232
1564
660
144
-824
-1184
-1824
-952
-40
608
1092
3020
3800
4912
5048
5068
5308
4660
4012
2912
1032
608
-80
-972
-1352
-1776
-492
344
656
1620
3408
4172
5344
5128
5296
5232
4540
3920
2332
896
632
-588
-1032
-1608
-1608
-200
432
900
2412
3596
4416
5276
4860
5500
4884
4352
3604
1736
764
252
-948
-1232
-1856
-1304
-160
332
968
2652
3708
4720
5208
5036
5476
4780
4332
3236
1460
724
172
-948
-1280
-1644
-708
36
676
1396
3124
3928
5004
5124
5068
5324
4676
4068
2812
1052
620
-68
-976
-1512
-1684
-360
336
780
1748
3392
4220
5384
4984
5264
5104
4552
3788
2176
844
476
-704
-1040
-1676
-1472
-176
352
840
2324
3668
4516
5352
4992
5404
4840
4376
3400
1728
688
296
-812
-1032
-1772
-1140
-116
460
1052
2660
3652
4864
5216
5008
5400
4596
4304
3000
1292
860
-24
-860
-1344
-1780
-644
180
720
1440
3060
4068
5200
5164
5308
5364
4604
3952
2428
884
584
-216
-992
-1556
-1576
-452
460
644
1940
3388
4276
5288
4872
5208
5052
4408
3672
1972
844
452
-752
-1004
-1724
-1364
-80
428
976
2364
3616
4672
5264
4832
5464
4764
4304
3296
1508
672
132
-824
-1036
-1780
-1024
48
712
1208
2912
3860
4968
5256
5124
5372
4748
4180
2960
1108
640
-32
-948
-1344
-1696
-572
176
668
1612
3152
4064
5352
4952
5244
5204
4600
3812
2432
904
464
-440
-908
-1624
-1628
-484
380
728
1996
3496
4360
5340
4952
5248
4748
4364
3644
1872
872
424
-692
-932
-1708
-1372
140
500
1076
2568
3604
4804
5248
4988
5428
4716
4304
3104
1408
980
140
-832
-1172
-1936
-716
188
576
1420
2912
4020
5092
5092
5144
5428
4680
4040
2672
1080
748
-376
-868
-1444
-1816
-424
176
640
1684
3368
4280
5196
5024
5420
5076
4636
3736
2168
880
428
-664
-968
-1688
-1632
-212
424
716
2168
3576
4364
5440
5036
5452
4992
4408
3496
1800
784
356
-776
-1020
-1824
-1120
20
496
1068
2744
3692
4980
5220
5096
5484
4704
4288
3124
1336
776
28
-888
-1156
-1812
-780
92
520
1420
3068
3992
5036
5076
5228
5224
4440
4064
2588
884
572
-212
-888
-1416
-1780
-492
316
628
1768
3300
4244
5316
4800
5436
5220
4660
3836
1996
976
444
-632
-852
-1856
-1424
-8
304
972
2320
3572
4576
5156
4864
5392
4860
4528
3372
1716
880
228
-688
-1112
-1584
-776
100
660
1204
2748
3904
4820
5140
5032
5436
4560
4116
3096
1112
500
-20
-980
-1400
-1728
-740
164
612
1508
3128
4016
5124
4992
5020
5320
4596
3888
2560
864
672
-288
-836
-1360
-1612
-224
432
780
2088
3428
4328
5360
4888
5456
4952
4496
3672
1916
964
592
-768
-1036
-1768
-1384
-152
304
932
2544
3600
4680
5328
5076
5432
4776
4364
3340
1596
888
132
-980
-1140
-1988
-1060
-112
524
1156
2852
3752
4952
5308
5208
5436
4704
4176
3048
1140
640
-8
-920
-1280
-1812
-580
292
552
1540
3320
4160
5284
4952
5268
5232
4564
3860
2296
984
632
-436
-892
-1580
-1516
-204
324
868
2124
3456
4348
5240
4884
5372
4940
4304
3552
1764
740
404
-760
-1116
-1712
-1200
-136
476
920
2656
3608
4744
5248
5024
5328
4728
4292
3152
1368
828
124
-760
-1240
-1788
-800
100
724
1240
2768
3892
5016
4960
5080
5288
4708
4064
2768
1144
688
-128
-856
-1316
-1620
-316
336
776
1884
3236
4304
5348
4952
5272
5056
4532
3680
2232
832
304
-780
-976
-1736
-1528
-280
388
752
2228
3492
4568
5320
5048
5488
5032
4364
3572
1720
724
224
-820
-1244
-1940
-1260
-128
516
976
2488
3672
4824
5140
5160
5464
4860
4340
3088
1284
752
8
-868
-1216
-1796
-860
204
588
1260
3064
3988
5088
5060
5176
5332
4656
4004
2756
1064
668
-340
-1020
-1408
-1640
-368
292
780
1832
3288
4172
5224
4880
5224
4976
4500
3688
2060
1004
540
-652
-1164
-1576
-1412
-136
372
656
2268
3520
4500
5424
4880
5416
4992
4484
3540
1692
820
324
-836
-1052
-1820
-1180
76
468
876
2572
3772
4896
5252
4952
5572
4780
4244
3080
1380
768
8
-968
-1220
-1824
-640
48
592
1408
3168
4000
5176
5016
5176
5140
4416
3960
2520
928
588
-432
-988
-1556
-1780
-380
312
604
1880
3392
4188
5416
4936
5348
4980
4420
3720
2104
804
540
-608
-1044
-1684
-1512
-180
524
780
2260
3568
4600
5384
4932
5604
4828
4496
3488
1660
804
248
-772
-1136
-1936
-1176
40
548
1172
2896
3756
4852
5172
4948
5424
4720
4152
2972
1300
768
4
-828
-1176
-1964
-688
240
572
1424
3072
4028
5060
4860
5248
5168
4408
4012
2488
1032
644
-456
-932
-1544
-1676
-336
444
856
2024
3368
4380
5416
5060
5412
5096
4516
3692
2148
764
504
-672
-1172
-1696
-1540
-188
492
792
2456
3612
4552
5380
4904
5528
4860
4312
3504
1500
800
264
-860
-1208
-1764
-1220
-36
484
1152
2840
3712
4896
4996
4984
5344
4504
4172
3012
1136
656
-104
-920
-1384
-1756
-556
228
684
1652
3168
4120
5260
5016
5388
5344
4688
3892
2464
940
592
-424
-944
-1736
-1644
-224
428
752
2116
3544
4492
5340
4992
5480
5104
4508
3720
2108
928
568
-640
-1032
-1648
-1380
-68
448
748
2404
3432
4416
5248
4884
5404
4996
4256
3336
1520
764
160
-916
-1128
-1816
-1044
76
572
1280
2848
3828
4960
5212
4980
5312
4644
4128
2876
1192
712
-36
-924
-1280
-1836
-620
176
676
1520
3320
4156
5244
5108
5380
5180
4760
3848
2460
1076
508
-208
-920
-1424
-1624
-360
348
756
1904
3532
4336
5308
4908
5268
4872
4284
3524
2004
676
416
-664
-1024
-1752
-1436
-104
568
840
2408
3656
4712
5440
5052
5608
4820
4352
3264
1384
624
228
-1012
-1184
-1924
-1036
152
420
1160
2864
3836
5092
5248
5236
5464
4644
4256
2940
1072
792
-100
-840
-1332
-1916
-492
268
572
1632
3052
4216
5256
4952
5236
5216
4584
3852
2340
1000
592
-448
-916
-1608
-1664
-348
192
616
2068
3380
4348
5272
4840
5428
5000
4456
3680
1868
764
368
-632
-1044
-1756
-1432
-76
496
796
2376
3684
4580
5284
4896
5468
4848
4336
3312
1540
724
148
-768
-1076
-1820
-872
160
564
1140
3072
3884
5060
5116
5084
5308
4628
4208
2912
1012
564
-160
-908
-1348
-1884
-568
208
604
1548
3152
4052
5108
4884
5156
5176
4556
3952
2352
804
684
-404
-932
-1644
-1468
-236
440
884
1912
3424
4408
5324
4956
5336
4904
4564
3596
1960
788
368
-628
-1012
-1696
-1220
-196
480
972
2512
3776
4612
5308
5004
5432
4880
4372
3316
1600
756
216
-740
-1092
-1784
-920
36
540
1160
2932
3752
4924
5120
5116
5384
4712
4168
2724
1116
656
-132
-860
-1404
-1852
-504
152
628
1648
3132
4120
5144
4956
5164
5228
4636
3884
2448
912
692
-356
-992
-1560
-1652
-272
288
792
2224
3496
4468
5404
5024
5508
4936
4460
3752
2068
972
480
-708
-1056
-1816
-1160
-100
392
864
2440
3456
4608
5164
4848
5296
4732
4200
3276
1460
696
216
-736
-1116
-1896
-924
68
608
1144
2860
3904
4996
5140
5104
5352
4736
4092
2860
1184
704
-220
-956
-1352
-1856
-496
288
688
1708
3212
4020
5244
4968
5268
5344
4668
4012
2428
860
716
-232
-948
-1516
-1588
-384
408
868
1904
3408
4468
5408
4928
5328
5036
4548
3592
2016
648
420
-672
-1140
-1756
-1224
-200
564
952
2420
3612
4588
5300
4992
5396
4900
4304
3136
1580
660
324
-832
-1208
-1904
-1044
-12
528
1068
3024
3896
4852
5236
5104
5316
4808
4208
2868
1196
584
-36
-776
-1316
-1712
-608
288
764
1584
3156
4120
5088
5136
5264
5100
4600
3912
2488
864
476
-340
-948
-1556
-1616
-392
340
808
1972
3508
4352
5188
4860
5348
4972
4516
3548
1908
864
412
-700
-1088
-1716
-1440
-60
404
944
2624
3644
4640
5388
5120
5468
4696
4368
3340
1516
888
96
-904
-1124
-1832
-836
76
584
1324
2908
3824
4904
5188
5100
5296
4628
4276
2920
1204
836
-72
-852
-1160
-1856
-572
304
604
1608
3140
4104
5128
4796
5092
5112
4492
3872
2308
856
596
-436
-948
-1604
-1616
-280
236
708
1940
3396
4412
5380
4896
5404
4896
4436
3704
1876
632
428
-704
-1032
-1724
-1248
-44
384
944
2480
3648
4832
5252
4888
5384
4788
4388
3384
1696
800
220
-704
-1116
-1804
-928
132
748
1152
2876
3816
4856
5232
5128
5276
4696
4148
2908
1132
608
-144
-920
-1420
-1720
-556
224
684
1384
3232
4092
5064
4980
5168
5192
4592
3888
2392
920
584
-432
-1040
-1680
-1692
-320
400
812
1908
3396
4336
5352
4920
5496
5028
4500
3568
2096
860
368
-608
-1008
-1648
-1164
-196
596
824
2424
3780
4544
5380
4944
5480
4988
4396
3288
1468
600
264
-780
-1180
-1816
-880
92
664
1016
2852
3972
5000
5088
5076
5296
4624
4016
2800
1156
652
-84
-1020
-1384
-1828
-608
152
480
1496
3304
4048
5208
5088
5288
5388
4636
4052
2440
1072
640
-428
-828
-1504
-1628
-268
292
676
1968
3536
4420
5292
5044
5356
4932
4460
3596
1956
952
496
-596
-972
-1700
-1200
-32
472
984
2648
3772
4688
5280
4860
5472
4808
4240
3156
1520
636
172
-968
-1212
-1976
-1024
28
704
1272
2892
3912
5032
5176
5116
5396
4836
4204
2808
1136
760
-156
-988
-1412
-1856
-652
80
732
1748
3224
4124
5232
4964
5248
5252
4612
3896
2468
976
672
-388
-940
-1528
-1528
-168
428
800
2096
3688
4288
5284
4912
5412
4996
4464
3656
1832
688
396
-728
-1080
-1756
-1412
-148
400
836
2568
3676
4680
5308
4956
5344
4740
4328
3240
1444
724
108
-904
-1192
-1820
-944
76
676
1212
2884
3908
4952
5276
5116
5396
4684
4108
2896
1152
540
-68
-924
-1408
-1752
-572
208
696
1580
3200
4100
5244
5092
5304
5124
4616
3760
2352
1040
488
-436
-956
-1528
-1688
-396
324
684
2004
3512
4324
5300
5052
5540
5048
4492
3512
1932
812
460
-676
-1088
-1780
-1192
-100
660
996
2556
3852
4616
5288
5028
5332
4916
4292
3168
1700
620
84
-708
-1312
-1792
-848
96
568
1124
3016
4040
4944
5220
5184
5368
4772
3996
2712
1248
708
-120
-796
-1408
-1780
-512
156
692
1600
3284
4000
4872
5060
5244
5116
4556
3744
2332
976
536
-512
-1196
-1556
-1560
-360
352
836
1960
3448
4320
5448
5096
5500
5004
4440
3572
1904
812
340
-624
-980
-1824
-1328
-56
464
948
2508
3764
4748
5320
5104
5436
4840
4356
3336
1596
704
48
-800
-1192
-1796
-1004
72
660
1088
3036
3936
4848
5260
4928
5308
4632
3984
2832
1128
736
-112
-896
-1344
-1916
-472
220
672
1612
3212
3976
5160
5060
5456
5176
4624
3796
2212
844
568
-484
-748
-1560
-1588
-348
356
816
1992
3540
4532
5288
4880
5480
4968
4484
3648
1756
868
444
-804
-1044
-1848
-1220
-96
532
1044
2452
3788
4776
5360
4996
5240
4880
4304
3192
1468
724
180
-748
-1240
-1732
-1016
-48
608
1092
2980
3968
4868
5216
5088
5360
4716
4052
2900
1148
476
-88
-820
-1424
-1772
-604
244
800
1624
3180
4060
5196
5156
5240
5124
4556
3796
2444
828
504
-344
-944
-1520
-1412
-244
500
804
1988
3544
4328
5204
4888
5460
5076
4444
3404
1924
764
344
-592
-1048
-1840
-1164
-92
572
892
2576
3768
4660
5192
5004
5404
4804
4312
3072
1552
700
80
-868
-1216
-1788
-824
116
668
1208
2912
3996
5024
5212
5176
5244
4688
4128
2756
1056
592
-76
-912
-1192
-1656
-496
308
732
1696
3328
4296
5248
4960
5276
5236
4560
3744
2316
956
548
-420
-1048
-1500
-1488
-180
372
604
2204
3568
4284
5280
4996
5212
4912
4460
3396
1804
780
320
-768
-1056
-1808
-1256
-156
584
876
2500
3788
4736
5168
5016
5340
4760
4312
3108
1292
648
108
-804
-1232
-1900
-900
132
576
1372
2984
3924
5104
5216
5048
5212
4584
4136
2876
1172
680
-120
-888
-1332
-1720
-456
128
712
1672
3340
4180
5120
5056
5164
5032
4644
3732
2236
896
404
-536
-1140
-1564
-1528
-340
492
760
2044
3564
4540
5480
4980
5376
4928
4424
3556
1740
708
260
-728
-1048
-1780
-1248
-8
576
940
2592
3668
4692
5384
4964
5436
4912
4236
3256
1444
796
148
-848
-1240
-1824
-748
180
564
1492
2976
3948
5220
5272
5124
5252
4552
3968
2680
952
572
-296
-956
-1464
-1748
-532
212
752
1784
3328
4248
5216
4864
5328
5164
4504
3852
2120
920
520
-496
-936
-1772
-1592
-104
256
792
2228
3516
4620
5332
4992
5464
4896
4608
3620
1696
940
388
-700
-1088
-1900
-1016
88
556
1148
2560
3804
4844
5156
5040
5380
4704
4356
3132
1240
864
4
-836
-1152
-1828
-716
184
708
1420
3028
4064
5084
4984
5160
5216
4524
4152
2640
976
636
-336
-1020
-1656
-1740
-496
344
628
1720
3260
4340
5184
4944
5328
5004
4640
3920
2136
1000
584
-532
-944
-1652
-1504
-204
396
712
2160
3580
4572
5396
5012
5408
4892
4564
3504
1736
744
200
-780
-1180
-1912
-1076
-96
492
1164
2780
3644
4852
5176
4948
5412
4540
4264
3072
1116
660
-112
-1056
-1236
-1936
-748
96
620
1412
2900
3928
5164
4984
5256
5268
4592
4192
2688
1072
760
-352
-820
-1516
-1780
-380
128
604
1872
3300
4388
5276
5040
5324
5036
4612
3860
2144
996
488
-412
-944
-1588
-1368
-68
572
1052
2372
3596
4588
5340
5020
5392
4836
4372
3460
1644
748
312
-804
-1116
-1820
-1112
-84
596
1072
2728
3796
4840
5176
5064
5488
4776
4272
3060
1196
744
8
-948
-1152
-1900
-800
44
564
1500
3108
4016
5212
5020
5216
5308
4656
4252
2592
1028
748
-388
-904
-1404
-1624
-240
320
556
1812
3408
4232
5340
4820
5476
5016
4544
3796
1940
872
476
-696
-816
-1620
-1500
-140
460
864
2380
3524
4580
5372
4876
5500
4752
4584
3420
1480
768
68
-968
-1056
-1920
-1072
8
436
1160
2648
3676
4964
5156
5080
5420
4780
4336
2968
1212
772
20
-800
-1212
-1804
-652
68
624
1488
2920
4048
5092
5044
5180
5204
4564
3984
2396
980
716
-328
-764
-1548
-1772
-496
320
828
1832
3428
4396
5216
4852
5248
5004
4488
3576
1980
740
296
-624
-1112
-1844
-1416
-140
508
900
2364
3596
4692
5316
4952
5580
4800
4372
3440
1480
904
288
-828
-1012
-1936
-1060
244
484
1180
2900
3772
4836
5128
5100
5416
4520
4252
2936
1116
940
-132
-876
-1196
-1968
-552
96
664
1628
3172
4040
5252
5124
5308
5140
4612
3976
2484
1040
584
-452
-1044
-1544
-1704
-336
288
696
1876
3380
4236
5208
4796
5364
5036
4400
3756
1820
804
460
-772
-872
-1716
-1304
-52
388
796
2488
3568
4676
5272
4976
5560
4836
4448
3332
1460
868
284
-944
-1176
-1980
-896
92
536
1276
2888
3768
5056
5124
5028
5352
4796
4368
2904
1188
700
-144
-856
-1244
-1900
-520
76
680
1724
3048
3980
5276
5072
5172
4948
4600
3936
2260
964
724
-296
-888
-1700
-1640
-224
280
804
1908
3424
4320
5180
5016
5416
4924
4528
3664
2060
880
376
-664
-976
-1760
-1408
-84
448
940
2420
3616
4656
5280
4964
5588
4800
4556
3452
1584
904
252
-780
-1120
-1804
-952
-20
508
1084
2656
3764
4888
5156
5024
5288
4604
4276
2708
1144
676
-104
-904
-1420
-1880
-416
112
608
1552
3136
4088
5164
5008
5320
5120
4532
4048
2376
1076
640
-512
-888
-1588
-1548
-312
292
904
2044
3348
4516
5336
4992
5508
5008
4592
3644
2084
944
324
-600
-924
-1836
-1376
-28
532
972
2532
3680
4668
5344
4996
5276
4712
4260
3312
1516
752
108
-744
-1108
-1760
-1084
-12
520
1000
2752
3884
4848
5212
5060
5440
4696
4220
2908
1196
612
0
-928
-1436
-1640
-644
188
708
1512
3216
3960
5164
5224
5304
5268
4560
3864
2480
1068
488
-344
-1048
-1488
-1536
-400
332
576
1880
3476
4412
5276
4980
5376
5016
4308
3700
2000
860
432
-640
-1004
-1728
-1404
-224
540
968
2356
3632
4700
5288
4952
5480
4792
4228
3260
1440
812
248
-804
-1104
-1916
-940
12
584
1192
2868
3884
4776
5168
5280
5316
4720
4260
3008
1368
768
84
-808
-1436
-1704
-516
236
652
1516
3016
3880
5120
4984
5252
5264
4668
3964
2396
964
540
-388
-996
-1564
-1668
-288
300
840
1976
3480
4244
5256
4972
5368
4980
4472
3712
1836
760
424
-580
-900
-1780
-1288
-20
400
948
2424
3700
4708
5120
5088
5540
4796
4536
3432
1588
888
308
-736
-1188
-1820
-920
76
620
1204
2808
3892
4904
5132
5092
5472
4732
4308
2932
1144
668
4
-960
-1316
-1860
-652
192
648
1492
3048
4100
5268
5040
5260
5116
4644
3864
2368
920
636
-436
-832
-1552
-1696
-424
292
752
1916
3380
4568
5320
5080
5520
4880
4572
3712
1848
864
428
-576
-948
-1784
-1272
-84
408
1040
2472
3620
4608
5328
5040
5396
4828
4452
3240
1596
844
200
-816
-1104
-1872
-936
180
604
1140
2776
3728
4900
5076
4996
5316
4608
4180
2792
1172
644
-344
-944
-1424
-1912
-648
92
536
1592
3108
3996
5148
4988
5260
5068
4528
3992
2484
912
536
-464
-928
-1432
-1692
-252
296
764
1908
3364
4540
5236
4928
5432
4920
4528
3548
1904
848
312
-468
-920
-1672
-1276
-164
372
868
2356
3632
4620
5284
4928
5372
4744
4316
3380
1636
708
196
-936
-1140
-1828
-988
28
572
1080
2796
3932
4860
5276
5060
5192
4688
4080
2856
1256
688
-100
-1052
-1364
-1660
-568
212
680
1540
3116
4068
5160
5068
5176
5156
4668
3900
2512
976
628
-224
-820
-1436
-1664
-348
468
772
1896
3496
4304
5312
4884
5364
5048
4480
3680
1984
836
532
-620
-1000
-1724
-1336
-68
400
880
2356
3680
4576
5112
4908
5392
4732
4392
3216
1552
812
152
-888
-1120
-1840
-1016
-28
472
1172
2904
3808
4976
5204
5184
5444
4712
4396
2968
1308
800
-52
-828
-1184
-1820
-580
144
660
1432
3112
4016
5220
5140
5272
5200
4648
4012
2444
980
660
-348
-780
-1500
-1600
-336
224
752
1820
3292
4232
5244
4916
5356
4896
4520
3732
1896
840
512
-600
-1080
-1680
-1116
-108
420
968
2464
3580
4704
5332
5032
5400
4796
4468
3408
1528
784
276
-748
-1132
-1816
-1024
-16
628
1184
2776
3876
4948
5256
5152
5320
4708
4348
2964
1340
788
-56
-996
-1440
-1816
-552
264
560
1496
3148
4076
5100
4984
5092
5140
4596
3840
2468
924
600
-284
-896
-1504
-1612
-300
252
700
2060
3340
4392
5372
4852
5480
4896
4412
3704
1944
864
368
-736
-984
-1772
-1356
-124
496
832
2372
3648
4720
5352
5088
5424
4916
4580
3440
1552
792
284
-740
-952
-1864
-1048
0
444
956
2876
3832
4964
5184
5116
5224
4668
4136
2956
1184
832
-92
-776
-1288
-1836
-632
176
568
1444
2988
4144
5040
4912
5124
5044
4588
3980
2408
1000
408
-452
-796
-1480
-1664
-296
272
876
1920
3428
4204
5164
4964
5416
5000
4536
3660
1936
824
288
-768
-1000
-1792
-1336
-132
436
808
2280
3776
4744
5240
4984
5500
4868
4556
3376
1632
804
252
-672
-1264
-1844
-968
-92
552
1096
2688
3852
4752
5060
5116
5296
4604
4144
2988
1212
648
-220
-868
-1384
-1872
-640
268
672
1560
3064
4112
5344
5048
5248
5220
4516
3984
2404
1052
536
-372
-768
-1636
-1572
-200
160
800
1940
3284
4520
5420
4948
5568
4936
4484
3764
1928
876
520
-668
-924
-1740
-1284
-4
404
956
2344
3516
4644
5212
4948
5508
4724
4300
3308
1516
764
176
-908
-1044
-1916
-1024
-60
476
1112
2704
3788
4912
5064
5056
5448
4676
4332
2980
1240
652
-144
-792
-1204
-1792
-528
272
572
1460
3128
4168
5196
5156
5220
5164
4716
4044
2424
932
572
-392
-912
-1524
-1652
-388
204
760
1836
3260
4412
5400
4980
5432
4948
4572
3736
2000
952
424
-676
-936
-1752
-1432
-236
364
888
2212
3548
4600
5180
5020
5320
4836
4588
3340
1572
908
252
-800
-1100
-1884
-804
92
568
1064
2692
3764
4864
5180
5152
5344
4656
4356
2972
1144
756
-80
-848
-1244
-1864
-556
124
584
1508
3032
3988
5108
4944
5480
5280
4632
4096
2508
1040
612
-528
-840
-1544
-1744
-264
220
732
1908
3260
4324
5356
4988
5448
5016
4432
3768
2032
912
444
-580
-948
-1748
-1496
-208
328
876
2368
3776
4600
5340
5044
5564
4908
4520
3432
1680
896
96
-712
-1044
-1976
-912
-20
596
1148
2700
3956
4812
5072
5092
5364
4680
4220
2976
1276
748
-100
-884
-1172
-1700
-620
172
636
1520
3116
3972
5036
5008
5236
5020
4504
4116
2492
816
580
-380
-912
-1608
-1688
-364
320
748
1976
3328
4376
5292
4756
5404
5104
4696
3804
2144
808
336
-484
-924
-1780
-1340
-120
428
800
2328
3820
4564
5268
5076
5448
4944
4384
3408
1804
824
256
-676
-1084
-1792
-892
-8
636
1168
2708
3724
4796
5084
5024
5276
4628
4308
3020
1224
664
-72
-808
-1336
-1736
-504
24
724
1560
3028
4068
5132
5104
5256
5112
4604
3880
2468
984
496
-280
-876
-1692
-1696
-384
292
784
2012
3608
4304
5368
5076
5480
5152
4540
3740
2104
836
372
-632
-1036
-1696
-1408
-292
484
700
2296
3476
4544
5344
4976
5540
4840
4396
3488
1660
704
236
-764
-1076
-1856
-1044
-36
564
956
2648
3772
4788
5192
5128
5296
4724
4036
2952
1264
764
0
-856
-1208
-1752
-480
216
708
1620
3148
4132
5156
5024
5188
5068
4620
4100
2484
1140
636
-416
-860
-1624
-1660
-236
280
700
1940
3320
4420
5200
5028
5492
5052
4540
3768
2016
948
400
-588
-884
-1720
-1432
-168
344
696
2204
3400
4692
5100
4748
5352
4692
4448
3332
1500
900
244
-696
-956
-1864
-948
112
616
1112
2860
3852
4920
5220
5176
5548
4592
4220
2944
1140
720
-164
-960
-1268
-1820
-692
40
656
1496
3148
4176
5224
5056
5348
5284
4672
4164
2568
1124
628
-424
-796
-1672
-1804
-472
164
768
1876
3328
4292
5180
4852
5404
4988
4496
3784
1948
848
520
-584
-860
-1648
-1412
-36
356
896
2336
3648
4572
5200
4888
5512
4712
4408
3364
1584
772
152
-948
-1112
-1784
-924
80
624
1080
2824
3980
4944
5196
5264
5304
4776
4288
2968
1088
796
-124
-944
-1412
-1920
-612
76
696
1340
3120
4068
5080
4968
5396
5120
4636
3956
2500
1008
572
-408
-948
-1620
-1696
-348
244
736
1884
3396
4104
5272
4940
5272
4992
4488
3612
1944
836
580
-568
-812
-1712
-1380
-64
608
940
2516
3688
4676
5212
5004
5604
4840
4316
3332
1740
800
244
-960
-1080
-1844
-1064
-64
672
1056
2692
3848
4948
5280
5216
5352
4756
4280
2936
1280
676
-116
-760
-1332
-1932
-552
-12
672
1444
2924
4088
5068
4964
5272
5100
4680
4100
2532
1084
640
-312
-856
-1532
-1740
-280
236
856
1852
3352
4304
5168
4816
5472
4980
4656
3752
2108
932
376
-596
-896
-1708
-1316
-68
348
924
2400
3744
4568
5212
4956
5308
4788
4328
3320
1620
696
144
-788
-1032
-1904
-1008
84
560
1124
2660
3776
4832
5272
5140
5240
4700
4220
2812
1204
704
-68
-928
-1296
-1872
-696
12
648
1388
3036
4060
5132
5100
5260
5324
4764
4068
2624
1056
676
-344
-912
-1360
-1604
-368
304
700
1828
3284
4128
5260
5036
5280
5024
4624
3812
1964
880
544
-612
-908
-1608
-1292
-96
368
796
2220
3472
4588
5300
5036
5400
4884
4412
3424
1684
624
100
-760
-1264
-1956
-1084
-84
432
932
2748
3876
4780
5224
5128
5516
4848
4216
3104
1420
788
60
-752
-1216
-1752
-620
208
592
1400
3104
3968
5048
5056
5152
5204
4764
4096
2756
1056
700
-84
-1028
-1432
-1740
-448
256
676
1716
3304
4120
5352
4884
5176
4940
4568
3748
2100
796
552
-632
-976
-1696
-1516
-180
368
824
2236
3580
4424
5192
5048
5440
4832
4480
3548
1844
828
316
-620
-1052
-1860
-976
-24
496
1104
2684
3752
4824
5272
5120
5292
4700
4380
3172
1364
792
160
-880
-1240
-1788
-712
112
528
1408
3072
4048
5064
5136
5144
5144
4748
4032
2500
976
652
-356
-908
-1536
-1712
-420
208
672
1696
3276
4208
5232
5048
5240
5080
4692
3816
2252
888
448
-572
-960
-1684
-1368
-264
412
708
2300
3540
4528
5240
4852
5376
4944
4464
3548
1844
732
304
-632
-1000
-1756
-1172
-4
520
1068
2628
3680
4852
5196
4996
5400
4620
4324
3068
1184
736
-92
-900
-1164
-1968
-768
216
616
1468
2976
4096
5112
5120
5324
5288
4608
4168
2720
1152
628
-240
-856
-1488
-1704
-368
176
540
1896
3264
4236
5208
4956
5460
5084
4688
4000
2092
944
608
-576
-748
-1596
-1536
-172
288
868
2160
3396
4468
5148
4792
5452
4828
4376
3492
1592
912
232
-908
-1028
-1868
-1104
-180
420
1020
2452
3776
4812
5052
5108
5356
4644
4304
3092
1216
716
-88
-988
-1144
-1812
-748
144
628
1288
2788
3876
5044
5036
5316
5388
4704
4188
2740
1108
560
-380
-936
-1508
-1716
-416
80
772
1660
3108
4240
5204
5044
5320
5020
4664
3864
2256
892
400
-448
-960
-1728
-1540
-316
364
780
2088
3560
4604
5308
4872
5360
4796
4496
3584
1700
800
268
-860
-980
-1852
-1164
-80
396
984
2496
3704
4712
5200
4932
5432
4732
4352
3192
1392
760
224
-692
-1168
-1780
-740
68
596
1292
2984
4000
4980
5036
5144
5272
4644
4180
2836
1108
624
-232
-880
-1484
-1784
-588
108
576
1588
3256
4332
5344
4988
5260
5092
4596
3852
2184
932
600
-624
-940
-1584
-1664
-392
248
788
1992
3492
4332
5132
4824
5420
4784
4616
3604
1804
868
364
-696
-1044
-1824
-1044
56
616
1020
2608
3768
4792
5364
5048
5348
4816
4392
3224
1396
660
92
-924
-1164
-1896
-900
-88
684
1296
2864
4044
5224
5072
5192
5252
4644
4236
2752
1188
784
-148
-924
-1636
-1700
-392
60
556
1584
3068
4140
5012
4876
5192
5016
4612
3924
2344
1088
564
-396
-908
-1540
-1624
-300
432
856
2168
3564
4464
5284
4932
5520
4960
4508
3576
1908
788
300
-728
-960
-1736
-1064
-52
520
1088
2428
3648
4728
5380
5040
5420
4820
4380
3364
1508
748
124
-836
-1232
-1944
-860
-88
524
1176
2604
3904
4952
4968
5008
5216
4624
4212
2692
1120
764
-220
-992
-1380
-1780
-424
200
680
1692
3104
4244
5132
4972
5316
5136
4616
3960
2268
988
448
-404
-956
-1616
-1528
-204
216
896
2000
3520
4596
5300
5020
5352
5008
4604
3644
1996
892
292
-644
-1140
-1968
-1324
-152
488
896
2512
3680
4560
5200
5028
5336
4808
4408
3252
1596
648
108
-768
-1144
-1896
-896
20
512
1204
2884
3796
4916
5100
5220
5180
4548
4272
2912
1224
736
-260
-736
-1228
-1780
-524
192
676
1712
3344
4212
5204
4988
5360
5192
4744
3936
2328
888
616
-420
-964
-1532
-1708
-348
332
668
1956
3424
4340
5220
4964
5344
5008
4516
3572
1788
788
412
-716
-1188
-1848
-1328
-4
364
1008
2508
3528
4592
5112
4980
5508
4800
4336
3292
1476
896
204
-712
-1060
-1920
-928
60
528
1164
2728
3916
5016
5132
5216
5304
4752
4332
2832
1248
856
-52
-820
-1404
-1828
-580
64
612
1692
3192
4168
5152
5036
5412
5112
4588
3992
2260
1008
624
-584
-848
-1528
-1672
-224
216
688
2000
3416
4408
5232
4884
5428
4860
4452
3700
1900
992
400
-876
-864
-1820
-1416
64
428
988
2484
3504
4780
5240
4984
5516
4668
4408
3384
1508
984
64
-820
-948
-2008
-904
28
420
1308
2704
3908
4900
4992
5184
5316
4452
4188
2940
1156
728
-152
-856
-1392
-1892
-488
32
548
1680
3108
4060
5216
4948
5340
5000
4580
4060
2304
1016
660
-520
-988
-1656
-1660
-316
248
808
1972
3300
4492
5400
4796
5424
4908
4528
3652
2048
916
364
-648
-876
-1900
-1328
-140
372
908
2348
3576
4736
5268
5008
5524
4768
4372
3248
1532
836
232
-848
-984
-1952
-996
-36
304
1120
2652
3700
4900
4972
4968
5408
4612
4260
2836
1204
724
-240
-836
-1196
-1928
-528
52
668
1608
2908
4124
5108
4972
5264
5112
4700
4020
2312
1160
644
-412
-676
-1612
-1600
-244
244
796
1932
3412
4572
5392
5040
5368
4948
4700
3764
2048
1008
568
-556
-808
-1720
-1424
-108
312
696
2168
3448
4528
5040
5024
5396
4792
4532
3308
1652
736
140
-752
-1024
-1924
-988
-8
620
1180
2680
3792
4952
5212
5048
5328
4608
4328
2872
1180
660
-52
-828
-1316
-1948
-592
132
652
1628
3052
4156
5200
5212
5312
5192
4644
4072
2560
1088
688
-436
-996
-1568
-1784
-240
52
588
1816
3096
4200
5324
4928
5452
4972
4588
3820
2104
1020
384
-652
-900
-1708
-1452
-152
284
852
2164
3484
4320
5124
4992
5440
4756
4356
3408
1596
724
96
-736
-1024
-1848
-1024
56
508
1104
2548
3876
4984
5308
5216
5412
4912
4332
2996
1292
748
-56
-756
-1360
-2040
-880
-32
536
1372
3024
4052
5068
5068
5340
5324
4644
4124
2656
1148
596
-208
-752
-1516
-1772
-400
124
684
1636
3212
4108
5108
4864
5240
4808
4416
3756
2152
836
516
-468
-844
-1676
-1348
-100
420
1008
2232
3600
4628
5232
4912
5432
4796
4492
3484
1736
876
228
-744
-1088
-1820
-1148
-72
480
1188
2604
3808
4800
5288
5120
5400
4760
4348
3136
1584
752
-40
-784
-1368
-1868
-924
-204
600
1272
2868
3924
4808
5044
5132
5172
4840
4144
2760
1208
752
-132
-824
-1328
-1788
-624
108
720
1528
3156
4048
5108
4948
5244
5012
4580
3796
2192
932
680
-424
-732
-1604
-1500
40
348
764
2188
3580
4596
5424
5092
5464
4956
4548
3776
1812
816
340
-796
-976
-1820
-1404
-180
372
800
2436
3620
4544
5240
5076
5540
4724
4408
3312
1516
864
100
-844
-1048
-1872
-876
72
644
1264
2784
3988
4948
4980
5140
5212
4688
4252
2816
1092
756
-128
-856
-1328
-1764
-456
184
668
1660
3188
4124
5268
4936
5308
5176
4644
3888
2408
1052
568
-420
-852
-1700
-1724
-232
288
812
2032
3408
4384
5304
4924
5388
5032
4720
3604
1840
916
540
-544
-1044
-1744
-1412
-184
340
872
2148
3536
4572
5212
4916
5424
4808
4284
3200
1628
732
132
-796
-1140
-1836
-1060
148
496
1064
2948
3908
4884
5156
5072
5436
4728
4148
2932
1300
760
-160
-944
-1276
-1868
-716
128
704
1580
3088
4204
5168
5044
5268
5276
4724
4036
2508
1024
656
-248
-892
-1684
-1636
-416
96
788
1808
3124
4292
5180
4820
5228
5068
4688
3660
1968
860
496
-568
-924
-1848
-1544
-164
344
816
2288
3584
4508
5232
4944
5480
4784
4340
3320
1688
748
192
-684
-1064
-1828
-1136
112
680
1008
2696
3684
5000
5232
5080
5472
4808
4280
3068
1216
660
-56
-968
-1276
-1900
-840
84
552
1236
2976
3876
5108
5076
5188
5508
4580
4000
2660
988
620
-220
-864
-1380
-1796
-460
212
608
1852
3304
4176
5220
4888
5280
5132
4484
3864
2292
972
560
-524
-948
-1600
-1592
-236
408
804
2284
3476
4524
5472
4860
5560
4992
4444
3688
1756
848
308
-904
-920
-1828
-1216
-32
332
1072
2560
3496
4860
5228
5100
5492
4648
4464
3344
1192
952
-16
-888
-1136
-1968
-828
160
444
1160
2832
3916
5080
5008
5052
5280
4568
4104
2832
1100
736
-128
-812
-1348
-1664
-376
180
688
1840
3236
4312
5204
4964
5296
5028
4556
3904
2272
1000
540
-480
-880
-1592
-1580
-296
220
856
2164
3468
4428
5104
4936
5264
4996
4544
3540
1904
908
456
-644
-924
-1804
-1276
-100
372
804
2324
3644
4676
5072
4904
5288
4888
4428
3160
1600
796
136
-848
-1028
-1736
-892
-52
456
1200
2780
3848
5096
5268
5160
5528
4688
4252
2844
1092
796
-216
-856
-1172
-1764
-532
196
572
1604
3152
4004
5204
4984
5204
5208
4524
4016
2456
888
624
-528
-984
-1728
-1676
-268
384
648
1932
3404
4396
5260
4904
5336
5012
4576
3696
1892
848
408
-584
-956
-1696
-1336
16
388
948
2344
3592
4620
5208
5036
5592
4784
4384
3276
1596
924
288
-812
-992
-1968
-904
52
484
1216
2736
3884
4916
5220
5124
5424
4684
4476
3044
1276
784
-52
-868
-1400
-2024
-644
148
524
1520
2996
4044
5240
4924
5184
5252
4496
4004
2500
928
604
-348
-856
-1552
-1784
-532
212
708
1840
3184
4160
5196
4944
5444
5172
4680
3952
2192
1028
592
-528
-764
-1532
-1608
-140
308
732
2340
3528
4624
5492
4916
5476
4892
4400
3572
1740
816
268
-676
-864
-1884
-1084
-88
388
1148
2536
3764
4848
5080
4948
5456
4600
4376
3080
1360
780
-112
-848
-1188
-1920
-684
-56
512
1448
2976
4020
5120
4992
5256
5360
4764
4232
2776
1112
728
-264
-928
-1372
-1824
-408
84
620
1832
3184
4180
5180
4868
5304
5032
4740
3916
2332
988
536
-516
-728
-1664
-1496
-264
356
768
2040
3464
4376
5244
4988
5448
4984
4320
3560
1836
776
228
-800
-904
-1860
-1312
64
372
996
2456
3700
4680
5192
5048
5532
4688
4296
3324
1444
704
176
-912
-1136
-1892
-896
36
612
1312
2852
3940
4948
5176
5340
5384
4536
4340
2920
1212
720
-132
-936
-1208
-1840
-596
76
620
1692
3104
4224
5144
4960
5404
5132
4696
4092
2316
1008
564
-492
-816
-1596
-1708
-228
128
652
1816
3376
4352
5200
4884
5260
4872
4588
3680
2008
852
324
-772
-924
-1864
-1332
-116
388
836
2420
3708
4544
5340
4968
5424
4724
4432
3372
1580
828
268
-664
-884
-1848
-1144
56
600
1084
2640
3668
4940
5308
4940
5460
4748
4276
3096
1332
736
108
-856
-1316
-1752
-652
108
536
1292
2912
4136
5104
5064
5264
5284
4616
3948
2468
1096
620
-352
-904
-1548
-1760
-456
84
696
1728
3172
4232
5244
4944
5288
5176
4716
3800
2284
900
484
-500
-792
-1560
-1428
-264
456
940
2152
3580
4560
5400
4996
5328
4864
4480
3452
1812
820
284
-704
-940
-1924
-1108
4
452
1052
2548
3680
4792
5120
5140
5392
4676
4424
3100
1332
628
-60
-872
-1360
-2108
-736
-24
568
1388
2800
3900
5016
5032
5192
5376
4640
4252
2708
1280
628
-148
-664
-1416
-1884
-452
32
768
1632
3124
4136
5228
4932
5360
5040
4500
3972
2376
1008
628
-548
-892
-1696
-1540
-156
164
820
2036
3432
4476
5240
4948
5408
4824
4548
3548
1832
876
324
-796
-980
-1764
-1348
-196
312
940
2300
3348
4592
5276
4984
5608
4744
4476
3288
1580
792
60
-756
-1120
-1996
-952
32
588
1192
2828
3756
4928
5212
5176
5236
4604
4300
3072
1232
664
-164
-752
-1208
-1776
-604
172
616
1576
2956
4004
5128
4904
5224
5124
4644
4076
2508
1140
600
-348
-784
-1604
-1612
-212
160
780
1852
3340
4200
5136
4864
5292
5064
4440
3692
1900
836
412
-656
-996
-1720
-1400
-172
312
740
2332
3608
4632
5296
5068
5548
4872
4456
3540
1780
832
368
-668
-1016
-1816
-1100
44
488
972
2692
3788
4868
5168
5128
5372
4756
4260
3064
1292
724
52
-836
-1328
-1792
-724
164
540
1368
3048
4004
5016
5012
5136
5212
4648
3992
2688
952
596
-268
-948
-1488
-1792
-488
196
632
1696
3344
4176
5360
4916
5304
5048
4480
3852
2228
916
648
-436
-788
-1792
-1624
-88
232
748
2232
3504
4556
5276
4916
5588
5016
4504
3572
1824
888
428
-836
-1076
-1752
-1180
-140
388
1060
2676
3584
4812
5128
4992
5436
4600
4248
3156
1288
696
24
-792
-1140
-1948
-912
-88
532
1252
2804
3780
4948
5116
5100
5356
4708
4328
2868
1116
680
-148
-744
-1308
-1884
-556
196
612
1592
3192
4176
5092
5108
5396
5204
4704
3952
2332
1112
700
-404
-900
-1588
-1592
-208
280
788
2008
3296
4292
5188
4852
5380
4860
4416
3536
1996
956
360
-696
-984
-1844
-1200
-52
424
852
2388
3716
4644
5212
4964
5316
4824
4420
3252
1484
808
228
-728
-1112
-1792
-868
-32
624
1160
2800
4016
4992
5156
5192
5408
4732
4200
2956
1304
728
108
-888
-1384
-1728
-700
156
604
1468
3096
4032
5140
5032
5296
5232
4564
4120
2368
996
572
-396
-816
-1564
-1600
-348
252
764
1892
3308
4208
5140
4776
5316
4932
4472
3760
1972
900
384
-648
-944
-1784
-1420
-52
284
956
2184
3628
4668
5300
4896
5364
4852
4584
3472
1764
1032
388
-544
-1024
-1820
-992
8
464
1048
2488
3868
4796
5160
5080
5420
4696
4400
3056
1488
784
-56
-804
-1224
-1852
-604
20
660
1504
3024
3952
5076
5052
5220
5164
4552
4056
2460
916
596
-400
-816
-1400
-1856
-336
76
600
1860
3200
4160
5316
4948
5444
5076
4668
3860
2168
992
468
-552
-824
-1656
-1432
-244
244
820
2168
3520
4500
5192
4956
5444
4884
4492
3508
1764
760
192
-844
-920
-1868
-1144
-52
372
1136
2544
3696
4904
5100
5092
5540
4512
4320
3100
1232
752
8
-956
-1256
-2040
-916
132
344
1228
2904
3908
5276
5092
5180
5296
4744
4248
2704
1304
772
-180
-728
-1460
-1816
-460
32
660
1668
3244
4128
5272
5048
5384
5084
4632
3944
2384
1004
500
-420
-880
-1604
-1576
-164
308
852
2168
3420
4556
5268
4812
5352
4844
4336
3492
1708
712
280
-720
-1056
-1960
-1224
-132
320
888
2456
3648
4752
5256
5068
5404
4716
4388
3032
1368
792
152
-808
-1304
-1900
-816
-84
608
1212
2736
3880
4972
5176
5192
5276
4736
4300
3036
1228
760
-104
-820
-1312
-1872
-560
96
660
1620
3188
4104
5172
4992
5252
5100
4636
3948
2352
840
488
-324
-984
-1672
-1640
-264
216
736
1972
3444
4316
5336
4960
5340
4912
4656
3644
1984
772
360
-720
-1012
-1808
-1308
-168
468
864
2252
3616
4548
5132
4900
5340
4860
4452
3300
1696
900
260
-780
-936
-1644
-796
12
472
1112
2588
3840
4908
5108
5060
5288
4712
4300
2964
1368
732
-108
-864
-1276
-1900
-760
108
748
1508
3076
4068
5128
5092
5224
5100
4588
4112
2416
960
504
-460
-936
-1500
-1724
-376
76
644
1824
3304
4340
5244
4952
5440
5144
4668
3592
2160
1084
476
-508
-996
-1748
-1364
-148
328
884
2360
3592
4656
5236
4924
5372
4812
4444
3432
1664
832
268
-760
-1096
-1732
-1056
8
564
1036
2624
3780
4868
5228
5096
5404
4820
4192
2996
1268
700
-136
-1028
-1244
-1772
-828
-60
592
1304
2896
4020
5060
5028
5244
5320
4676
4188
2796
1176
800
-264
-672
-1336
-1772
-412
116
724
1888
3216
4092
5124
4932
5256
4816
4516
3636
2248
988
520
-392
-816
-1536
-1412
-272
404
848
2148
3580
4436
5300
5016
5316
4768
4484
3492
1696
760
292
-744
-1076
-1916
-1324
-4
476
1004
2516
3636
4700
5324
4996
5360
4940
4352
3168
1412
600
184
-852
-1196
-1808
-960
152
636
1240
2896
3928
4976
5172
5236
5480
4764
4216
3016
1232
772
-148
-804
-1360
-1680
-608
220
660
1688
3140
4080
5052
5060
5228
5096
4500
3852
2428
764
432
-448
-948
-1680
-1760
-380
256
700
2132
3376
4360
5376
4880
5416
4912
4456
3720
1848
776
404
-824
-968
-1836
-1348
-36
484
892
2476
3724
4748
5316
5068
5520
4944
4464
3344
1596
772
252
-752
-1060
-1756
-860
-76
488
1032
2660
3808
4936
5208
5156
5228
4660
4164
2944
1348
684
-12
-904
-1408
-1736
-724
184
780
1472
3112
4048
5144
5132
5180
5324
4608
3904
2468
1000
500
-268
-876
-1592
-1616
-364
324
824
1940
3368
4272
5220
5064
5388
5112
4692
3856
2088
944
512
-552
-964
-1764
-1456
-56
440
788
2224
3604
4552
5312
4980
5476
4904
4440
3428
1672
844
168
-816
-1048
-1772
-984
0
564
984
2796
3752
4912
5252
5100
5460
4800
4172
3080
1244
636
40
-952
-1304
-1916
-816
76
444
1372
3004
3864
5096
5048
5052
5272
4676
4144
2736
1184
608
-164
-904
-1588
-1684
-360
320
748
1752
3372
4268
5268
4948
5588
5144
4608
3952
2240
1056
524
-648
-788
-1536
-1548
-220
332
980
2064
3544
4564
5380
4948
5416
4820
4520
3260
1768
720
148
-760
-1088
-1792
-1192
-100
560
992
2512
3712
4836
5156
5112
5372
4596
4252
3096
1360
760
8
-952
-1160
-1840
-780
76
584
1344
2812
3928
4972
5200
5144
5332
4772
4244
2716
1128
780
-144
-768
-1348
-1780
-472
176
704
1680
3148
4196
5104
4972
5160
5120
4676
3984
2360
924
608
-460
-976
-1728
-1572
-264
132
604
1924
3308
4468
5144
4920
5604
5060
4588
3704
1856
808
364
-660
-1000
-1812
-1328
-88
516
1124
2444
3716
4660
5332
5072
5532
4716
4336
3244
1520
696
104
-804
-1148
-1804
-856
116
616
1224
2732
3920
4916
5124
5148
5364
4684
4260
2836
1156
628
-220
-916
-1364
-1832
-644
80
512
1536
3124
4088
5232
4976
5220
5232
4520
3896
2420
1004
544
-468
-960
-1644
-1724
-296
236
752
2128
3432
4300
5260
4960
5376
4884
4608
3704
2068
900
352
-520
-892
-1856
-1292
-208
480
988
2416
3748
4704
5348
5016
5672
4948
4580
3340
1704
740
252
-840
-1272
-1900
-1008
-116
556
960
2568
3888
4844
5132
5116
5328
4824
4200
3068
1160
780
16
-860
-1212
-1920
-788
236
644
1404
3132
3864
5144
5032
5144
5272
4484
4120
2700
1040
780
-364
-828
-1492
-1804
-424
324
764
1912
3296
4332
5340
5016
5572
5044
4548
3968
2156
944
556
-564
-772
-1728
-1528
-228
300
660
2080
3420
4496
5260
4752
5340
4812
4560
3492
1816
972
300
-716
-976
-1792
-1104
-128
368
1284
2632
3780
4772
5104
4924
5300
4592
4272
3100
1352
692
100
-800
-1224
-1948
-672
4
700
1416
2904
4088
5284
5096
5312
5364
4744
4188
2580
1060
684
-252
-796
-1640
-1812
-392
124
632
1636
3272
4180
5120
5096
5488
5044
4808
3860
2180
856
572
-568
-968
-1588
-1492
-220
236
684
2076
3384
4368
5124
4948
5416
4800
4408
3564
1832
820
300
-732
-1008
-1848
-1116
-96
516
980
2508
3756
4872
5288
5080
5464
4828
4436
3196
1472
876
76
-892
-1032
-1924
-864
-56
512
1148
2800
3976
4992
5092
5244
5384
4656
4184
2752
1096
668
-192
-872
-1356
-1896
-480
-44
684
1608
3072
4264
5148
4820
5412
5068
4408
3920
2208
1008
580
-520
-780
-1528
-1728
-164
160
692
2172
3320
4556
5184
5016
5436
4976
4672
3676
1932
868
420
-780
-944
-1788
-1248
-100
576
1028
2432
3656
4636
5304
5016
5460
4872
4484
3232
1572
788
180
-820
-1036
-1868
-892
148
484
1192
2796
3860
4896
5068
5208
5420
4536
4340
2832
1064
752
-288
-828
-1404
-2012
-596
-48
636
1600
2940
4160
5092
5024
5388
5144
4612
4116
2440
1108
788
-332
-796
-1700
-1816
-264
240
724
1964
3288
4324
5196
4876
5512
5032
4548
3728
2056
1040
616
-580
-780
-1648
-1332
12
444
876
2232
3436
4464
5272
4848
5332
4812
4264
3448
1520
836
144
-880
-1100
-1768
-1132
176
520
1220
2588
3632
4884
5148
5076
5348
4600
4376
3000
1348
840
-24
-856
-1088
-1824
-760
116
632
1352
2992
3984
5180
5076
5360
5244
4624
4132
2604
1096
912
-176
-844
-1360
-1748
-404
120
760
1864
3232
4284
5328
4932
5468
5148
4592
3848
2168
896
488
-568
-748
-1756
-1672
-316
364
840
2060
3384
4524
5252
4936
5476
4956
4464
3532
1772
816
392
-620
-860
-1816
-1036
-36
368
1108
2612
3672
4844
5204
5064
5496
4820
4504
3136
1508
848
52
-776
-920
-1896
-804
-16
704
1280
2860
3984
5000
5052
5320
5292
4700
4260
2596
1076
752
-364
-932
-1476
-1952
-548
-36
556
1620
3084
4208
5144
4904
5324
5100
4644
4092
2396
1080
492
-540
-932
-1672
-1696
-284
164
820
1988
3428
4504
5312
4948
5412
4916
4452
3680
2016
896
404
-584
-928
-1676
-1280
-60
488
940
2524
3684
4536
5236
4944
5448
4724
4464
3400
1560
808
220
-760
-1104
-1836
-1164
48
540
1168
2796
3772
4916
5164
5080
5416
4604
4132
2832
1144
744
-108
-956
-1240
-1848
-580
96
664
1628
2936
4032
5144
4992
5364
5224
4780
4200
2516
1108
540
-336
-876
-1556
-1464
-480
228
752
1908
3416
4264
5252
5092
5288
5148
4572
3620
2128
832
368
-632
-1000
-1724
-1364
-216
480
780
2272
3588
4616
5432
5000
5436
4964
4380
3468
1756
800
456
-764
-1160
-2084
-1240
24
452
820
2700
3820
4812
5216
4808
5452
4640
4120
3156
1344
672
140
-964
-1184
-1900
-796
224
604
1340
3024
3976
5180
5096
5184
5400
4676
4204
2848
1088
832
-220
-912
-1256
-1868
-304
192
700
1776
3200
4136
5204
4808
5316
5144
4656
3920
2332
960
380
-624
-884
-1708
-1608
-192
288
776
2112
3332
4396
5280
4968
5500
4868
4592
3660
1664
840
392
-736
-968
-1796
-1124
-44
176
1028
2564
3684
4836
5200
4948
5460
4752
4528
3164
1448
816
128
-836
-1040
-1804
-812
16
580
1368
2904
4008
4776
5260
5092
5148
4752
4228
2812
1204
672
-112
-884
-1388
-1800
-556
100
580
1580
3228
4084
5296
5048
5300
5172
4668
3880
2420
1056
568
-444
-1008
-1696
-1720
-260
292
620
1964
3416
4376
5452
4972
5468
5084
4588
3720
2060
972
416
-576
-836
-1664
-1308
-108
420
852
2484
3572
4596
5160
5104
5464
4868
4300
3304
1676
792
136
-744
-1104
-1760
-992
-16
532
1108
2708
3708
4868
5284
4972
5264
4672
4156
3052
1260
808
-132
-804
-1316
-1976
-692
84
596
1432
2956
4136
5044
5160
5176
5352
4644
4056
2712
1088
636
-220
-916
-1476
-1712
-372
224
692
1784
3224
4244
5184
5016
5416
5020
4568
3748
2244
1096
460
-556
-868
-1640
-1552
-204
372
808
2104
3500
4504
5216
4972
5276
4788
4492
3396
1632
748
184
-752
-1188
-1892
-1160
-52
476
952
2648
3844
4784
5192
5112
5324
4752
4340
3156
1384
836
44
-944
-1208
-1820
-892
68
592
1280
2852
3912
4948
5192
5240
5284
4756
4200
2732
1116
724
-128
-852
-1284
-1600
-396
152
624
1752
3140
4156
5260
4868
5232
5140
4664
3836
2224
1016
468
-532
-896
-1636
-1756
-252
264
716
2116
3392
4492
5368
4896
5548
4960
4508
3704
1928
1016
412
-864
-896
-1744
-1400
-96
256
864
2344
3456
4592
5144
4992
5636
4820
4480
3496
1668
984
260
-704
-828
-1868
-988
116
468
1212
2776
3764
4756
5048
5008
5292
4504
4188
2728
1252
864
-196
-876
-1308
-2032
-724
32
576
1508
2996
4144
5276
5100
5396
5368
4620
3912
2368
1172
616
-452
-932
-1512
-1748
-372
184
796
1828
3140
4112
5200
4968
5420
5088
4688
3744
2268
1064
532
-456
-644
-1556
-1380
-164
456
976
2140
3540
4596
5188
5040
5456
4692
4448
3376
1536
860
192
-892
-1064
-1852
-1224
-68
488
1128
2604
3812
4944
5320
5196
5484
4808
4436
3088
1360
956
-108
-920
-1140
-1940
-872
4
516
1328
2804
3940
4920
5076
5256
5212
4632
4316
2716
1252
800
-24
-836
-1296
-1680
-516
216
764
1624
3080
4152
5068
4940
5280
5136
4520
3968
2328
944
716
-480
-908
-1572
-1564
-244
284
668
2144
3488
4432
5252
4936
5388
5004
4440
3564
1828
772
392
-880
-1044
-1728
-1388
-132
380
784
2268
3592
4720
5240
5056
5528
4664
4576
3432
1416
908
248
-844
-936
-1792
-952
-36
464
1196
2772
3844
4956
5100
5192
5404
4712
4344
2928
1208
796
64
-796
-1292
-1792
-704
232
744
1472
3028
4020
5168
5076
5368
5264
4600
3900
2484
1076
628
-460
-884
-1504
-1744
-320
216
800
1764
3188
4304
5276
4996
5304
5008
4528
3756
2112
812
472
-548
-960
-1632
-1524
-188
376
760
2208
3624
4564
5352
4908
5420
4944
4448
3500
1668
760
364
-660
-1032
-1804
-1256
-92
432
1008
2628
3848
4864
5272
5072
5540
4764
4124
3124
1412
696
48
-924
-1296
-1924
-816
-12
484
1480
2840
3984
5020
5020
5244
5300
4508
4244
2768
1252
760
-164
-884
-1368
-1732
-396
300
736
1824
3140
4184
5240
4960
5280
5036
4544
3744
2336
1024
524
-356
-848
-1580
-1348
-164
228
876
2008
3464
4428
5352
5092
5428
4820
4568
3648
2024
804
288
-784
-1244
-1836
-1332
-268
396
932
2292
3684
4592
5288
5064
5408
4820
4292
3392
1664
764
196
-796
-1284
-1816
-1012
-92
520
1144
2748
3820
4884
5060
5016
5356
4600
4252
3088
1308
868
48
-868
-1160
-1708
-512
200
628
1648
3036
4004
5280
4912
5308
5344
4628
3940
2500
1088
640
-348
-980
-1528
-1772
-360
44
796
1844
3404
4356
5196
5004
5340
5004
4636
3848
2044
900
452
-488
-956
-1688
-1476
-408
448
940
2148
3680
4544
5244
5016
5528
4908
4448
3568
1832
904
396
-736
-1136
-1844
-1064
-12
500
1076
2716
3668
4912
5220
5068
5336
4700
4324
3040
1292
860
36
-904
-1112
-1768
-732
-44
488
1416
2888
3912
5124
5028
5192
5232
4700
4172
2724
1008
548
-348
-956
-1512
-1860
-548
28
704
1824
3116
4180
5244
4808
5364
5108
4644
3972
2332
1080
656
-500
-712
-1684
-1456
-144
344
876
2092
3420
4520
5264
5004
5592
4848
4688
3524
1824
840
532
-728
-1004
-1768
-1168
-24
556
908
2412
3616
4636
5204
4896
5468
4824
4336
3200
1504
816
92
-952
-1252
-1888
-896
-120
516
1116
2920
3892
4912
5244
5156
5296
4736
4124
2964
1216
632
-56
-844
-1360
-1860
-564
60
616
1564
3092
4000
5168
4992
5252
5272
4688
3896
2572
1140
608
-512
-980
-1436
-1628
-292
256
824
1980
3536
4340
5328
4912
5328
5016
4692
3648
1992
828
372
-636
-952
-1672
-1380
-140
240
760
2240
3492
4592
5440
4744
5340
4972
4464
3392
1588
768
236
-848
-1112
-1780
-1092
40
548
1072
2864
3872
4872
5280
5140
5312
4748
4212
3096
1172
792
-88
-948
-1280
-1924
-624
116
632
1468
3116
3952
5160
5060
5096
5268
4616
4052
2668
984
600
-252
-772
-1544
-1604
-424
240
572
1868
3264
4136
5168
4996
5272
4972
4468
3808
2092
816
500
-612
-992
-1744
-1472
-208
224
776
2108
3436
4540
5212
4908
5460
4824
4484
3548
1852
920
316
-656
-896
-1760
-1036
112
408
1032
2608
3748
4848
5176
5136
5396
4704
4324
3104
1428
736
-36
-840
-1168
-2032
-840
140
480
1256
2948
3896
5112
5216
5184
5312
4688
4168
2804
1128
628
-180
-884
-1528
-1968
-552
108
596
1644
3172
4124
5308
5048
5268
5152
4684
3992
2376
988
720
-496
-760
-1460
-1576
-164
328
588
2244
3212
4324
5200
4884
5452
5048
4488
3864
1888
1000
520
-740
-952
-1604
-1276
-76
512
948
2484
3568
4704
5248
4964
5568
4820
4344
3288
1484
616
116
-820
-1128
-1952
-1068
-36
552
1184
2820
3864
4900
5108
5156
5308
4632
4232
2972
1180
708
20
-852
-1348
-1896
-604
108
672
1480
3060
4072
5236
5072
5328
5284
4596
4048
2392
1140
628
-296
-792
-1536
-1708
-284
300
780
2024
3300
4352
5200
4880
5408
5052
4692
3740
1920
760
524
-560
-892
-1772
-1364
-220
420
736
2256
3464
4652
5224
4940
5344
4852
4464
3460
1700
768
332
-760
-1176
-1676
-1132
-92
584
1040
2796
3940
4868
5220
5080
5340
4768
4256
3032
1512
928
184
-820
-1200
-1784
-796
-12
588
1476
2980
3980
5112
5152
5224
5224
4636
4092
2680
1064
640
-328
-964
-1532
-1752
-592
188
660
1636
3252
4220
5160
4924
5292
5132
4676
3788
2260
956
600
-372
-888
-1624
-1456
-228
392
608
2224
3544
4496
5296
4872
5500
5036
4408
3528
1752
852
404
-712
-856
-1664
-1052
140
352
952
2540
3740
4780
5324
4880
5376
4584
4256
3084
1376
820
-24
-916
-1024
-1828
-844
24
612
1304
2776
3892
5020
5172
5084
5400
4696
4196
2776
1084
688
-112
-860
-1408
-1704
-636
112
616
1592
3240
4052
5256
5040
5380
5224
4828
4024
2428
928
692
-372
-796
-1492
-1700
-128
440
804
2064
3416
4376
5360
4880
5444
4952
4620
3800
1952
1000
532
-740
-880
-1740
-1264
-76
408
952
2340
3556
4636
5288
4908
5460
4884
4388
3224
1572
512
140
-960
-1208
-2048
-1148
-100
488
1112
2636
3764
4868
5180
5080
5324
4796
4440
2972
1384
760
-36
-788
-1128
-1836
-728
24
608
1488
2876
3928
5164
4960
5260
5136
4620
3996
2536
1144
592
-300
-708
-1612
-1620
-196
216
756
1744
3292
4300
5280
4980
5288
4852
4488
3708
2024
756
368
-644
-1024
-1664
-1656
-200
368
792
2260
3464
4580
5360
5000
5536
4784
4632
3524
1820
760
372
-712
-1060
-1940
-1144
-12
372
980
2452
3620
4724
5048
4928
5440
4732
4432
3228
1460
812
88
-788
-1168
-1852
-728
136
472
1252
2860
3884
5056
5008
5176
5160
4492
4148
2700
1072
672
-208
-744
-1516
-1900
-428
168
660
1564
3236
4100
5140
5140
5332
5080
4544
3676
2184
992
444
-720
-1032
-1732
-1684
-268
256
796
1892
3380
4484
5296
4928
5400
5028
4588
3716
2148
1032
416
-540
-976
-1644
-1176
-168
480
888
2396
3632
4644
5188
5012
5408
4772
4320
3276
1540
728
60
-904
-1312
-1836
-916
100
504
1144
2896
3976
4964
5140
5044
5296
4752
4144
2756
1160
544
-124
-1032
-1316
-1792
-656
48
588
1424
3056
3984
5056
5160
5232
5208
4720
4028
2604
1024
672
-284
-796
-1468
-1776
-468
248
612
1872
3440
4200
5164
4904
5244
5016
4524
3660
2164
864
456
-504
-948
-1700
-1408
-100
404
940
2340
3584
4500
5304
4872
5340
4824
4268
3480
1696
760
160
-868
-1096
-1916
-1240
20
492
928
2656
3776
4740
5280
5032
5400
4808
4212
3152
1424
752
36
-936
-1176
-1976
-848
-20
588
1232
2992
3908
5012
5052
5248
5192
4764
4148
2696
1112
696
-144
-624
-1256
-1740
-404
308
728
1648
3180
4096
5148
4884
5316
5048
4604
3828
2340
816
528
-588
-928
-1644
-1636
-236
364
848
2056
3472
4488
5260
4852
5340
4880
4548
3636
1804
852
216
-680
-996
-1736
-1308
-68
440
1000
2364
3732
4660
5208
4840
5380
4948
4452
3304
1656
860
336
-656
-1000
-1840
-952
116
548
1128
2804
3776
4976
5144
5024
5264
4632
4096
2992
1196
628
-128
-848
-1440
-1816
-636
100
596
1504
3116
4024
5024
5096
5288
5264
4580
4056
2440
988
604
-440
-984
-1672
-1684
-348
204
692
1812
3388
4256
5348
4972
5332
5068
4576
3884
2108
1028
656
-480
-944
-1648
-1508
-196
332
808
2184
3412
4664
5148
4952
5432
4900
4516
3276
1652
892
196
-776
-1164
-1952
-1056
-16
436
940
2572
3692
4896
5184
5048
5388
4712
4176
2940
1328
672
-56
-824
-1368
-1904
-880
-40
704
1268
2820
3880
4956
4992
5100
5156
4800
4188
2840
1160
700
-144
-784
-1324
-1728
-424
156
736
1744
3344
4180
5128
4964
5324
5128
4516
3812
2496
908
496
-420
-1016
-1680
-1528
-196
332
784
1960
3468
4364
5208
5004
5412
5080
4464
3580
1932
876
280
-700
-1088
-1780
-1292
-196
336
792
2400
3604
4660
5144
4960
5444
4904
4388
3376
1532
800
208
-680
-1076
-1888
-860
108
584
1256
2900
3804
5012
5188
5136
5328
4600
4212
2952
1220
796
-28
-768
-1196
-1816
-608
152
544
1560
3152
4156
5208
5108
5252
5240
4704
3996
2636
980
672
-364
-876
-1616
-1944
-520
116
616
1796
3200
4152
5212
4928
5308
4920
4488
3900
2212
1060
692
-608
-816
-1628
-1552
-112
340
696
2200
3380
4484
5220
5008
5364
4784
4444
3640
1740
1036
420
-632
-852
-1748
-1104
88
480
1080
2652
3584
4732
5172
5032
5380
4692
4376
3084
1256
784
-56
-924
-1140
-1848
-828
128
672
1476
3028
3888
5012
5036
5072
5284
4664
4004
2816
1020
700
-340
-972
-1504
-1848
-652
204
608
1616
3244
4160
5232
5124
5280
5116
4676
3912
2380
916
584
-456
-868
-1608
-1584
-320
304
696
2044
3252
4456
5228
4840
5244
4896
4608
3728
1956
936
356
-640
-920
-1736
-1308
-216
440
972
2312
3476
4652
5220
4884
5328
4696
4408
3184
1464
720
248
-712
-1076
-1956
-1008
-44
688
1196
2816
3840
4976
5244
5100
5372
4740
4256
2988
1260
684
8
-924
-1224
-1652
-620
120
628
1364
3012
4004
5144
5076
5304
5344
4684
4116
2632
1100
556
-368
-760
-1380
-1640
-440
168
680
1552
3260
4072
5096
4912
5184
4996
4476
3672
2300
748
452
-620
-1108
-1536
-1468
-220
408
908
2224
3620
4476
5384
4800
5380
4808
4432
3480
1780
960
312
-764
-1016
-1844
-1144
-68
552
1068
2544
3816
4724
5200
4956
5492
4828
4312
3168
1576
828
144
-760
-1232
-1948
-912
-56
696
1096
2772
3900
4872
5116
5080
5172
4660
4044
2812
1232
720
-176
-852
-1432
-1728
-600
112
736
1516
3144
4176
5116
4920
5224
5308
4640
3920
2296
908
552
-456
-848
-1660
-1632
-172
332
700
2020
3516
4428
5372
5068
5348
4984
4600
3556
2032
908
352
-560
-924
-1720
-1292
-64
552
1064
2392
3620
4648
5416
4948
5400
4824
4340
3300
1532
820
56
-784
-1052
-2036
-1040
-4
640
1216
2560
3756
4868
5028
5084
5440
4580
4244
2940
1192
876
-56
-760
-1140
-1868
-608
104
556
1376
2952
4060
5160
4900
5340
5252
4616
4120
2476
1088
692
-448
-968
-1448
-1640
-260
204
764
1772
3260
4292
5256
4880
5420
5044
4672
3804
2160
932
484
-548
-808
-1728
-1376
-168
236
856
2160
3408
4360
5272
4884
5416
4892
4504
3352
1748
808
416
-796
-1132
-1740
-1188
12
532
1044
2644
3736
4676
5256
5128
5396
4716
4256
3140
1388
908
36
-796
-1072
-2004
-720
12
544
1360
2788
3924
5088
5112
5244
5300
4632
4288
2756
1288
776
-196
-788
-1408
-1788
-460
112
684
1696
3140
4084
5148
5004
5384
5092
4604
4024
2352
916
484
-504
-776
-1536
-1820
-220
172
652
1896
3392
4428
5196
5008
5552
4832
4556
3732
2008
1056
508
-620
-936
-1812
-1296
-160
376
976
2444
3644
4624
5340
4980
5336
4864
4484
3244
1560
836
200
-656
-1028
-1888
-932
-4
560
1184
2576
3864
4864
5116
5036
5328
4660
4364
2896
1268
768
-32
-796
-1320
-1936
-704
60
620
1372
2984
3940
5152
5048
5212
5216
4624
4072
2580
1072
596
-132
-860
-1576
-1720
-444
272
720
1840
3224
4268
5348
4988
5264
5048
4520
3856
2212
1056
580
-548
-996
-1592
-1392
-128
424
912
2216
3472
4488
5264
5092
5340
4760
4420
3432
1656
708
324
-688
-1108
-1956
-1312
-56
464
980
2484
3660
4668
5116
5012
5524
4836
4320
2976
1356
824
144
-896
-1180
-1740
-804
100
604
1396
2776
3908
5028
5124
5196
5248
4708
4208
2704
1124
636
-324
-800
-1396
-1824
-368
136
744
1764
3224
4200
5272
4984
5280
5096
4604
3920
2344
1036
444
-452
-1024
-1680
-1564
-240
248
888
2060
3396
4472
5280
4964
5396
5076
4572
3568
1932
832
432
-660
-1020
-1808
-1480
-196
384
804
2500
3684
4560
5328
4916
5440
4924
4428
3352
1552
772
116
-832
-984
-1772
-936
176
640
1216
2860
3836
4976
5244
5096
5336
4664
4148
2808
1212
652
-104
-900
-1312
-1808
-620
200
792
1512
3008
4128
5068
5036
5196
5228
4580
4072
2348
924
536
-352
-976
-1564
-1608
-372
200
720
1876
3380
4440
5192
5040
5292
4964
4660
3776
2064
920
456
-724
-856
-1580
-1404
-36
500
812
2216
3620
4556
5332
4908
5508
4864
4432
3480
1672
772
172
-880
-1200
-1912
-1044
0
468
1096
2716
3756
4840
5052
4940
5316
4708
4240
3108
1312
824
52
-1036
-1244
-1832
-804
-128
504
1388
3064
3968
5068
5096
5164
5260
4668
4040
2748
1052
668
-204
-836
-1576
-1716
-416
220
768
1832
3284
4220
5304
5004
5324
5168
4588
3852
2276
1068
608
-488
-808
-1632
-1548
-96
288
876
2028
3376
4512
5236
4964
5556
4900
4624
3584
1760
916
292
-740
-988
-1768
-1176
-24
384
872
2444
3604
4744
5132
4860
5492
4760
4196
3152
1380
812
64
-952
-1136
-1812
-932
20
588
1288
2972
3816
5100
5204
5244
5424
4700
4308
2908
1100
876
-228
-792
-1336
-1788
-416
200
532
1604
2936
4060
5228
4960
5256
5144
4692
3984
2496
968
556
-440
-884
-1692
-1640
-212
244
700
1976
3496
4296
5264
4912
5280
4956
4548
3580
1788
784
412
-752
-912
-1760
-1244
-108
408
1064
2396
3604
4692
5256
5000
5440
4864
4500
3444
1692
628
268
-840
-1156
-1876
-1044
80
692
1192
2756
3860
4984
5168
5160
5380
4728
4300
3076
1368
852
-116
-924
-1292
-1896
-648
40
640
1412
2808
4012
5080
4896
5244
5188
4620
4080
2564
1120
800
-388
-896
-1512
-1664
-312
184
732
1888
3168
4188
5284
5008
5460
5016
4512
3852
2104
884
464
-684
-928
-1664
-1292
-52
496
1008
2284
3664
4692
5296
5016
5308
4884
4492
3500
1840
896
228
-816
-1060
-1828
-1116
12
464
1104
2616
3812
4860
5224
5092
5560
4756
4348
3260
1372
804
-24
-892
-1252
-1916
-680
-24
492
1332
2896
3920
5080
4948
5336
5168
4732
4256
2572
1100
680
-344
-744
-1284
-1760
-384
196
848
1684
3116
4324
5244
4912
5436
4996
4604
3788
2044
888
552
-524
-776
-1624
-1408
-76
304
704
2028
3492
4500
5228
4952
5512
4884
4600
3568
1760
920
204
-820
-1056
-1976
-1232
-176
328
956
2404
3604
4828
5204
5024
5432
4808
4424
3336
1516
1108
188
-736
-1132
-2056
-960
-36
488
1216
2776
3804
5004
5072
5092
5284
4696
4216
2936
1324
768
-128
-644
-1124
-1824
-516
108
648
1632
2936
4100
5180
4956
5376
5024
4592
3908
2380
1144
556
-524
-812
-1572
-1648
-264
196
760
1848
3316
4252
5200
4952
5424
4880
4552
3644
1964
780
280
-636
-1064
-1840
-1296
-188
416
900
2296
3676
4604
5416
5000
5440
4900
4520
3396
1740
868
432
-728
-1044
-1756
-1044
-28
456
1036
2576
3700
4724
5092
5196
5404
4672
4328
2984
1320
888
-12
-736
-1216
-1756
-684
16
696
1400
2956
4136
4968
5092
5176
5124
4500
3912
2552
1020
560
-408
-848
-1680
-1700
-420
144
768
1716
3220
4336
5248
5120
5600
5048
4648
3832
2280
860
624
-532
-900
-1664
-1488
-300
368
760
2032
3508
4400
5396
4908
5412
4880
4568
3528
1868
852
460
-572
-1008
-1716
-1188
-136
436
1016
2592
3720
4656
5184
4896
5412
4580
4128
3084
1404
712
8
-952
-1196
-1848
-912
-60
768
1300
2916
3864
5068
5228
5220
5260
4820
4176
2800
1304
624
-24
-968
-1552
-1784
-520
16
716
1544
3252
4132
5208
5104
5176
5216
4748
3932
2480
1064
596
-284
-896
-1496
-1428
-312
420
712
1812
3600
4428
5296
4908
5252
4912
4660
3604
1948
888
480
-700
-1096
-1800
-1396
-296
320
952
2344
3516
4616
5280
4960
5388
4808
4536
3384
1608
748
268
-692
-1140
-1920
-1024
8
668
1056
2724
3820
4772
5204
5056
5480
4744
4236
3052
1280
756
108
-848
-1224
-1808
-692
-20
520
1280
2892
4012
5024
4904
5244
5212
4672
4052
2776
1144
496
-244
-836
-1452
-1640
-404
208
716
1732
3240
4092
5152
5116
5312
4972
4628
3908
2156
1004
552
-484
-952
-1576
-1484
-136
476
988
2264
3620
4432
5232
4780
5364
4908
4640
3548
1712
816
280
-776
-988
-1672
-1252
-76
464
964
2556
3748
4768
5276
5076
5532
4744
4308
3276
1460
912
208
-840
-1068
-2104
-932
-24
344
1292
2796
3748
4932
4948
5144
5320
4644
4316
2760
1104
792
-224
-852
-1296
-1868
-488
168
792
1704
3004
4228
5252
5016
5332
5068
4664
4052
2400
1040
608
-376
-792
-1620
-1484
-292
140
856
2064
3408
4472
5292
4996
5244
4912
4544
3584
2076
928
372
-672
-964
-1632
-1384
-220
356
804
2280
3604
4588
5344
5068
5220
4796
4300
3408
1584
756
168
-824
-1124
-1848
-1036
-112
444
1060
2536
3716
4812
5112
5112
5404
4704
4268
2932
1236
688
-12
-832
-1292
-1744
-772
80
716
1220
2884
3968
4996
5148
5192
5360
4732
4092
2748
1108
720
-212
-976
-1340
-1660
-344
224
952
1884
3216
4100
5256
5028
5312
5080
4492
3780
2168
764
320
-660
-952
-1772
-1668
-280
280
832
2112
3500
4520
5396
4968
5360
4972
4552
3624
1952
904
456
-672
-1084
-1868
-1120
-84
396
956
2364
3716
4692
5356
5028
5576
4784
4436
3364
1396
716
144
-900
-980
-1848
-896
92
652
1308
2860
3856
5092
5076
5100
5340
4612
4204
2860
1084
540
-152
-800
-1388
-1912
-628
-16
656
1588
3100
4068
5152
5052
5164
5176
4720
3828
2516
1020
564
-276
-900
-1556
-1552
-344
376
824
1956
3548
4264
5432
5044
5336
5068
4596
3692
2140
944
508
-640
-976
-1728
-1348
-208
356
808
2212
3700
4488
5252
5072
5416
4864
4420
3452
1612
644
412
-748
-1116
-1848
-1136
36
376
1104
2632
3712
4752
5112
4960
5380
4748
4296
3124
1376
812
168
-836
-1232
-1924
-832
204
572
1240
2884
4036
4920
5236
5320
5292
4716
4228
2808
1188
760
-296
-844
-1400
-1736
-376
204
780
1704
3112
4256
5232
5016
5428
5084
4652
3984
2328
1044
596
-500
-796
-1472
-1532
-252
124
632
1896
3312
4312
5052
4972
5424
4988
4396
3556
1724
868
608
-688
-880
-1792
-1336
-36
368
912
2412
3608
4672
5244
4872
5588
4860
4396
3304
1504
872
288
-740
-916
-1896
-952
84
380
1284
2880
3736
4900
5208
5092
5384
4596
4340
3120
1332
900
-64
-912
-1068
-1868
-644
104
564
1388
2968
3880
5144
5000
5172
5176
4540
4092
2604
1048
616
-424
-912
-1368
-1596
-404
256
748
1800
3128
4284
5140
4968
5400
5060
4612
3828
2204
952
504
-548
-888
-1616
-1516
-280
320
884
2256
3464
4520
5244
4948
5416
4748
4436
3632
1736
916
272
-708
-948
-1680
-1192
-100
440
1052
2504
3792
4824
5276
4944
5288
4848
4328
3000
1404
792
-28
-836
-1300
-1936
-780
8
620
1252
2896
3916
4976
5084
5152
5396
4752
4204
2908
1160
668
-92
-960
-1272
-1784
-600
52
528
1436
3196
4072
5152
5076
5280
5132
4584
4012
2480
1072
628
-380
-756
-1412
-1696
-132
444
696
1852
3308
4368
5396
4816
5448
5004
4448
3720
2028
892
476
-704
-916
-1752
-1388
-144
380
900
2236
3548
4568
5276
4900
5488
4944
4372
3440
1668
848
176
-696
-976
-1800
-1064
-12
560
1116
2676
3828
4996
5188
5052
5480
4844
4492
3128
1444
840
132
-812
-1144
-1824
-708
140
508
1336
2780
3832
4968
5144
4984
5448
4764
4196
2792
1080
700
-76
-796
-1356
-1648
-400
112
708
1608
3108
4040
5132
4820
5244
5092
4484
3752
2372
1028
604
-524
-992
-1660
-1596
-288
280
828
1984
3404
4428
5300
5116
5532
4976
4564
3592
1888
856
344
-680
-1068
-1628
-1260
-208
388
940
2396
3672
4580
5308
5020
5556
4880
4372
3384
1612
688
228
-788
-1144
-1792
-1192
-44
548
1012
2720
3772
4820
5132
4984
5372
4708
4124
2928
1200
628
-36
-820
-1300
-1768
-720
52
664
1456
3032
3980
5008
5092
5172
5304
4780
4076
2652
1004
564
-28
-796
-1508
-1680
-492
288
728
1740
3360
4004
5328
5028
5448
5204
4764
3800
2312
792
628
-540
-900
-1508
-1580
-284
356
632
2136
3372
4332
5316
4896
5460
4952
4496
3596
1960
836
496
-676
-992
-1832
-1336
-152
372
912
2496
3680
4588
5308
5100
5332
4808
4332
3348
1596
816
244
-720
-1092
-1576
-888
76
668
1160
2784
3832
4916
5296
4992
5280
4736
4232
3016
1256
820
-44
-1012
-1280
-1760
-632
224
728
1588
3152
4028
5132
5040
5188
5272
4668
3944
2552
1040
684
-436
-968
-1480
-1848
-384
44
676
1708
3192
4256
5220
4972
5380
5032
4552
3728
2056
844
464
-728
-1008
-1696
-1640
-148
456
800
2184
3384
4512
5480
5040
5428
4924
4456
3504
1864
848
456
-716
-1036
-1824
-1120
36
560
864
2516
3744
4764
5152
5012
5236
4768
4348
3220
1312
824
60
-932
-1216
-1940
-772
140
640
1352
2952
3956
5024
5164
5220
5208
4568
4020
2788
1112
704
-232
-936
-1476
-1888
-556
20
732
1736
3068
4060
5160
5032
5308
5220
4780
4056
2332
972
708
-296
-796
-1512
-1636
-264
192
732
2032
3388
4316
5296
4972
5336
4960
4508
3552
1968
812
388
-632
-960
-1820
-1232
-52
420
884
2300
3736
4524
5152
4964
5372
4808
4428
3268
1488
672
120
-872
-1032
-2032
-1200
-76
540
988
2724
3768
4824
5212
5056
5384
4664
4320
3028
1288
756
140
-656
-1264
-1740
-592
172
712
1384
2868
3940
4996
5032
5044
5204
4612
4092
2584
932
512
-228
-880
-1416
-1808
-384
228
632
1900
3240
4288
5216
4916
5560
5056
4484
3784
2040
980
480
-680
-932
-1780
-1544
-236
272
820
2092
3292
4592
5440
4940
5480
4972
4524
3580
1884
904
384
-464
-872
-1724
-1208
-128
352
912
2308
3784
4700
5248
5176
5404
4828
4364
3232
1508
732
152
-708
-1108
-1716
-940
-24
568
1124
3056
3788
4864
5156
4972
5264
4740
3920
2920
1064
616
-112
-1112
-1396
-1848
-608
92
640
1528
3244
4060
5260
5136
5312
5256
4616
3944
2472
952
708
-396
-912
-1332
-1584
-328
180
672
2028
3476
4300
5296
5120
5416
5016
4472
3580
2048
896
460
-568
-968
-1700
-1320
-76
468
884
2488
3616
4580
5284
4996
5380
4872
4408
3484
1644
840
320
-772
-1012
-1872
-1152
-36
420
1128
2628
3624
4736
5192
5096
5328
4732
4384
3120
1236
736
20
-816
-1172
-1812
-704
96
676
1468
2916
3932
4968
5120
5148
5336
4804
4036
2736
1192
672
-308
-940
-1444
-1676
-416
212
584
1872
3264
4204
5208
5048
5308
5116
4616
3880
2260
888
576
-512
-1032
-1640
-1560
-184
236
764
2128
3496
4324
5244
4976
5404
4844
4396
3548
1788
836
336
-840
-976
-1736
-1288
-40
472
916
2536
3708
4720
5340
5032
5444
4848
4392
3268
1560
668
144
-776
-1104
-1872
-804
80
532
1284
2800
3796
5004
5136
5260
5432
4712
4208
2808
1212
732
-300
-868
-1240
-1740
-444
160
632
1656
2992
4092
5148
4936
5176
5040
4472
3732
2260
1040
568
-536
-944
-1576
-1612
-280
184
768
2060
3412
4300
5224
5016
5380
4944
4560
3668
2004
812
440
-592
-1064
-1768
-1296
-180
324
800
2420
3616
4632
5296
5120
5484
4924
4532
3460
1820
752
216
-756
-1072
-1764
-980
-92
460
1060
2576
3600
4744
5232
5112
5296
4728
4168
3032
1240
704
-44
-852
-1300
-1904
-740
72
608
1424
3068
3940
5168
5116
5124
5276
4676
4016
2620
1092
564
-292
-856
-1492
-1748
-400
264
800
1844
3388
4288
5288
5112
5452
5060
4532
3776
2108
1052
592
-504
-888
-1556
-1436
-212
272
880
2144
3484
4592
5196
4940
5428
4844
4444
3460
1588
708
184
-908
-956
-1824
-1292
-188
436
980
2456
3632
4896
5292
4960
5476
4664
4408
3120
1412
852
76
-872
-1272
-1848
-828
24
588
1284
2904
4032
5004
5008
5236
5300
4664
4240
2852
1156
824
-228
-844
-1256
-1716
-248
276
760
1800
3284
4028
5228
4968
5324
5092
4600
3800
2368
760
476
-528
-1044
-1628
-1740
-360
304
744
2136
3364
4312
5368
4908
5416
4892
4480
3636
1972
836
496
-728
-948
-1740
-1260
-40
392
912
2356
3708
4820
5292
4940
5480
4760
4452
3236
1492
888
196
-768
-1052
-1864
-940
44
564
1144
2776
3884
4844
5152
5128
5284
4700
4192
2988
1216
676
-120
-968
-1424
-1836
-712
132
716
1532
3116
4096
5064
4936
5208
5252
4604
4024
2352
1076
668
-400
-944
-1480
-1712
-340
276
716
1896
3320
4384
5292
5000
5556
5100
4580
3776
2136
988
540
-724
-892
-1700
-1484
-16
444
924
2344
3516
4636
5464
4988
5472
4816
4448
3576
1696
932
308
-844
-980
-1940
-1108
40
428
1180
2484
3680
4924
5008
5036
5280
4544
4268
2976
1176
792
-64
-748
-1240
-1856
-532
132
592
1468
3064
4080
5164
5052
5216
5256
4788
4128
2640
1196
652
-376
-896
-1532
-1852
-436
176
744
1788
3224
4252
5220
4992
5488
5188
4684
4016
2220
1116
616
-636
-848
-1616
-1412
-132
328
956
2148
3480
4436
5252
4844
5364
4804
4428
3520
1888
792
192
-828
-1116
-1920
-1232
-112
480
1112
2560
3672
4928
5256
5068
5616
4784
4284
3100
1364
748
124
-1008
-1280
-1872
-808
84
496
1156
2952
3872
5064
5020
5128
5424
4580
4056
2776
1116
772
-136
-812
-1368
-1808
-408
228
740
1648
3232
4156
5332
5056
5308
5100
4556
3884
2244
876
512
-444
-876
-1692
-1444
-280
256
804
2168
3400
4460
5204
4856
5492
4892
4516
3644
1784
916
364
-728
-972
-1828
-1272
-32
348
964
2608
3648
4744
5188
4924
5412
4788
4508
3360
1512
944
84
-868
-952
-1860
-896
-24
544
1316
2900
3880
5136
5092
5004
5380
4720
4308
2868
1064
792
-188
-904
-1364
-1936
-396
120
532
1576
2980
4132
5236
4864
5376
5208
4496
3924
2504
1144
600
-480
-812
-1616
-1556
-124
304
768
2128
3308
4432
5136
4976
5476
4896
4544
3732
1972
936
340
-608
-864
-1708
-1192
20
448
1000
2356
3680
4672
5304
5056
5540
4868
4576
3396
1560
856
192
-764
-916
-1948
-956
-104
496
1256
2600
3732
4960
5180
5076
5328
4544
4264
2844
1184
708
-116
-864
-1336
-1864
-604
68
704
1436
3048
4112
5064
5024
5312
5208
4636
4080
2420
1084
708
-452
-724
-1588
-1616
-228
200
780
2040
3384
4412
5344
4916
5448
4868
4548
3648
1972
864
416
-740
-988
-1752
-1220
-76
296
860
2280
3552
4440
5092
5084
5432
4776
4508
3312
1700
832
176
-700
-1080
-1836
-968
-12
456
1088
2656
3672
4848
4992
5100
5188
4536
4216
3080
1360
780
4
-740
-1140
-1760
-628
140
668
1504
3036
3944
5008
5060
5200
5240
4636
4072
2632
980
608
-464
-904
-1392
-1784
-412
244
832
1852
3388
4456
5388
4968
5404
4980
4660
3868
2028
804
504
-516
-956
-1720
-1528
-296
304
796
2092
3524
4428
5072
4844
5344
4988
4512
3472
1836
948
372
-736
-1028
-1728
-1192
-92
468
936
2704
3676
4720
5308
4992
5424
4644
4244
3092
1412
780
108
-916
-1056
-1820
-772
268
688
1356
2988
4016
5100
5060
5208
5156
4552
4120
2668
1100
564
-304
-876
-1560
-1868
-448
156
704
1688
3212
4148
5180
4832
5328
4988
4508
3760
2236
960
480
-444
-804
-1580
-1572
-284
388
888
2132
3408
4496
5276
4960
5544
4896
4480
3608
1832
868
432
-664
-1004
-1792
-1164
-12
496
960
2532
3748
4760
5220
5004
5432
4764
4300
3244
1460
696
76
-876
-1152
-2032
-948
-12
488
1212
2824
3780
5012
5056
5180
5408
4648
4060
2676
1176
568
-280
-892
-1488
-1868
-604
60
664
1652
3080
4020
5336
4988
5352
5160
4672
4064
2356
1096
716
-400
-780
-1508
-1620
-260
196
800
1936
3360
4512
5280
5004
5480
4892
4608
3604
1788
920
192
-780
-752
-1800
-1156
8
296
1068
2460
3456
4676
5156
4936
5424
4680
4420
3252
1496
788
108
-880
-1084
-2032
-960
-100
476
1352
2920
3924
5000
5016
5112
5404
4460
4240
2960
1216
716
-264
-832
-1296
-2072
-532
200
724
1708
3136
4128
5304
5032
5368
5128
4548
4028
2472
1020
708
-492
-812
-1564
-1816
-192
160
628
1976
3308
4356
5176
4828
5472
4920
4516
3788
1740
960
424
-756
-876
-1800
-1444
0
300
968
2432
3540
4488
5108
5104
5436
4576
4508
3332
1680
868
144
-760
-968
-1864
-880
96
648
1292
2668
3944
4924
5216
5256
5336
4728
4464
2896
1232
800
-224
-744
-1236
-1820
-452
76
652
1484
2936
4108
5016
5008
5144
5180
4608
4012
2480
1120
488
-404
-856
-1632
-1688
-488
136
652
1748
3372
4324
5128
5108
5304
4872
4480
3620
1988
808
392
-576
-940
-1696
-1396
-176
552
1028
2320
3592
4584
5352
5028
5424
4824
4580
3408
1660
756
124
-740
-948
-1968
-1004
-72
376
1072
2436
3820
4760
5164
4936
5284
4720
4352
3060
1244
760
64
-868
-1204
-1880
-744
212
584
1344
2924
3928
4984
5068
5176
5100
4560
4172
2512
1116
668
-372
-860
-1364
-1680
-280
216
796
1776
3056
4252
5216
4848
5396
5020
4484
3916
2196
1052
544
-580
-852
-1692
-1492
-256
228
820
2240
3428
4556
5284
4952
5664
4860
4576
3612
1672
904
292
-764
-892
-1936
-1156
-164
256
1016
2472
3636
4664
5112
4932
5188
4600
4256
2972
1216
736
28
-828
-1164
-1944
-812
8
488
1244
2928
3984
5088
5120
5212
5212
4588
4100
2720
1028
716
-80
-764
-1452
-1832
-368
164
748
1664
3252
4304
5156
5088
5372
5020
4736
3884
2248
1160
564
-532
-916
-1800
-1440
-364
340
812
2012
3520
4456
5164
4896
5344
4796
4452
3416
1728
880
452
-560
-844
-1688
-1084
-204
556
920
2444
3644
4740
5164
5036
5324
4788
4384
3136
1528
804
-112
-804
-1272
-1776
-884
28
608
1220
2852
3996
5060
5152
5176
5284
4748
4216
2852
1160
660
-44
-1044
-1468
-1660
-600
224
616
1520
3132
4012
5080
5000
5168
5080
4456
3896
2360
880
556
-492
-904
-1484
-1524
-292
248
876
1948
3460
4260
5092
4880
5364
4788
4612
3700
1956
776
332
-604
-1000
-1668
-1364
-168
516
924
2344
3724
4720
5332
5104
5512
4928
4380
3392
1656
816
100
-796
-1180
-1900
-940
-36
596
1236
2884
3808
4936
5120
5048
5412
4708
4260
2812
1212
708
-116
-836
-1292
-1840
-640
-56
608
1392
2732
3980
5008
4960
5360
5180
4632
3956
2408
1212
684
-396
-804
-1472
-1648
-240
212
856
1932
3364
4368
5264
4980
5432
4936
4588
3576
2016
1072
444
-536
-728
-1800
-1296
-44
420
1016
2324
3636
4620
5252
5132
5504
4848
4444
3348
1712
824
172
-752
-1136
-1988
-988
-116
596
1068
2584
3776
4824
5104
5092
5228
4704
4136
3012
1348
624
52
-768
-1148
-1644
-596
88
720
1372
3080
4028
5180
5024
5168
5108
4644
4060
2608
964
596
-348
-724
-1396
-1732
-244
132
760
1900
3396
4396
5268
5092
5396
5012
4604
3884
2116
960
368
-652
-1000
-1716
-1512
-272
264
812
2200
3456
4548
5204
4876
5460
4804
4472
3480
1700
856
164
-736
-1048
-1856
-1056
-164
508
1168
2548
3820
4808
5268
5100
5324
4780
4392
3192
1540
752
-60
-824
-1188
-1740
-768
-76
504
1324
2920
4036
5056
5052
5188
5292
4676
4176
2692
1200
648
-292
-752
-1492
-1660
-392
128
736
1652
3164
4124
5100
4972
5304
4976
4744
3740
2316
952
472
-512
-852
-1604
-1592
-188
368
796
2132
3452
4396
5316
5048
5436
4784
4452
3548
1720
896
432
-632
-836
-1828
-1244
-112
524
980
2416
3740
4792
5252
5048
5560
4900
4448
3340
1456
856
-4
-784
-1212
-1976
-916
-4
640
1268
2972
3876
5012
5156
5180
5308
4664
4116
2788
1116
664
-132
-928
-1260
-1840
-544
128
648
1544
3032
4068
5276
5068
5388
5076
4604
3896
2544
1048
608
-276
-796
-1524
-1544
-300
348
852
1952
3380
4476
5284
5032
5448
4984
4604
3736
2060
1040
520
-416
-1032
-1792
-1288
-56
348
856
2168
3676
4560
5256
5004
5388
4796
4404
3332
1636
920
12
-840
-980
-1820
-1000
64
512
1192
2580
3788
4920
5116
5104
5372
4588
4272
2936
1204
696
-160
-968
-1368
-1756
-696
100
728
1544
3072
4116
5328
5068
5220
5328
4688
3996
2600
1164
684
-280
-812
-1456
-1640
-296
316
832
1884
3352
4164
5124
4864
5268
4960
4540
3580
2060
940
468
-592
-868
-1736
-1312
-152
308
812
2224
3516
4492
5168
4976
5380
4884
4476
3396
1772
800
212
-784
-1068
-1892
-1088
-192
460
1016
2584
3748
4924
5248
5188
5524
4868
4340
3252
1384
816
-140
-876
-1328
-1872
-648
136
548
1368
3040
4016
5052
4988
5284
5292
4456
4064
2524
1304
796
-296
-916
-1400
-1816
-376
96
612
1908
3148
4196
5144
4908
5340
4960
4636
3820
2048
1008
444
-684
-900
-1792
-1516
-252
292
924
2036
3496
4600
5312
4928
5304
4796
4504
3508
1772
900
200
-660
-924
-1860
-1032
-80
324
984
2596
3800
4880
5188
5084
5396
4848
4460
3260
1516
948
156
-848
-1136
-1868
-832
-72
500
1204
2820
3908
5068
5040
5228
5112
4652
4260
2780
1136
716
-220
-896
-1480
-1852
-524
64
640
1496
3136
4208
5116
5092
5264
4908
4572
3952
2140
956
444
-372
-836
-1564
-1472
-252
288
824
2096
3392
4396
5324
5092
5480
4956
4600
3700
2000
864
396
-736
-1016
-1780
-1320
-144
484
900
2316
3696
4616
5224
4940
5560
4876
4396
3256
1552
800
160
-932
-1020
-1928
-944
-4
332
1124
2636
3884
4868
5044
5040
5228
4572
4228
2780
1268
692
-52
-840
-1352
-1824
-536
48
776
1448
3084
4164
5008
4992
5212
5216
4748
3952
2572
1124
620
-388
-1108
-1544
-1624
-412
228
692
1852
3436
4292
5248
5004
5420
5072
4504
3704
2068
916
444
-668
-1060
-1684
-1484
-184
360
868
2240
3500
4528
5288
4848
5464
4892
4448
3260
1656
760
256
-716
-1068
-1888
-1108
8
484
1052
2724
3876
4732
5284
5120
5316
4844
4240
3080
1420
840
48
-728
-1240
-1668
-700
116
748
1468
3036
4128
5052
5144
5284
5260
4680
4180
2700
1072
572
-388
-912
-1544
-1880
-648
128
548
1728
3260
4280
5132
4884
5376
4988
4548
3764
2320
1012
484
-588
-964
-1596
-1452
-276
352
864
2028
3552
4532
5240
5116
5372
4876
4552
3580
1780
784
236
-756
-1208
-1792
-1128
-56
568
948
2548
3836
4856
5352
5144
5556
4808
4424
3332
1436
760
64
-924
-1180
-1904
-896
-120
572
1308
2828
3876
4940
5160
5348
5268
4712
4232
2948
1368
672
-176
-884
-1476
-1784
-596
32
692
1404
3052
3988
5108
4980
5188
5032
4604
3988
2344
968
640
-548
-1000
-1464
-1588
-156
384
944
2148
3428
4460
5348
4948
5396
4976
4604
3668
1964
856
264
-728
-988
-1772
-1300
-144
332
892
2460
3584
4628
5376
5064
5444
4868
4348
3360
1560
664
84
-856
-1208
-2064
-1088
-124
440
1000
2672
3700
4932
5168
5164
5344
4700
4264
3004
1444
796
40
-848
-1264
-1644
-568
68
732
1520
3032
4036
5016
5144
5100
5012
4832
4028
2516
1048
540
-308
-948
-1496
-1620
-320
304
840
1908
3400
4296
5308
5132
5320
5072
4624
3788
2080
860
352
-612
-896
-1808
-1504
-300
324
712
2172
3508
4412
5236
4948
5400
4952
4600
3632
1940
912
468
-876
-1036
-1840
-1240
-104
520
828
2688
3840
4648
5260
5148
5464
4604
4264
3224
1572
820
124
-880
-1168
-1752
-588
216
812
1296
3000
3960
4980
5132
5096
5156
4688
4024
2692
1044
584
-296
-908
-1392
-1740
-556
200
772
1664
3308
4136
5132
5044
5404
5208
4636
3800
2280
824
380
-516
-1060
-1820
-1660
-376
196
624
2124
3472
4364
5224
4916
5464
5008
4560
3676
1916
972
424
-628
-784
-1796
-1096
-180
404
916
2432
3520
4624
5260
5036
5396
4776
4336
3260
1420
856
224
-840
-1132
-1980
-1020
112
560
1160
2840
3852
4896
5088
5164
5376
4788
4172
2864
1108
760
-168
-752
-1400
-1992
-616
68
672
1560
2988
4136
5036
4964
5264
5116
4672
4068
2544
1172
584
-364
-864
-1580
-1620
-220
212
712
1920
3408
4180
5152
5020
5304
4888
4612
3672
2020
1012
496
-560
-924
-1800
-1360
-96
448
984
2344
3704
4524
5220
4972
5352
4904
4408
3244
1760
796
44
-864
-1072
-1724
-1144
-20
352
984
2592
3728
4916
5204
4948
5532
4772
4364
2972
1432
812
100
-844
-1112
-1892
-768
48
488
1304
2984
3968
5180
5096
5208
5276
4688
4036
2588
1052
652
-212
-708
-1416
-1640
-360
300
768
1812
3232
4260
5228
4984
5376
5052
4532
3808
2312
772
384
-584
-1024
-1760
-1576
-388
160
772
1904
3548
4432
5324
4984
5488
4940
4472
3568
2052
868
388
-664
-1064
-1848
-1264
-204
332
852
2444
3752
4688
5216
5100
5420
4776
4428
3144
1504
900
148
-624
-1020
-1832
-676
72
664
1272
2924
4116
4864
5136
5176
5236
4760
4124
2768
1172
568
-264
-976
-1392
-1804
-676
188
760
1516
3224
4228
5148
4996
5248
5308
4692
3996
2520
908
488
-444
-1076
-1604
-1744
-444
216
752
1940
3404
4428
5244
5024
5500
5040
4584
3908
2044
1008
468
-640
-792
-1568
-1152
-16
456
860
2320
3556
4708
5284
4968
5468
4928
4456
3336
1668
736
184
-736
-1132
-1900
-896
60
528
1116
2568
3720
4844
5120
5096
5424
4744
4152
2972
1140
660
-44
-1056
-1316
-1856
-760
72
656
1412
2988
3964
5212
4996
5204
5348
4676
4192
2648
1140
800
-364
-824
-1352
-1776
-328
60
624
1788
3200
4280
5352
4960
5264
5056
4676
3948
2288
928
484
-640
-924
-1896
-1512
-96
124
768
2168
3360
4488
5128
4820
5444
4824
4472
3500
1720
920
380
-756
-964
-1776
-1144
44
392
1088
2468
3596
4784
5100
5100
5484
4708
4416
3124
1388
848
-36
-948
-1204
-1948
-872
36
688
1428
2820
3984
5104
5176
5256
5372
4700
4308
2960
1212
764
-260
-884
-1336
-1952
-696
16
552
1512
3020
3984
5168
4972
5344
5264
4724
4148
2500
1148
628
-464
-864
-1468
-1628
-280
156
844
2008
3096
4260
5212
4860
5128
4800
4496
3680
1972
1032
440
-700
-952
-1776
-1356
-116
444
1024
2408
3672
4696
5384
5136
5580
4828
4600
3508
1720
888
264
-664
-1076
-2020
-1032
-72
572
960
2624
3780
4888
5176
5188
5376
4692
4416
2992
1268
716
76
-832
-1220
-1920
-712
32
620
1400
2924
3948
4968
5120
5264
5120
4504
4076
2756
1032
652
-424
-844
-1504
-1856
-524
172
816
1760
3148
4268
5060
4952
5268
5076
4700
3868
2312
988
448
-436
-944
-1696
-1564
-296
292
856
2004
3572
4428
5172
5068
5356
4912
4556
3524
2028
916
200
-636
-1036
-1924
-1284
-140
376
932
2296
3536
4664
5200
5080
5384
4684
4300
3092
1460
884
56
-868
-1008
-1812
-900
-40
588
1216
2772
3932
5052
5216
5216
5296
4788
4284
2920
1268
804
-64
-748
-1340
-1788
-512
128
684
1516
2968
4028
5020
5076
5344
5092
4728
3924
2556
1240
768
-360
-800
-1688
-1600
-312
168
684
1916
3204
4344
5212
5016
5380
4976
4620
3720
1972
844
400
-752
-880
-1712
-1492
-160
256
900
2304
3516
4608
5316
4980
5436
4896
4508
3348
1676
788
452
-744
-936
-1816
-1164
-144
560
1000
2688
3776
4920
5372
5000
5368
4684
4300
3052
1436
896
112
-828
-1100
-1908
-900
136
488
1216
2820
3820
5036
5048
5140
5200
4472
4000
2704
1048
716
-264
-884
-1484
-1800
-540
124
784
1624
3176
4140
5172
4928
5340
5116
4640
4116
2376
1068
664
-484
-772
-1576
-1608
-96
220
832
2068
3280
4484
5264
4908
5476
5004
4544
3828
1980
1024
432
-608
-864
-1876
-1268
-104
240
832
2428
3468
4728
5252
4984
5428
4716
4284
3252
1428
872
136
-816
-880
-1884
-1036
-8
388
1276
2716
3764
4948
4996
4976
5360
4640
4296
2848
1124
732
-160
-808
-1248
-1892
-540
176
616
1492
3028
4116
5132
5064
5296
5124
4800
4136
2580
1148
620
-356
-788
-1504
-1704
-348
168
680
1740
3352
4132
5124
4848
5276
4908
4576
3748
2128
1060
540
-536
-936
-1836
-1556
-140
280
888
2192
3472
4608
5128
5016
5456
4844
4492
3432
1712
952
212
-664
-1036
-1808
-1124
20
592
1096
2604
3828
4916
5260
5072
5420
4940
4512
3228
1508
772
184
-964
-1236
-1872
-884
-68
452
1192
2924
3852
4972
5068
5152
5320
4688
4216
3028
1256
724
-112
-848
-1336
-1848
-608
176
624
1572
3064
3940
5108
4884
5320
5156
4568
4008
2500
1040
580
-400
-976
-1724
-1716
-300
292
904
2024
3328
4328
5276
5016
5428
4916
4608
3688
1984
920
428
-740
-892
-1808
-1332
-136
380
1020
2332
3612
4784
5248
4984
5428
4924
4640
3328
1512
868
168
-600
-1004
-1732
-828
-76
448
1112
2628
3692
4896
5148
4984
5440
4676
4288
3116
1296
600
-32
-880
-1268
-1808
-696
56
668
1476
2840
3948
5028
5092
5244
5232
4692
4176
2564
1136
616
-360
-776
-1496
-1832
-296
108
760
1788
3312
4364
5236
4960
5436
5132
4548
3968
2288
968
536
-596
-836
-1620
-1556
-208
172
676
2188
3280
4420
5272
4860
5496
4904
4512
3544
1688
828
388
-816
-928
-1836
-1284
-120
376
944
2416
3476
4644
5204
5096
5472
4700
4356
3192
1532
836
228
-764
-1032
-1964
-848
32
548
1308
2840
3720
4908
5124
5148
5336
4788
4212
2928
1232
832
-60
-860
-1268
-1720
-540
56
596
1540
2996
3848
5092
5048
5220
5092
4584
3852
2540
984
440
-344
-1048
-1632
-1760
-508
336
648
1764
3244
4240
5352
4916
5368
5036
4500
3624
2144
864
328
-756
-940
-1624
-1432
-116
400
928
2368
3656
4516
5424
4992
5548
4836
4416
3584
1776
784
260
-820
-1100
-1860
-1156
8
428
1248
2684
3688
4748
5248
4936
5420
4704
4320
3300
1572
732
-40
-840
-1096
-1924
-828
68
608
1356
2840
3936
5112
5096
5072
5312
4604
4156
2660
1112
836
-176
-768
-1296
-1756
-264
192
716
1788
3116
4168
5276
5064
5312
5092
4548
3784
2332
1088
624
-500
-872
-1520
-1568
-248
188
876
2040
3384
4524
5220
4952
5488
5056
4672
3712
1944
760
504
-688
-988
-1792
-1376
-216
336
856
2336
3496
4696
5232
4960
5504
4792
4456
3312
1568
756
264
-820
-1064
-1824
-944
72
392
1176
2772
3716
4796
5064
5084
5412
4572
4260
2952
1188
776
-60
-756
-1104
-1784
-564
164
732
1568
3052
4136
5128
5084
5304
5172
4516
3956
2440
1132
516
-424
-912
-1568
-1864
-368
188
756
1740
3256
4192
5304
5032
5416
5112
4636
3660
2100
788
476
-720
-872
-1672
-1584
-184
324
768
2104
3392
4508
5416
4896
5384
4848
4480
3424
1856
1008
424
-616
-980
-1808
-1048
32
440
1116
2572
3684
4744
5232
5076
5444
4648
4456
3168
1464
712
4
-784
-1064
-1848
-904
28
632
1048
2920
4080
4992
5100
5160
5360
4576
4264
2848
1132
772
-244
-920
-1288
-1816
-488
172
552
1460
2976
4128
5192
4992
5196
5132
4644
4024
2368
1048
604
-372
-820
-1480
-1616
-256
280
772
2092
3392
4396
5456
5036
5492
5004
4584
3788
2052
900
484
-664
-940
-1728
-1548
-296
348
824
2384
3560
4568
5256
4836
5332
4788
4440
3488
1596
868
184
-916
-1000
-1804
-1152
24
432
864
2560
3680
4776
5332
4936
5488
4800
4276
2964
1348
808
48
-1024
-1160
-1944
-684
336
560
1236
3020
3860
5100
5024
5196
5380
4580
4144
2780
1072
804
-176
-932
-1140
-1780
-376
268
608
1600
3136
4092
5236
4972
5240
5140
4496
3952
2360
808
600
-612
-1012
-1668
-1680
-300
204
728
2064
3372
4416
5296
4948
5448
5004
4568
3676
1716
932
324
-780
-892
-1700
-1180
-52
376
1116
2420
3632
4872
5280
5056
5504
4680
4340
3336
1596
756
140
-900
-1168
-1896
-1076
-40
476
1068
2816
3664
4856
5260
5116
5384
4780
4200
3040
1060
756
-68
-1052
-1376
-1892
-752
-60
408
1552
2940
3820
5116
4964
5220
5328
4652
4180
2596
996
524
-360
-1028
-1560
-1712
-460
72
612
1748
3300
4308
5240
5028
5432
5112
4748
3800
2332
952
588
-512
-956
-1748
-1616
-168
344
704
2152
3460
4348
5416
4788
5404
5028
4488
3668
1856
824
404
-804
-948
-1816
-1304
-12
408
980
2436
3424
4700
5276
4956
5352
4696
4340
3308
1404
768
124
-880
-1216
-1820
-912
8
440
1128
2772
3852
4972
5156
5252
5364
4728
4124
3028
1276
752
-80
-864
-1216
-1748
-644
184
568
1600
3144
4028
5188
5036
5372
5300
4500
4060
2628
1072
688
-348
-872
-1428
-1700
-328
300
820
1828
3296
4264
5320
4924
5328
4860
4440
3720
1976
784
396
-652
-1008
-1708
-1524
-188
316
900
2364
3420
4568
5376
5060
5568
4928
4472
3488
1768
848
264
-904
-912
-1792
-1200
-132
400
1040
2584
3616
4784
5224
4988
5380
4704
4412
3188
1396
808
124
-804
-1044
-1848
-804
156
588
1248
2832
3924
4948
5020
5108
5308
4644
4040
2648
1068
708
-324
-944
-1348
-1948
-636
180
572
1640
3064
4256
5320
5064
5316
5192
4564
4024
2520
1116
612
-508
-832
-1616
-1824
-344
88
716
1904
3256
4416
5284
4852
5632
5136
4600
4008
2004
960
476
-792
-784
-1628
-1412
28
268
868
2348
3516
4596
5252
4960
5356
4852
4352
3508
1580
944
284
-920
-1100
-1848
-1164
-60
444
1056
2564
3764
4808
5132
4952
5380
4760
4308
3140
1412
664
0
-932
-1268
-1896
-940
96
500
1068
2856
3912
5116
5096
5084
5248
4620
4196
3000
1240
868
-112
-792
-1364
-1824
-452
196
704
1712
3060
4092
5216
4856
5292
5184
4540
3996
2256
952
692
-624
-804
-1536
-1808
-176
172
724
2076
3036
4416
5232
4940
5524
4948
4576
3780
1864
996
384
-804
-924
-1780
-1284
-112
236
732
2248
3448
4520
5068
5004
5416
4860
4592
3548
1764
996
296
-768
-892
-1800
-1088
20
388
1144
2616
3592
4896
5060
5056
5400
4588
4384
3128
1308
916
60
-808
-1000
-1852
-764
88
432
1324
2852
3932
5120
4972
5180
5368
4584
4124
2704
1052
672
-320
-912
-1460
-1836
-620
76
728
1588
3084
4136
5204
4988
5340
5272
4696
4028
2512
1112
736
-392
-824
-1532
-1588
-200
216
748
1796
3316
4448
5100
4856
5432
4884
4600
3816
2068
988
544
-528
-844
-1688
-1364
-76
328
968
2280
3512
4640
5208
4888
5492
4804
4496
3516
1712
636
124
-896
-1044
-1988
-1172
-76
504
1004
2568
3644
4848
5232
5120
5448
4672
4468
3240
1236
1032
36
-796
-1004
-1916
-716
80
556
1368
2816
3820
4864
4972
5152
5304
4760
4240
2896
1188
768
-184
-652
-1312
-1840
-408
-108
652
1620
3028
4040
5176
4960
5368
5088
4580
3844
2380
1024
512
-500
-892
-1676
-1656
-276
196
744
1948
3288
4392
5296
4980
5432
4980
4532
3708
2188
984
452
-536
-988
-1948
-1444
-288
352
844
2156
3464
4536
5200
5004
5408
4896
4544
3580
1772
1004
496
-544
-940
-1788
-1152
-184
472
1004
2448
3640
4676
5124
4876
5320
4596
4284
3124
1468
736
-48
-872
-1040
-1756
-836
40
580
1364
2960
4072
5084
5068
5188
5264
4616
4152
2784
1172
688
-324
-880
-1324
-1888
-544
-72
560
1560
3020
4100
5144
5016
5496
5364
4728
4172
2528
1160
736
-332
-764
-1644
-1680
-372
100
808
1680
3120
4420
5068
4968
5424
4960
4592
3796
2212
1064
628
-488
-824
-1560
-1360
-200
404
888
2180
3404
4464
5148
4844
5552
4872
4484
3632
1688
696
412
-932
-968
-1800
-1292
-152
444
976
2560
3700
4872
5232
5124
5540
4680
4408
3416
1544
780
60
-868
-1144
-1704
-788
72
592
1240
2816
3864
4992
5008
5080
5424
4664
4204
3028
1224
736
-92
-876
-1232
-1744
-560
76
536
1344
3008
4028
5216
4952
5132
5256
4604
4064
2572
1040
680
-480
-964
-1504
-1824
-428
200
692
1856
3288
4468
5288
5076
5392
5092
4744
3884
2204
1004
412
-632
-848
-1664
-1536
-128
276
780
2264
3444
4560
5292
4964
5564
4928
4408
3672
1860
1084
272
-840
-796
-1908
-1164
-68
288
1160
2376
3616
4764
5072
4992
5460
4536
4296
3268
1488
828
100
-696
-1052
-1972
-872
40
496
1232
2660
3808
4968
5172
5168
5340
4668
4392
3004
1268
864
-84
-772
-1468
-1876
-668
56
604
1548
3044
4096
5100
4992
5336
5208
4704
4104
2652
1200
748
-344
-728
-1372
-1676
-400
268
836
1916
3208
4136
5180
4980
5464
5068
4540
3972
2200
952
604
-620
-872
-1748
-1672
-164
220
848
2128
3212
4516
5180
4792
5548
4852
4616
3664
1820
956
500
-620
-972
-1892
-1332
-108
408
1016
2380
3576
4824
5364
5076
5472
4712
4452
3296
1776
788
84
-568
-916
-1964
-840
-12
508
1316
2584
3840
4860
5032
5176
5344
4664
4404
2980
1308
704
-96
-684
-1192
-2056
-840
-112
548
1228
2804
4036
4916
4968
5188
5336
4772
4196
2680
1088
780
-252
-924
-1396
-1808
-424
156
540
1576
3032
4196
5176
5096
5352
5108
4784
4036
2536
1040
696
-344
-824
-1532
-1632
-252
160
692
1884
3160
4328
5300
4888
5376
4804
4528
3684
2036
996
488
-664
-824
-1824
-1476
-76
304
776
2212
3456
4604
5284
4836
5408
4732
4504
3388
1712
892
312
-844
-1100
-1980
-1048
-104
288
988
2632
3776
4828
5252
5056
5468
4620
4456
3292
1496
896
4
-804
-1052
-1876
-764
16
576
1332
2888
3984
4908
5048
5176
5400
4528
4268
2672
1200
760
-132
-852
-1408
-1812
-572
148
684
1584
3060
4132
4976
4916
5156
5256
4560
3856
2464
1092
592
-340
-936
-1568
-1656
-240
236
780
1912
3336
4324
5160
5048
5472
4980
4604
3884
2228
988
528
-592
-860
-1704
-1492
-280
272
812
2236
3396
4508
5280
4888
5400
4952
4516
3688
1852
968
348
-648
-936
-1892
-1200
-108
492
896
2468
3712
4716
5104
5060
5424
4716
4380
3184
1460
888
56
-940
-1080
-1956
-840
44
492
1152
2844
3908
5004
5056
5216
5344
4644
4372
2864
1340
888
-172
-848
-1272
-1880
-652
96
672
1340
3080
4088
5160
5144
5360
5332
4700
4100
2876
1104
588
-284
-908
-1552
-1760
-556
192
660
1684
3144
4080
5120
4948
5268
5112
4624
3832
2332
948
636
-536
-988
-1516
-1508
-416
228
640
1976
3440
4348
5276
4896
5424
4828
4380
3632
1908
868
336
-708
-972
-1816
-1168
-48
476
964
2436
3660
4896
5292
5144
5432
4840
4356
3396
1620
796
116
-788
-1112
-1912
-916
28
560
1112
2632
3660
4804
5308
5056
5304
4864
4264
3072
1344
684
-16
-848
-1284
-1772
-772
84
532
1216
2860
3960
5020
5012
5120
5304
4680
4092
2928
1108
628
-120
-780
-1328
-1752
-532
260
640
1600
3136
4080
5236
4968
5188
5088
4620
3912
2424
904
632
-416
-892
-1632
-1696
-448
208
748
2000
3364
4416
5416
5120
5460
5152
4576
3704
2056
828
400
-628
-1000
-1956
-1532
-88
232
824
2276
3544
4476
5296
4952
5432
4772
4380
3596
1824
772
320
-704
-996
-1892
-1264
-152
420
1040
2600
3844
4756
5204
4928
5492
4752
4336
3144
1452
876
76
-684
-1152
-1816
-784
88
540
1332
2892
3916
5044
5024
5244
5396
4784
4104
2768
1244
612
-212
-912
-1260
-1668
-720
56
556
1564
2996
3960
5168
5040
5164
5176
4636
3884
2536
968
548
-324
-804
-1500
-1688
-364
280
736
1852
3232
4264
5188
4988
5300
4904
4668
3696
2164
1052
552
-484
-780
-1696
-1348
-164
308
812
2288
3548
4492
5212
4900
5396
4824
4532
3536
1688
880
388
-796
-964
-1768
-1036
-104
460
964
2568
3728
4624
5280
5008
5272
4720
4272
3264
1400
612
100
-776
-1096
-1736
-924
0
496
1032
2676
3824
4948
5272
5056
5472
4808
4160
3108
1208
684
-16
-828
-1268
-1872
-736
188
664
1404
3188
4032
5024
4984
5244
5236
4776
4200
2668
1160
880
-236
-868
-1292
-1756
-404
68
596
1844
3264
4052
5200
4916
5296
5068
4444
3856
2228
848
508
-620
-1080
-1668
-1680
-204
412
796
2136
3420
4456
5240
4928
5352
4832
4436
3636
1808
876
464
-620
-944
-1844
-1172
68
524
876
2436
3744
4688
5240
4976
5388
4852
4508
3408
1608
900
220
-744
-1056
-1804
-1020
-60
564
1112
2648
3812
4764
5176
5012
5332
4712
4224
3068
1312
628
-56
-996
-1200
-1812
-816
36
584
1316
3028
3896
4964
5040
5136
5276
4648
3972
2832
964
560
-180
-900
-1468
-1660
-556
208
616
1776
3236
4160
5204
5064
5336
5224
4528
3784
2276
956
604
-436
-1072
-1464
-1484
-264
260
764
2168
3436
4276
5264
4868
5344
4952
4492
3692
2028
828
416
-732
-996
-1856
-1468
8
448
904
2412
3648
4624
5200
4944
5384
4892
4376
3480
1604
784
272
-840
-1004
-1868
-1108
80
460
968
2664
3728
4888
5048
5028
5292
4712
4332
3172
1452
860
248
-788
-1136
-1680
-632
160
680
1324
2912
3940
5080
5096
5112
5224
4652
4124
2852
1036
536
-280
-892
-1288
-1708
-540
56
528
1596
3088
4224
5212
4984
5240
5144
4692
3968
2380
968
552
-388
-996
-1736
-1568
-308
140
748
2044
3352
4432
5328
5000
5404
5024
4572
3704
2116
1028
456
-588
-1000
-1776
-1328
-140
572
980
2496
3564
4552
5320
4900
5428
4800
4368
3384
1684
776
400
-796
-1140
-1768
-1088
-56
456
1112
2652
3672
4736
5232
5000
5284
4796
4212
3012
1352
652
-64
-788
-1300
-1900
-748
24
568
1312
2948
3820
5036
5128
5192
5360
4640
4140
2788
1284
680
-224
-848
-1408
-1864
-408
136
604
1700
3204
4080
5348
5048
5268
5104
4540
3952
2508
952
596
-396
-912
-1600
-1600
-344
388
780
1980
3384
4396
5280
5072
5340
4972
4544
3700
1980
804
344
-728
-1116
-1896
-1464
-232
428
752
2416
3576
4560
5192
5076
5392
4844
4400
3420
1764
944
280
-732
-916
-1696
-968
-16
532
1112
2708
3936
4912
5080
5088
5304
4648
4216
3068
1216
736
120
-920
-1224
-1776
-752
124
692
1492
2848
3884
5056
5084
5096
5308
4572
4024
2740
1056
552
-168
-1004
-1564
-1832
-552
260
832
1700
3344
4200
5324
5048
5228
4992
4572
3840
2340
1064
532
-500
-752
-1620
-1680
-272
240
696
2164
3468
4396
5288
4972
5556
4904
4604
3644
2124
984
544
-656
-752
-1708
-1304
16
360
912
2316
3464
4588
5272
4992
5400
4852
4428
3436
1624
676
232
-808
-1152
-1776
-936
8
440
1024
2700
3724
4816
5156
4924
5416
4736
4256
3116
1360
812
-36
-1000
-1212
-1880
-816
64
604
1584
3072
4004
5204
5140
5196
5232
4660
4016
2776
1072
660
-252
-876
-1388
-1824
-528
72
568
1708
3280
4176
5268
5056
5348
5056
4704
3964
2224
1020
612
-484
-900
-1596
-1616
-92
308
872
2004
3420
4504
5208
4808
5328
4788
4372
3452
1780
916
480
-712
-1012
-1660
-1132
-140
412
1048
2668
3664
4840
5348
4992
5448
4820
4420
3372
1484
756
108
-856
-1156
-1936
-1084
-24
456
1060
2776
3896
4916
5284
5152
5428
4736
4416
3192
1344
704
-12
-972
-1224
-1668
-844
-8
584
1320
3152
4068
5032
4912
5208
5344
4468
4044
2676
952
640
-372
-920
-1496
-1736
-432
128
580
1900
3324
4252
5336
4900
5364
5044
4636
3764
2148
956
484
-596
-868
-1596
-1328
-104
380
992
2372
3552
4516
5404
5148
5484
5004
4528
3572
1780
856
428
-680
-1156
-1992
-1304
-144
440
860
2504
3512
4668
5264
4996
5492
4824
4360
3264
1380
752
76
-936
-1256
-1760
-848
0
460
1172
2904
3888
5004
5088
5168
5292
4608
4180
2884
1172
724
-60
-816
-1348
-1692
-580
92
620
1636
3116
4236
5176
5092
5256
5228
4596
3948
2580
964
604
-288
-928
-1556
-1668
-344
192
604
1912
3352
4216
5208
4884
5468
5044
4600
3756
2016
740
368
-692
-1068
-1772
-1440
-240
240
692
2236
3496
4472
5244
4972
5428
4828
4452
3436
1776
740
368
-752
-1024
-1820
-992
76
480
1096
2700
3688
4828
5224
5064
5524
4716
4304
3128
1252
760
192
-808
-1156
-1824
-672
140
648
1344
3144
4032
5100
5148
5220
5308
4708
4124
2836
1136
752
-208
-952
-1564
-1904
-604
92
600
1520
3084
4044
5288
4932
5340
5092
4580
4012
2468
1068
696
-428
-888
-1472
-1600
-324
280
828
2132
3276
4400
5228
4912
5300
4940
4408
3592
1872
840
612
-620
-860
-1568
-1240
-100
620
1028
2608
3600
4612
5372
5068
5432
4804
4344
3432
1464
760
156
-844
-1188
-1860
-1152
-160
412
968
2728
3744
4808
5168
5028
5408
4696
4276
3252
1224
772
124
-1032
-1232
-1740
-864
148
472
1360
3104
3800
5060
4984
5036
5288
4444
4012
2788
1040
752
-132
-888
