# meta_json={"schema_version":4,"record_id":"20260928T183644_0800_fanA_r001","data_role":"formal","source_type":"real","device_id":"fanA","device_type":"fan","session_id":"fanA_rig01_9V_20260928_d","acquired_at":"2026-09-28T18:36:44+08:00","observed_condition":"mount_looseness","target_label":"looseness","label_basis":"controlled_injection","label_confidence":"confirmed","fault_level":1,"fault_method":"fastener_backoff","tape_count":0,"loose_fastener_id":"M1","loosen_turns":0.25,"measurement_axis":"X","reference_gravity_axis":"Y","reference_gravity_sign":"+1","fixture_id":"rig01","sensor_module_id":"mpu01","sensor_mount_id":"fan_frame_top_left","installation_orientation_id":"x_measure_y_gravity","calibration_id":"uncalibrated","voltage_set_v":9.0,"firmware_build_id":"6db13e6","notes":"仅从12V改为9V；保持M1回退0.25圈","fs_config_hz":1000,"window_samples":1024,"window_nominal_ms":1024.0,"capture_samples":20480,"capture_nominal_ms":20480.0,"afs_code":0,"frames":20,"first_seq":1,"last_seq":20,"lost_frames":0,"sample_id_gaps":0,"capture_mode":"fifo_continuous"}
3652
4136
624
-2316
-1508
-1556
-2992
396
2788
2972
5340
7188
6032
4084
4372
1952
-1496
-1964
-744
-3084
-544
2356
3136
4292
7464
6268
4300
3916
2560
-1256
-2388
-880
-2860
-1480
1972
3020
3660
7228
7108
4808
4092
3992
-392
-2168
-700
-2336
-2200
1436
2984
3332
6168
7112
5140
3724
4168
440
-2344
-1304
-1748
-2804
580
2704
3240
5500
7312
6016
3976
4516
1664
-1824
-1636
-1284
-3072
-224
2472
2856
4732
7128
6236
4000
3908
2644
-1552
-2336
-688
-3204
-1160
2240
2904
3864
7144
6988
4844
4216
3728
-452
-2164
-672
-2448
-1948
1540
3104
3228
6460
6904
5176
3588
4156
156
-2576
-1168
-1804
-2700
888
2728
3220
5784
7364
6096
3864
4576
1532
-1984
-1748
-1056
-3160
-20
2636
2920
4712
7256
6088
4028
4008
2348
-1560
-2196
-760
-2992
-1152
2424
2936
4232
7124
6612
4848
4152
3528
-620
-2548
-552
-2560
-2060
1704
3064
3300
6668
6784
4996
3660
3752
-136
-2212
-1316
-1832
-2672
1164
3196
3040
6192
7444
5688
4036
4548
960
-1620
-1468
-1012
-3196
188
2640
2956
4884
7416
5872
3836
3848
1924
-1688
-2420
-836
-3292
-664
2292
2956
4448
7332
6520
4692
4092
3276
-768
-2292
-400
-2748
-1580
1776
2996
3420
6640
6648
4852
3740
3776
-344
-2548
-1088
-2176
-2548
1184
3072
3180
6208
7268
5732
4052
4524
904
-1932
-1208
-1356
-3040
416
2688
2988
5256
7108
5944
3828
3952
1876
-1772
-2232
-848
-3256
-624
2512
2844
4600
7088
6564
4596
4364
2972
-936
-2196
-576
-3048
-1380
2060
3024
3516
6952
6536
4832
3780
3436
-424
-2704
-1044
-2280
-2484
1432
2924
3240
6652
7112
5532
3940
4252
948
-2296
-1152
-1356
-3008
996
2852
3132
5580
6920
5768
4004
4008
1444
-1936
-1888
-920
-3312
-428
2692
2928
4660
7388
6408
4120
4308
2632
-1252
-1892
-600
-3132
-1096
2180
2856
3688
6996
6412
4464
3844
3188
-668
-2544
-988
-2628
-2284
1308
3228
3200
6532
7196
5364
4020
4192
260
-1872
-1284
-1620
-2592
900
2972
3096
5708
7240
5632
3592
4176
936
-2056
-1820
-1308
-3196
68
2628
3136
4888
7616
6296
4308
4460
2420
-1168
-2052
-628
-2792
-780
2448
2992
3964
7100
6604
4284
3952
2948
-996
-2620
-800
-2860
-1812
1772
2972
3732
6772
6900
5100
3960
3880
164
-2224
-780
-1796
-2580
1208
3124
3076
6192
7088
5516
3840
4040
620
-2116
-1616
-1428
-3200
404
2500
3036
5276
7368
6148
3972
4508
2132
-1440
-1760
-560
-2968
-328
2536
3104
4416
7240
6304
4340
4084
2568
-1336
-2536
-1056
-2992
-1548
1724
2892
3628
6860
6872
4852
4148
3788
-56
-2304
-728
-2052
-1952
1252
3236
3052
6456
7112
5236
3868
3956
248
-2316
-1428
-1604
-2860
536
2828
2756
5680
7320
5764
3952
4288
1696
-1616
-1728
-712
-2976
-108
2788
2992
4920
7564
6136
4220
4116
2352
-1524
-2344
-884
-3148
-1036
2256
2648
3812
7068
6424
4704
3972
3212
-624
-2276
-704
-2280
-1900
1788
3352
3560
6716
7176
5008
3884
4128
20
-2380
-1172
-2004
-2664
608
3056
2684
5608
7216
5584
3764
4240
924
-1888
-1556
-1044
-2900
184
3036
3136
5176
7404
6456
4028
4376
1964
-1360
-2100
-888
-3044
-712
2264
3004
4000
7232
6616
4368
3912
3208
-1248
-2152
-732
-2724
-1304
1888
3200
3692
6788
6948
4884
4140
3764
-304
-2232
-1036
-2460
-2512
1080
2820
3200
6044
7164
5304
3884
4088
512
-2324
-1304
-1580
-2732
464
3080
3040
5584
7392
5992
4092
4352
1728
-1736
-1888
-956
-3168
-400
2580
2772
4560
7304
6400
4192
4328
2428
-1176
-2048
-764
-2984
-1076
2060
3160
3968
6988
6948
4624
4220
3488
-624
-2300
-768
-2608
-1872
1220
2944
3056
6520
7056
5008
3788
4252
-68
-2380
-1120
-2116
-2444
944
3012
3128
6028
7400
5652
3804
4448
1012
-1892
-1600
-1196
-2924
52
2656
3160
4836
7440
5956
4100
4152
1924
-1652
-2104
-848
-3076
-640
2444
2896
4284
7304
6336
4732
4076
3200
-1044
-2060
-652
-2776
-1696
2008
2744
3596
6856
6640
4884
3744
3540
-520
-2368
-872
-2232
-2264
1372
3096
3248
6388
7132
5480
3900
4296
516
-2028
-1332
-1472
-3116
648
2644
2896
5500
7028
5620
3760
4232
1364
-1864
-1908
-796
-3320
-36
2680
3184
4768
7664
6284
4444
4392
2568
-1404
-2128
-652
-3136
-1040
2040
3032
3916
7068
6592
4832
3928
3360
-716
-2508
-560
-2444
-1900
1980
3200
3376
6892
6992
4980
4188
3852
40
-2156
-1156
-2056
-2740
996
2932
2844
5840
7012
5496
3864
4328
900
-2080
-1524
-1308
-2964
384
2884
3084
5264
7500
6052
4312
4396
2004
-1880
-1896
-960
-3120
-668
2380
2844
4292
7364
6300
4328
4200
2820
-1152
-2200
-620
-2836
-1292
2036
3156
3988
7024
7056
4892
4060
3472
-588
-2300
-988
-2304
-2204
1268
3008
3104
6344
7096
5188
3936
3984
248
-2272
-1268
-1688
-2784
792
2848
3200
5752
7292
6000
3800
4308
1336
-2044
-1652
-1248
-3036
-12
2528
2832
4864
7240
6044
4004
4268
2080
-1504
-1976
-760
-3008
-556
2356
3128
4276
7300
6700
4524
4256
3152
-788
-2344
-772
-2856
-1476
1620
3124
3584
6608
6920
4728
3812
3764
-364
-2292
-1008
-2068
-2284
1200
3232
3288
6344
7336
5440
3964
4240
480
-2100
-1404
-1580
-3056
652
2856
2780
5516
7320
5748
4080
4352
1528
-1688
-1756
-844
-3080
-212
2560
2984
4724
7456
6428
4416
4208
2540
-1440
-2160
-616
-3000
-1024
2176
2772
4052
7116
6756
4660
3948
3352
-664
-2260
-792
-2480
-1928
1800
3124
3376
6800
7108
4784
4064
3588
28
-2404
-1076
-2124
-2564
912
2944
2992
6060
7160
5668
4056
4256
1048
-2084
-1460
-1228
-2904
568
2764
2884
5392
7292
6152
3984
4212
1888
-1884
-1964
-804
-3164
-460
2436
2984
4756
7124
6552
4464
4076
2864
-1228
-2228
-560
-2996
-1300
2188
2988
3876
7152
6764
4652
3912
3508
-640
-2576
-908
-2592
-2076
1380
2980
3412
6444
7136
5176
3800
4060
64
-2064
-1372
-1608
-2856
808
2904
3064
5868
7320
5616
4012
4048
1380
-2024
-1752
-1032
-3232
20
2636
2948
5192
7312
6004
4064
4276
2096
-1512
-1816
-888
-2964
-604
2352
2980
4576
7048
6608
4496
4112
3048
-1028
-2332
-760
-2856
-1488
1908
3028
3656
6944
6928
4836
4000
3520
-480
-2376
-952
-2296
-2284
1328
2940
3128
6256
7208
5368
3724
4208
412
-2304
-1272
-1648
-3048
812
2768
3104
5508
7264
5864
3812
4336
1324
-1784
-1640
-936
-2976
68
2536
3080
4820
7220
6236
4244
4112
2432
-1380
-2196
-880
-2936
-940
2232
2908
4228
7172
6752
4856
3988
3132
-944
-2368
-716
-2768
-1836
1812
3080
3624
6724
6864
4940
3808
3668
-332
-2344
-1084
-2168
-2536
1144
2852
3136
6252
7220
5492
3736
4192
704
-2172
-1436
-1412
-3000
548
3020
2944
5520
7512
5956
4108
4240
1712
-1896
-1844
-744
-3224
-120
2628
2896
4708
7240
6356
4396
4012
2668
-1328
-2264
-848
-3256
-1144
2132
3040
4056
7072
6804
4900
3820
3452
-560
-2224
-828
-2376
-1984
1544
3068
3412
6292
7020
5000
3724
3812
-40
-2248
-1236
-1844
-2864
1264
2912
3132
6000
7360
5744
4020
4320
1176
-2044
-1344
-1280
-3112
440
2672
2888
5304
7204
5996
3932
4272
1772
-1872
-1996
-988
-3152
-328
2352
3004
4424
7408
6656
4492
4232
3224
-1052
-2176
-592
-2840
-1356
2044
2832
3712
6840
6628
4744
3840
3380
-596
-2520
-992
-2444
-2424
1460
2964
3448
6520
7172
5436
3892
4016
608
-2128
-1068
-1576
-2812
912
3028
3080
5656
7264
5676
3836
4192
1216
-2236
-1728
-1400
-3420
80
2496
2896
5024
7444
6304
4244
4336
2512
-1652
-1808
-576
-3040
-696
2456
2928
4448
7196
6488
4396
4040
3028
-1032
-2544
-780
-2828
-1600
1616
2928
3636
6948
6900
5024
3960
3844
-108
-2472
-900
-2116
-2612
1244
2904
3140
6284
7044
5420
3716
4072
588
-2112
-1380
-1452
-2920
456
2960
3192
5380
7540
5996
4068
4392
1788
-1952
-1504
-844
-3084
-316
2732
2796
4836
7152
6176
4244
4148
2356
-1564
-2248
-824
-2936
-1136
2116
3140
4096
7140
6824
4580
4236
3392
-752
-2492
-680
-2484
-2008
1552
3100
3280
6464
6960
5160
3820
3668
-132
-2148
-1116
-2068
-2596
912
3056
3180
5944
7232
5808
3928
4460
1096
-1792
-1448
-1148
-3084
312
2768
3112
5116
7492
5928
4000
4244
1820
-1784
-2052
-864
-3276
-640
2348
2924
4328
7324
6592
4500
4188
3004
-744
-2236
-556
-2680
-1432
2076
3224
3600
6888
6760
4680
3952
3496
-724
-2524
-968
-2496
-2296
1404
2768
3224
6520
6780
5544
3736
4196
728
-2148
-1120
-1380
-2624
732
2952
3040
5600
7376
5824
3692
4288
1488
-2316
-1840
-1136
-3224
-120
2452
2956
5020
7280
6292
4336
4352
2368
-1240
-1976
-880
-2920
-728
2168
3232
4024
7092
6796
4456
4020
3168
-1032
-2272
-672
-2868
-1784
1608
2884
3448
6700
6988
5048
3996
3848
-196
-2132
-988
-2036
-2380
956
2988
3076
6124
7164
5740
3816
4228
964
-2152
-1532
-1308
-3100
448
2744
3032
5236
7304
6012
4012
4244
1700
-1736
-1960
-912
-3224
-328
2552
3212
4644
7476
6440
4468
4188
2824
-1248
-2264
-636
-2836
-1400
1820
3072
3732
6860
6724
4620
3920
3472
-408
-2360
-956
-2268
-2020
1384
3272
3296
6448
7112
5368
3980
4396
232
-2348
-1196
-1892
-2824
580
2872
2832
5604
7380
5716
3764
4412
1100
-1940
-1644
-1084
-3120
48
2492
3096
4960
7332
6188
4328
4100
2444
-1336
-2148
-788
-3080
-976
2044
3028
4048
7240
6480
4536
4024
3348
-948
-2428
-652
-2652
-1944
1888
3084
3524
6816
6852
5144
4020
3996
16
-2400
-980
-1856
-2668
916
2940
3040
5956
6964
5524
3876
4124
904
-2136
-1548
-1112
-3016
276
2924
2868
5296
7368
6056
4020
4456
2016
-1716
-1808
-944
-3200
-576
2492
3008
4308
7096
6600
4248
4324
2816
-988
-2276
-460
-2972
-1480
1892
3000
3788
6900
6764
5048
3760
3784
-200
-2464
-756
-2292
-2368
1428
3028
3060
6320
6948
5312
3936
4228
508
-2424
-1248
-1604
-3116
608
2816
2820
5616
7172
5964
3884
4280
1660
-1884
-1660
-1020
-3088
-124
2500
2972
4816
7224
6384
4140
4292
2584
-1280
-2236
-552
-3012
-1212
2084
3020
3836
7144
6704
4688
3940
3420
-488
-2536
-844
-2556
-2032
1460
3004
3304
6640
6936
5244
3684
4012
172
-2108
-1164
-1888
-2764
880
3104
3016
5800
7372
5772
3744
4324
852
-1888
-1904
-1200
-3212
108
2628
3060
4864
7380
6176
4264
4324
2276
-1344
-2200
-520
-3028
-744
2468
3116
4200
7236
6508
4532
4056
3168
-1184
-2156
-664
-2924
-1460
1840
3052
3552
6532
6944
5264
3656
4000
-152
-2120
-1052
-2036
-2364
1064
3116
2928
6112
7228
5168
3516
4224
616
-2188
-1456
-1396
-3292
480
2652
2828
5440
7228
5844
4040
4320
1824
-1540
-1748
-804
-2960
-284
2548
3032
4484
7384
6260
4280
4072
2744
-1512
-2272
-696
-2932
-1376
1988
2988
3844
7024
6808
4984
4136
3696
-356
-2304
-856
-2256
-2132
1332
3012
3124
6456
6900
5180
3776
3952
208
-2380
-1152
-1716
-2872
748
2900
3032
5760
7264
5624
4080
4192
1248
-1748
-1672
-960
-3104
20
2736
2944
4896
7528
5960
4144
4372
2200
-1420
-2236
-804
-3044
-848
2280
3124
4088
7160
6620
4764
4056
3252
-840
-2204
-600
-2584
-1692
1856
3036
3688
6596
6944
4936
3876
3876
-288
-2364
-1100
-2184
-2648
960
3072
3072
6192
7424
5724
4076
4448
724
-1956
-1592
-1304
-3048
4
2680
2764
5132
7248
5760
3852
4240
1608
-1976
-2140
-840
-3320
-452
2500
2948
4624
7352
6688
4432
4168
2952
-832
-2200
-436
-2784
-1380
2080
2988
3816
6932
6724
4692
3920
3420
-784
-2388
-944
-2372
-2124
1384
3212
3380
6364
7224
5468
3972
4324
332
-2008
-1136
-1644
-2972
728
2900
2872
5508
7132
5600
3636
4004
1184
-2180
-1812
-1032
-3340
12
2680
2884
5088
7352
6344
4572
4296
2312
-1452
-1892
-860
-3016
-744
2308
2888
4148
7112
6644
4232
4028
3156
-876
-2400
-776
-2864
-1724
1796
3208
3640
6896
7088
5144
4128
3904
172
-2120
-844
-1932
-2400
1212
2944
2920
6132
7148
5456
3440
4004
584
-2484
-1740
-1500
-3280
304
2664
2932
5104
7296
6168
4112
4468
2024
-1588
-1752
-836
-3080
-336
2364
2968
4480
7248
6260
4144
3984
2740
-1520
-2296
-764
-3060
-1412
2096
2900
3944
7104
6904
4976
3972
3704
-164
-2372
-636
-2164
-2000
1440
3116
3168
6556
7116
5304
3792
3916
168
-2596
-1412
-1696
-2976
720
2884
2844
5796
7380
5784
4072
4524
1500
-1784
-1500
-812
-2976
16
2628
2904
4828
7072
6040
3972
3972
2132
-1568
-2324
-832
-3204
-1000
2180
2948
4084
7228
6816
4652
4288
3324
-620
-1948
-380
-2476
-1480
1776
3120
3432
6544
6776
4832
3868
3732
-492
-2424
-1320
-2264
-2428
868
3040
3224
5940
7348
5572
3860
4372
844
-1836
-1308
-1152
-2752
556
2820
3100
5060
7312
5892
3712
4160
1568
-2084
-2028
-948
-3380
-728
2308
2936
4504
7132
6632
4516
4420
2976
-980
-2116
-436
-2768
-1216
2180
3276
3696
7068
6720
4676
3808
3460
-664
-2660
-1112
-2432
-2188
1272
3128
3336
6464
7184
5496
4100
4372
352
-2152
-924
-1612
-2764
884
2840
3060
5740
7268
5664
3904
4040
1160
-2120
-1984
-1052
-3320
-232
2700
2928
4752
7364
6272
4092
4428
2432
-1368
-1912
-580
-3064
-832
2132
3192
4096
7124
6804
4520
3888
3136
-868
-2320
-1040
-2732
-1856
1520
2884
3440
6628
6904
5328
3928
3988
168
-2148
-832
-1756
-2444
1272
3276
3244
6092
7336
5616
3676
4380
676
-2220
-1536
-1648
-3180
288
2452
2796
5040
7360
6040
3924
4372
1976
-1536
-1828
-896
-3032
-372
2280
3128
4476
7280
6396
4336
4048
2828
-1292
-2412
-860
-2880
-1548
1748
3104
3656
6972
6908
4844
3936
3680
-280
-2092
-892
-2128
-2096
1396
3200
3284
6396
7212
5156
3960
4108
420
-2184
-1388
-1716
-2916
512
2684
2884
5536
7228
5812
3912
4184
1376
-1804
-1592
-1056
-2960
-104
2720
3052
4792
7440
6476
4080
4280
2568
-1600
-2132
-800
-3036
-1124
1880
2844
3856
6924
6748
4448
4076
3484
-980
-2136
-820
-2544
-1612
1880
3152
3740
6732
7088
5224
4028
4072
-100
-2264
-1260
-1888
-2792
1040
2756
2876
5860
7460
5352
4196
4268
1160
-2056
-1324
-1496
-2824
312
2852
3092
5300
7292
6020
3972
4204
1904
-1716
-2080
-932
-3128
-688
2312
2788
4444
7268
6316
4264
3992
2900
-1000
-2256
-516
-2820
-1404
1956
2904
3760
6876
6804
4760
3984
3548
-372
-2204
-716
-2412
-2316
1048
2884
3212
6280
7008
5320
3864
4132
408
-2208
-1164
-1552
-2628
660
2904
3124
5676
7336
5976
3896
4324
1400
-2024
-1768
-1032
-3312
-232
2304
2776
4684
7280
6160
4220
4004
2312
-1332
-1988
-820
-2940
-944
2352
3120
4124
7132
6756
4616
4012
3300
-916
-2428
-756
-2720
-2048
1684
2996
3388
6460
7004
5048
3908
3828
-124
-2180
-1120
-1884
-2364
1104
3060
3288
6160
7464
5732
3868
4176
936
-2276
-1444
-1468
-3220
232
2684
2792
5228
7096
5864
4188
4180
1816
-1720
-1928
-932
-2892
-416
2332
3000
4484
7180
6500
4368
3976
2536
-1184
-2412
-756
-3180
-1340
1976
2884
3576
6936
6776
4724
3908
3752
-368
-2280
-856
-2060
-2128
1652
3136
3524
6356
7304
5252
3880
4180
228
-2336
-1192
-1888
-2816
676
2788
2872
5672
7240
5904
3956
4360
1448
-1844
-1508
-1128
-3008
164
2452
3068
5020
7268
6192
3912
4288
2276
-1536
-2068
-880
-3188
-992
2008
3012
4084
6996
6580
4412
3980
3264
-980
-2304
-528
-2860
-1452
1672
3136
3760
6824
7008
5020
3872
3928
-340
-2224
-1044
-2144
-2304
1008
3068
3204
5996
7392
5392
3820
4476
508
-2140
-1052
-1428
-3020
768
2740
2924
5500
7536
5872
4000
4336
1880
-1868
-1976
-1052
-3040
-532
2396
2912
4412
7212
6292
4244
4252
2496
-1532
-2060
-788
-2932
-964
2300
3116
4080
7136
6788
4660
3972
3544
-664
-2348
-912
-2612
-2044
1404
2844
3144
6540
7012
5036
3828
4096
-84
-2140
-956
-1860
-2488
1116
2960
3284
5952
7352
5696
3912
4460
940
-2020
-1636
-1380
-2912
40
2516
2936
4984
7260
6004
3968
4384
2008
-1740
-2048
-800
-2976
-600
2332
3152
4464
7244
6560
4496
4232
3016
-1044
-2244
-772
-2896
-1668
1876
2832
3472
6956
6588
4796
4180
3484
-260
-2100
-1012
-2072
-2248
1584
3060
3288
6360
7404
5560
4052
4244
624
-2188
-1324
-1496
-2928
568
2636
3032
5660
7300
5920
3968
4340
1604
-1896
-1804
-1016
-3036
-120
2780
2944
4896
7372
6296
4240
4188
2252
-1476
-2312
-856
-3088
-1120
1788
3068
4008
6772
6680
4620
3748
3696
-944
-2276
-500
-2712
-1780
1696
2984
3644
6624
6972
5248
3872
4072
84
-2260
-1092
-1976
-2768
872
2944
3000
5932
7220
5716
3944
4256
1188
-1984
-1468
-1064
-2968
260
2984
2932
5360
7356
6152
4232
4276
1760
-1600
-2052
-968
-3044
-860
2388
2968
4372
7088
6512
4520
3988
2964
-960
-2464
-564
-2796
-1408
1740
3100
3608
6852
6864
4916
4052
3776
-404
-2332
-952
-2208
-2252
1272
2996
3072
6228
7284
5120
4016
4192
620
-1956
-1312
-1420
-2852
312
2860
3032
5340
7444
5932
3920
4248
1672
-1908
-2056
-960
-3168
-320
2628
2848
4644
7284
6372
4332
4256
2844
-1176
-2240
-552
-2956
-1048
2080
2856
3888
6676
6492
4844
3840
3504
-548
-2552
-888
-2416
-2212
1512
3080
3320
6536
7068
5376
3856
4300
432
-2328
-1120
-1696
-2632
604
3036
3016
5780
7140
5880
3664
4356
1372
-2076
-1660
-848
-3132
-168
2620
3056
4832
7104
6236
4296
4192
2420
-1316
-2204
-680
-2936
-1052
2224
2984
3992
7144
6484
4584
3976
3172
-696
-2496
-832
-2636
-1944
1484
2988
3344
6684
6932
5076
3948
4028
236
-2228
-1164
-1704
-2624
964
2804
3208
5896
7112
5912
3808
4308
1236
-1948
-1700
-1212
-3140
112
2552
2984
4996
7344
6384
4064
4340
2588
-1564
-1912
-420
-3280
-684
2056
3044
4340
6968
6736
4688
3960
3208
-892
-2348
-896
-2824
-1708
1584
3060
3424
6584
6912
4916
3884
4076
-96
-2244
-964
-2080
-2332
1088
3176
3236
6076
7084
5672
4000
4120
1104
-2152
-1624
-1356
-3088
120
2940
2888
5112
7436
6104
4108
4384
2124
-1556
-1872
-644
-2956
-532
2404
3116
4308
7308
6604
4616
4052
3004
-944
-2356
-656
-2744
-1728
1592
2904
3520
6640
6820
5044
3904
3688
-36
-2404
-968
-2040
-2296
1220
3220
2984
6188
7180
5552
3692
4192
816
-2328
-1380
-1388
-3116
244
2704
2860
5384
7412
6032
4064
4504
1924
-1688
-1748
-876
-3016
-296
2276
3204
4440
7200
6596
4440
4036
3104
-1128
-2304
-752
-3016
-1552
1848
3060
3584
6600
6904
4960
3836
3860
-88
-2316
-804
-2108
-2356
1448
2968
3284
6188
7048
5404
3784
4192
724
-2088
-1416
-1480
-2988
312
2720
3128
5236
6920
6116
3992
4112
2092
-1652
-1912
-496
-3176
-264
2676
2884
4584
7284
6236
4564
3956
2932
-1204
-2616
-604
-2908
-1580
1932
2924
3800
6984
6748
5056
4024
3780
-252
-2332
-556
-2132
-2128
1420
3052
3272
6296
7008
5252
3756
4164
368
-2440
-1476
-1532
-3180
244
2608
2596
5472
7216
5868
4072
4452
1832
-1620
-1792
-736
-2948
-360
2648
3012
4720
7312
6384
4476
4160
2644
-1124
-2520
-692
-2956
-1516
1892
2952
3644
6968
6572
4940
4052
3736
-316
-2344
-588
-2156
-2172
1552
3168
3308
6556
7176
5360
3864
4252
420
-2204
-1508
-1756
-2876
248
2704
2956
5160
7308
5904
3804
4272
1584
-1796
-1848
-784
-3068
-304
2700
3092
4728
7420
6576
4220
4184
2508
-1204
-2244
-760
-3192
-1580
1936
3008
3488
6764
6728
4836
4144
3532
-228
-2340
-716
-2196
-1976
1620
3188
3412
6524
7172
5584
3884
4080
508
-2368
-1444
-1560
-3012
544
2740
3028
5440
7224
5896
3888
4428
1500
-1732
-1852
-928
-3184
-188
2560
2944
4664
7372
6344
4304
4276
2636
-1212
-2420
-460
-3268
-1276
1908
2760
3724
7064
6604
4772
3852
3504
-508
-2296
-552
-2292
-2008
1564
3128
3412
6492
7132
5568
3724
4252
272
-2436
-1244
-1904
-2792
644
2700
3144
5680
7160
5872
4004
4360
1484
-1952
-1868
-836
-3168
-60
2692
2972
4740
7404
6328
4256
4256
2516
-1324
-2304
-844
-2976
-1272
2036
3092
3896
6956
6604
4856
4012
3540
-504
-2480
-784
-2532
-2260
1692
2992
3340
6656
7100
5412
4084
4184
344
-2040
-1084
-1656
-2688
712
2852
3032
5716
7444
5884
3720
4372
1444
-1904
-1792
-1152
-3292
128
2736
3104
4800
7436
6400
4092
4460
2504
-1168
-2172
-612
-3172
-1076
1908
2936
3756
6948
6636
4440
3764
3460
-740
-2456
-936
-2428
-2104
1376
3212
3468
6608
7228
5240
3960
4292
320
-2316
-992
-1860
-2856
712
2940
2996
5616
6976
5684
3764
4244
1276
-1888
-1736
-908
-3128
-144
2892
3156
4808
7548
6436
4112
4428
2608
-1268
-2216
-392
-3260
-1076
2028
2836
4048
6892
6576
4620
3692
3524
-588
-2680
-444
-2736
-1908
1432
3136
3376
6668
7096
5328
3972
4188
384
-2296
-1000
-1764
-2848
912
2904
3052
5672
7224
5664
3696
4236
1136
-2092
-1544
-1180
-3136
120
2560
3052
4800
7564
6260
4384
4440
2424
-1236
-1944
-680
-2980
-760
2096
3156
4028
7008
6764
4588
3952
3400
-760
-2484
-740
-2760
-1908
1456
2976
3352
6392
7044
5240
3788
4224
32
-2112
-1044
-1716
-2512
876
2964
3064
5820
7328
5616
3972
4160
952
-2068
-1596
-1188
-3156
-96
2496
2984
4956
7296
6436
4156
4484
2436
-1328
-1936
-540
-3072
-572
2320
3136
4152
7048
6640
4528
3956
3300
-912
-2536
-696
-2792
-1784
1480
3008
3424
6648
7012
5192
3844
4080
128
-2272
-1048
-1768
-2596
1092
3108
3004
5808
7152
5520
3664
4196
836
-2132
-1724
-1424
-3076
276
2524
3108
4920
7376
6228
4144
4236
2244
-1380
-2056
-692
-3076
-576
2456
3044
4140
7284
6644
4268
4040
3168
-992
-2384
-820
-2684
-1676
1880
2980
3496
6872
7076
5076
3884
4040
-52
-2244
-848
-1896
-2400
1116
3048
3048
5944
7104
5384
3880
4108
752
-2216
-1640
-1504
-3152
200
2840
2860
5160
7312
6036
4024
4276
1996
-1604
-2056
-676
-3028
-688
2320
3044
4284
7240
6636
4340
4148
2956
-1184
-2204
-600
-2900
-1596
1832
2992
3716
6640
7080
4936
4048
3912
-192
-2164
-808
-2044
-2324
1212
3284
2924
6080
7252
5364
3912
4152
504
-2076
-1668
-1532
-3100
224
2696
2796
5364
7304
5952
4028
4476
1860
-1412
-1996
-684
-3140
-572
2700
2896
4392
7424
6204
4256
4160
2748
-1296
-2512
-624
-3092
-1484
1892
2960
3808
6952
6672
4864
3924
3784
-316
-2280
-784
-2072
-2300
1500
3104
3164
6276
7144
5320
4008
4208
568
-2140
-1464
-1528
-2880
292
2904
2848
5352
7244
6052
4124
4504
1712
-1676
-1772
-836
-3192
-316
2456
2896
4404
7312
6128
4096
4088
2584
-1304
-2312
-964
-2896
-1328
1980
3160
3716
7112
6724
4872
3916
3640
-404
-2248
-820
-2284
-2304
1536
3056
3224
6508
7216
5196
3896
4152
276
-2204
-1304
-1592
-2704
604
2836
3172
5664
7332
6048
4120
4336
1508
-1696
-1836
-920
-3188
-144
2592
2972
4668
7192
6080
4356
3976
2500
-1328
-2452
-772
-2956
-1324
2224
2912
3824
7136
6704
4896
4056
3640
-532
-2216
-660
-2292
-2044
1496
3024
3344
6512
7036
5252
3768
4088
188
-2324
-1316
-1612
-2756
688
3028
2936
5580
7516
5688
4032
4564
1412
-1760
-1388
-1092
-2792
-148
2640
2868
4848
7472
6352
4212
4156
2704
-1632
-2168
-772
-3128
-1236
2172
2772
4040
6864
6900
4640
3976
3676
-696
-2416
-544
-2616
-2044
1472
2860
3508
6304
7004
5120
3640
3984
36
-2388
-1308
-1776
-2688
844
3008
2948
5720
7304
5896
3960
4696
1392
-1888
-1652
-872
-3140
-136
2712
3024
4848
7212
6328
4148
4332
2136
-1312
-2324
-704
-3120
-876
1960
3148
3848
7084
6700
4648
3940
3604
-736
-2240
-756
-2432
-2076
1560
2908
3300
6496
6820
4972
3544
4044
184
-2500
-1036
-1896
-2856
672
2800
3036
5808
7216
5904
3976
4652
1376
-1868
-1668
-1176
-3000
-156
2800
2884
4708
7320
6128
4156
4276
2440
-1460
-2164
-764
-3160
-1148
2132
3024
3984
6992
6892
4676
4140
3548
-568
-2288
-656
-2388
-1976
1376
3108
3336
6436
6856
5204
3724
3940
-80
-2292
-1312
-1920
-2680
940
2860
2864
5784
7192
5968
3924
4348
1292
-1824
-1604
-952
-3048
-220
2660
2928
4712
7352
6264
4036
4376
2372
-1488
-2236
-724
-2956
-1224
2116
3148
4052
7172
6612
4668
4044
3548
-604
-2180
-876
-2508
-1888
1620
3072
3256
6524
7064
5232
3724
3996
336
-2392
-1168
-1880
-2924
780
2772
2732
5568
7336
5712
3908
4404
1384
-1948
-1596
-1180
-3000
-108
2460
3036
4820
7148
6140
4224
4048
2320
-1464
-2312
-736
-2880
-1172
2176
3028
3964
7320
6768
4664
4060
3528
-656
-2336
-848
-2412
-1816
1508
3060
3360
6632
7148
5436
3820
4336
212
-2368
-1120
-1680
-3024
940
2668
3020
5744
7120
6056
3792
4476
1456
-1924
-1604
-896
-3160
128
2360
3092
4528
7332
6316
3976
4384
2452
-1492
-2152
-820
-3104
-1148
1980
2892
3840
6912
6856
4732
4156
3612
-440
-2160
-692
-2236
-1968
1480
3208
3136
6464
7248
5264
3804
4268
268
-2132
-1316
-1504
-2772
416
2992
2948
5588
7384
5852
3800
4476
1500
-1832
-1832
-968
-3364
-316
2408
3060
4436
7348
6244
4160
4208
2644
-1216
-2232
-604
-2988
-1088
1880
3076
3800
6900
6796
4820
3912
3648
-428
-2512
-660
-2424
-2192
1452
3028
3220
6336
7184
5464
3752
4508
304
-2036
-1168
-1604
-2852
568
2900
2768
5588
7540
5784
3940
4464
1640
-1652
-1860
-788
-3016
-344
2668
3004
4380
7180
6220
4244
4168
2500
-1152
-2284
-700
-2900
-1492
1988
3112
3788
6916
6732
4788
4104
3664
-512
-2248
-720
-2544
-2012
1476
2968
3228
6416
7040
5416
3808
4304
468
-2220
-1452
-1496
-2888
336
2788
3080
5192
7392
6120
3788
4476
1736
-1668
-1736
-648
-2976
-244
2620
2988
4576
7348
6456
4136
4084
2668
-1452
-2428
-724
-3188
-1316
1816
2896
3588
6776
6904
4888
3984
3832
-364
-2188
-608
-2068
-2216
1444
3144
3172
6188
6976
5284
3728
4188
472
-2196
-1468
-1580
-3096
496
2840
3004
5508
7224
6012
4116
4324
1812
-1544
-1776
-776
-3052
-224
2472
3076
4520
7116
6464
4320
4076
2952
-1360
-2332
-596
-2968
-1328
1780
3024
3656
6880
6788
5064
3896
3844
-316
-2200
-1076
-1896
-2148
1272
3056
3140
6196
7176
5376
3828
4180
604
-2336
-1568
-1544
-3180
588
2720
2736
5252
7164
5956
3976
4276
1996
-1896
-1684
-616
-2972
-204
2692
3064
4472
7492
6596
4412
4152
3024
-1120
-2168
-748
-2816
-1660
1904
3032
3504
6668
6716
4836
3836
3848
-272
-2096
-1012
-1852
-2332
1172
3292
3268
6128
7256
5524
3832
4216
700
-2212
-1540
-1508
-3196
304
2648
2876
5200
7328
5732
4000
4152
1892
-1752
-1928
-832
-2924
-668
2752
2904
4540
7276
6612
4488
4100
2924
-1008
-2636
-548
-2796
-1540
1716
2740
3572
6700
6856
4988
3936
3936
-184
-2164
-796
-2016
-2344
1372
3236
3216
6220
7456
5428
3972
4172
724
-2308
-1424
-1512
-3312
336
2644
2716
4916
7256
5924
4044
4304
1992
-1760
-1740
-796
-3148
-560
2496
2900
4528
7244
6592
4544
4060
2880
-1108
-2392
-924
-2916
-1632
1636
2832
3436
6952
6816
4816
3748
3864
-224
-2216
-668
-2252
-2020
1456
3120
3416
6356
7436
5600
3936
4160
580
-2024
-1512
-1752
-3044
248
2584
2844
5144
7188
5840
3880
4364
1824
-1632
-1740
-700
-2984
-468
2588
3028
4560
7268
6628
4264
4168
2760
-1216
-2308
-928
-3280
-1352
1760
2872
3596
6688
6696
4828
3748
3712
-88
-2292
-704
-1940
-2224
1644
3324
3168
6384
7192
5480
3796
4244
300
-2136
-1372
-1644
-2944
524
2620
2812
5444
7264
6056
3844
4372
1608
-1576
-1792
-768
-3088
-208
2644
2956
4560
7332
6348
4252
4120
2640
-1332
-2512
-836
-3304
-1500
1844
2848
3640
6968
6708
4864
4032
3628
-372
-2272
-592
-2212
-2144
1508
3104
3352
6452
7136
5400
3648
4184
452
-2468
-1264
-1596
-3124
612
2816
2936
5524
7276
6032
4020
4496
1816
-1816
-1560
-880
-3156
-80
2632
3096
4684
7252
6372
4260
4020
2584
-1400
-2336
-836
-3052
-1436
1912
2920
3804
6800
6812
4560
3944
3536
-468
-2312
-636
-2304
-1936
1480
3060
3356
6400
7008
5232
3996
4020
140
-2240
-1268
-1784
-3024
464
3028
2788
5416
7388
5664
4132
4348
1508
-1716
-1608
-868
-2940
-176
2780
3052
4760
7340
6316
4004
4104
2368
-1540
-2248
-728
-3300
-1256
1920
2928
3880
7032
6564
4772
4040
3512
-632
-2264
-716
-2356
-1848
1704
3048
3280
6816
6876
5276
3744
4080
344
-2296
-1360
-1868
-3032
608
2984
2736
5656
7168
5752
3864
4544
1412
-1708
-1604
-936
-3024
32
2828
2996
4916
7544
6500
4160
4292
2396
-1532
-2164
-644
-3484
-976
1960
2888
3780
7120
6600
4580
3864
3444
-832
-2140
-656
-2444
-1660
1740
3224
3404
6772
7012
4968
3860
4064
-160
-2284
-1324
-1988
-2776
640
2996
3112
5580
7228
5664
3788
4444
984
-1920
-1492
-1032
-2876
260
2860
3288
5332
7480
6164
4368
4324
2240
-1436
-2304
-624
-3512
-956
2052
2776
4116
7088
6248
4716
4044
3224
-768
-2324
-524
-2460
-1560
2020
3184
3476
6976
6840
5380
3732
4080
-32
-2452
-1012
-2036
-2744
1032
2924
3180
5812
6948
5504
3620
4180
848
-2264
-1464
-1312
-3324
624
2992
2984
5440
7488
6064
4240
4452
2060
-1428
-1960
-876
-3064
-640
2264
2844
4220
7028
6260
4392
3904
2888
-1188
-2232
-424
-2908
-1128
2048
3196
3824
7152
6892
5076
3940
3896
-248
-2252
-760
-2292
-2356
1040
3004
3056
6224
6868
5308
3700
4032
408
-2140
-1392
-1672
-3040
632
2960
2860
5604
7292
6056
4100
4396
1724
-1656
-1872
-908
-3156
-248
2200
2908
4500
7044
6148
4272
3972
2572
-1468
-2248
-648
-2912
-1004
2360
3028
4096
7228
6736
5120
4076
3496
-416
-2432
-800
-2428
-2120
1560
3012
3264
6372
7024
4972
3664
3924
248
-2520
-1136
-1848
-2884
1004
3020
3148
6068
7400
5960
4012
4460
1220
-1936
-1532
-1112
-3048
-16
2592
2560
4908
7100
6036
3976
4104
1972
-1712
-2192
-992
-3216
-836
2460
3180
4284
7548
6720
4656
4424
3232
-916
-2148
-816
-2884
-1812
1632
2900
3232
6760
6648
4868
3836
3524
-268
-2580
-1084
-1920
-2192
1268
3324
3356
6388
7408
5608
3996
4284
808
-1892
-1620
-1316
-3020
436
2576
2852
5264
7252
5740
3896
4060
1560
-2024
-1960
-852
-3248
-368
2540
2872
4816
7392
6516
4700
4136
2836
-1008
-2296
-644
-2832
-1344
1952
2848
3760
6900
6544
4712
3744
3256
-600
-2464
-872
-2296
-2132
1664
3348
3296
6840
7192
5408
4148
4172
340
-2320
-928
-1672
-2840
840
2796
2788
5744
6888
5612
3764
3920
1120
-2008
-1616
-1052
-3452
344
2688
2984
5316
7388
6292
4260
4400
2444
-1424
-2152
-532
-3140
-796
2276
2668
4288
7196
6268
4416
3960
2956
-820
-2588
-684
-2728
-1604
1736
3340
3620
6992
6956
5328
4004
4004
-252
-2208
-804
-2152
-2320
1212
3080
2984
6156
7060
5276
3680
4020
624
-2332
-1488
-1436
-3296
464
2720
2952
5596
7600
5844
4016
4432
1552
-1508
-1680
-960
-3156
-196
2588
2964
4512
7324
6124
4188
3960
2252
-1500
-2404
-644
-3148
-1208
2240
2988
4008
7236
6712
4828
4300
3408
-384
-2200
-560
-2484
-1944
1764
3232
3372
6744
6828
4972
3888
3844
-260
-2500
-1136
-2036
-2748
1132
2964
3056
6196
7344
5748
3960
4384
1224
-1864
-1636
-1236
-3168
52
2700
3028
4904
7284
5864
3796
4096
1796
-1708
-2032
-1020
-3392
-600
2544
3000
4476
7252
6768
4412
4404
2968
-1012
-2204
-480
-3036
-1328
2152
2860
3664
7056
6792
4612
3920
3480
-652
-2408
-1008
-2440
-2088
1328
3060
3156
6608
7184
5344
3908
4328
496
-2200
-1308
-1472
-2744
668
3076
3036
5736
7292
5628
3748
4264
1212
-2064
-1976
-1308
-3288
-36
2536
2820
5056
7400
6160
4152
4392
2280
-1212
-1840
-632
-2784
-824
2332
3188
4128
7312
6552
4400
4168
3088
-1232
-2344
-1000
-2920
-1672
1584
3016
3580
6876
6924
5056
3932
3996
-260
-2052
-884
-2236
-2200
1280
2716
3228
6100
7244
5396
3628
4232
436
-2528
-1460
-1588
-2876
392
2748
3064
5536
7072
6032
3864
4200
1684
-1892
-1728
-892
-3240
-140
2564
2880
4852
7400
6128
4332
4312
2244
-1344
-2204
-904
-3172
-980
2096
3080
3876
7244
6784
4804
4076
3420
-780
-2376
-428
-2708
-1524
1692
3152
3568
6748
6968
5032
3684
3916
-400
-2308
-1132
-2312
-2564
880
3004
2972
6180
7128
5688
3972
4268
1072
-1972
-1396
-1260
-2912
540
3160
3016
5428
7272
5816
3816
4292
1340
-2036
-2196
-1172
-3396
-344
2392
2780
4468
7284
6424
4668
4408
2756
-1048
-1968
-564
-2700
-968
2292
3064
3884
7112
6512
4500
3952
3032
-724
-2552
-880
-2540
-2124
1620
2932
3184
6888
6940
5144
3988
4012
52
-2204
-1020
-1728
-2620
1096
3016
3244
6140
7340
5540
3852
4056
844
-2168
-1824
-1380
-3468
216
2708
2828
5144
7528
6032
4112
4308
2012
-1608
-1760
-728
-3000
-432
2464
2920
4688
7376
6448
4284
4184
2540
-1392
-2512
-856
-3128
-1504
1872
2892
3720
7172
6756
4740
4172
3508
-240
-2200
-728
-2352
-1788
1668
3120
3280
6916
6908
5176
3928
3840
24
-2376
-1292
-2036
-2764
600
2916
2788
5976
7124
5876
3972
4384
1196
-1864
-1600
-1104
-2960
240
2844
3032
5128
7476
6076
3984
4168
1812
-1788
-1996
-1080
-3164
-664
2496
2916
4368
7360
6528
4448
4244
2836
-860
-1984
-640
-2688
-1224
2124
2984
3836
7048
6596
4872
3712
3564
-564
-2488
-1256
-2276
-2284
1380
2944
3276
6624
6992
5268
3792
4192
336
-2048
-1132
-1588
-2752
848
2892
3016
5840
7292
5496
3752
4156
940
-2116
-2044
-1236
-3448
32
2544
2904
5028
7452
6144
4320
4416
2376
-1348
-1720
-492
-2952
-444
2640
2996
4436
7184
6548
4392
3812
2804
-1156
-2576
-844
-3204
-1696
1452
3000
3896
6696
6940
5180
3840
3904
-312
-2472
-404
-2188
-1976
1700
3160
3380
6588
7080
5372
3576
4156
120
-2452
-1528
-2060
-2968
684
2508
2780
5688
6844
5972
3720
4636
1528
-1800
-1404
-792
-2948
444
2796
3224
5096
7356
6304
4088
4316
1972
-1572
-2280
-956
-3196
-828
1944
2948
3972
7188
6328
4668
4136
3360
-812
-2260
-464
-2560
-1592
2152
3248
3756
6964
6916
4984
3900
3716
-456
-2680
-1160
-2368
-2592
1096
2624
3124
6148
6896
5448
3844
4060
880
-2056
-1096
-1332
-2860
856
2936
3228
5660
7308
5832
4036
4072
1780
-2056
-2044
-1088
-3400
-448
2504
2820
4656
7168
6224
4160
4272
2380
-1232
-2120
-612
-2768
-816
2604
3280
4304
7296
6792
4652
4136
3160
-744
-2400
-816
-2772
-1956
1596
2736
3308
6576
6636
4972
3724
3956
-32
-2256
-1016
-1868
-2460
1156
3176
3308
6112
7332
5640
4028
4272
696
-2228
-1544
-1436
-3320
72
2492
2788
5120
7172
5784
4072
4256
1612
-1440
-1684
-756
-2916
-116
2920
3176
4548
7620
6472
4232
4384
2528
-1252
-2424
-892
-3032
-1416
1852
2784
3716
6908
6496
4704
3924
3432
-516
-2356
-644
-2444
-1908
1756
3284
3276
6880
7228
5176
3772
4100
64
-2292
-1228
-2100
-2972
744
2644
2980
5700
7248
5516
3728
4196
1036
-1816
-1400
-1080
-2904
456
2864
3236
5016
7540
6072
4224
4200
2056
-1720
-1908
-1036
-3192
-768
2296
2724
4388
7204
6388
4320
3940
3096
-1180
-2224
-556
-2900
-1308
2224
2916
3740
7252
6616
4984
3912
3392
-484
-2456
-1152
-2364
-2420
1360
2848
3164
6428
7108
5188
3904
4200
472
-2040
-1336
-1468
-2636
856
2952
3280
5844
7308
5864
3832
4372
1292
-2164
-1840
-1216
-3124
-124
2560
3060
4864
7420
6264
4016
4440
2376
-1376
-1848
-768
-2900
-436
2352
3076
4212
7292
6616
4484
4064
3040
-908
-2520
-852
-2824
-1880
1648
2788
3484
6788
6884
4988
3788
4124
-184
-2332
-844
-2036
-2216
1320
3076
3312
6392
7420
5436
3644
4156
312
-2264
-1548
-1660
-3148
464
2704
3120
5436
7372
5872
4060
4432
1548
-1440
-1712
-836
-2980
8
2516
3168
4732
7252
6352
4244
4060
2544
-1580
-2352
-820
-3136
-1196
2096
2808
4080
7036
6456
4672
4128
3284
-692
-2220
-612
-2536
-1816
1816
3228
3680
6764
7040
5096
3656
3940
-120
-2584
-1080
-2484
-2540
884
2864
3000
6032
7056
5544
3896
4320
672
-1968
-1392
-1208
-2776
556
2988
3236
5448
7472
6080
4116
4368
1732
-1776
-2000
-1088
-3088
-728
2344
2820
4420
7224
6128
4188
4244
2676
-1272
-2192
-724
-2916
-1184
2236
3140
3908
7132
6964
4700
3964
3388
-564
-2480
-996
-2684
-2212
1348
2956
3104
6508
6940
5056
3768
4068
100
-2260
-1072
-1940
-2496
964
3068
3288
6184
7448
5972
3860
4520
1108
-2064
-1436
-1468
-3176
140
2348
3040
4928
7184
6052
3780
4440
1924
-1680
-1972
-764
-3060
-448
2388
3072
4604
7512
6588
4504
4220
2960
-796
-2412
-796
-2916
-1544
1716
3108
3500
6688
6628
4828
3720
3640
-372
-2360
-872
-2256
-2332
1548
3208
3320
6700
7288
5296
4012
4316
416
-2152
-1412
-1640
-3072
760
2740
2776
5500
7108
5772
3724
4080
1452
-2076
-1772
-716
-2932
76
2732
3372
5160
7576
6396
4264
4552
2160
-1396
-2084
-828
-3260
-956
1824
2968
3800
6980
6456
4324
4020
3072
-884
-2292
-676
-2588
-1544
1628
3312
3588
6908
6876
5196
3904
3952
-20
-2388
-1208
-2196
-2576
872
2800
2836
5932
6996
5336
3628
4364
716
-1840
-1300
-1148
-2848
672
3144
3232
5660
7460
6200
4272
4288
1712
-1716
-1976
-1008
-3504
-512
2348
2696
4536
7256
6068
4380
4272
2448
-1212
-2052
-704
-2676
-952
2236
3252
4120
7240
6948
4848
4032
3580
-604
-2568
-912
-2548
-2068
1292
2816
3232
6156
6900
5036
3616
3800
12
-2348
-1176
-1688
-2660
1012
3240
3172
6144
7392
5964
4152
4264
1452
-2084
-1796
-1092
-3212
-52
2568
2704
4784
7220
5816
4080
4144
2176
-1724
-2012
-724
-2972
-708
2660
3156
4440
7384
6508
4728
4268
2976
-872
-2340
-924
-2804
-1740
1800
2876
3228
6520
6680
4640
3660
3648
-320
-2388
-920
-2016
-2492
1652
3236
3520
6544
7264
5652
4032
4360
888
-2052
-1296
-1540
-3044
356
2740
2800
5380
6964
5996
3868
4148
1584
-1908
-1928
-760
-3064
-328
2736
3104
4896
7636
6492
4524
4272
2624
-1136
-2096
-708
-3028
-1236
1828
2764
3656
7016
6300
4548
3704
3240
-672
-2412
-804
-2376
-1920
1632
3296
3356
6596
7288
5432
3904
4144
20
-1996
-1124
-2136
-2644
756
2832
2972
5768
7120
5636
3512
4332
1020
-1912
-1520
-1136
-3092
232
2764
3284
5328
7400
6176
4228
4468
2080
-1440
-1980
-872
-3228
-604
2244
3052
4060
7108
6416
4308
3996
3008
-948
-2396
-800
-2792
-1600
1840
3280
3716
6936
6864
4948
3860
3864
-344
-2356
-1052
-2152
-2532
1084
2692
3068
6016
7044
5432
3584
4260
548
-2248
-1352
-1312
-3156
700
2896
3204
5436
7696
5872
4220
4532
1780
-1824
-1616
-968
-3152
-360
2536
2940
4592
7100
6248
4076
4104
2488
-1356
-2244
-696
-3020
-1096
2104
3168
4024
7164
6788
4800
4232
3620
-632
-2412
-880
-2432
-2020
1248
3048
3068
6448
6900
5168
3736
4004
112
-2448
-1180
-1572
-2988
1020
3004
3148
5968
7312
5740
3992
4368
1348
-1860
-1488
-1008
-3192
116
2516
2936
4852
7276
6032
4008
4156
2328
-1796
-2156
-680
-3212
-708
2324
3052
4428
7284
6556
4848
4168
3208
-776
-2356
-752
-2608
-1744
1612
2924
3336
6576
6844
4860
3828
3780
-416
-2432
-1024
-2028
-2532
916
3072
3124
6252
7240
5756
3920
4316
848
-1980
-1288
-1348
-3064
372
2864
2932
5300
7332
5808
3716
4352
1656
-1848
-2140
-796
-3148
-348
2612
3152
4576
7408
6556
4324
4272
3004
-1072
-2268
-624
-2840
-1152
2180
2812
3872
6776
6752
4684
3844
3496
-448
-2500
-856
-2692
-2284
1464
2848
3308
6508
7128
5548
3848
4352
376
-2112
-1156
-1624
-2652
648
2844
3188
5572
7348
5740
3776
4352
1164
-2132
-1812
-1152
-3204
-104
2652
3000
4848
7384
6212
4304
4356
2600
-1312
-2028
-608
-3072
-808
2192
3084
4040
7260
6476
4668
3824
3220
-796
-2564
-872
-2616
-2088
1628
3036
3184
6752
7076
4996
4068
3876
108
-2076
-936
-1748
-2544
1116
3136
2912
5880
7260
5628
3644
4232
784
-2088
-1632
-1280
-3268
312
2528
2900
5060
7336
6176
4308
4408
2024
-1424
-1880
-712
-2912
-416
2408
2960
4512
7356
6524
4348
4128
2928
-1044
-2292
-756
-2900
-1540
1740
3000
3428
6976
6996
4832
3868
3912
-280
-2180
-760
-1960
-2184
1284
3104
3260
6108
7240
5244
3652
4188
280
-2220
-1720
-1672
-2956
276
2888
2984
5432
7612
5852
4036
4484
1624
-1536
-1816
-904
-2960
-196
2496
3072
4504
7296
6304
4248
4080
2724
-1256
-2432
-700
-3052
-1216
2144
2968
3932
7256
6776
4844
4176
3788
-524
-2188
-836
-2284
-2136
1524
3004
3260
6352
6960
5016
3984
3780
-88
-2236
-1280
-1684
-2768
820
2960
3004
5904
7312
5712
4112
4240
1468
-1912
-1740
-1048
-3188
64
2744
2900
4896
7456
5992
4012
4104
2084
-1664
-2152
-844
-3088
-992
2396
2936
4356
7244
6824
4636
4192
3356
-768
-2256
-304
-2716
-1604
1864
2940
3540
6564
6740
5116
3712
3916
-132
-2404
-1112
-1984
-2688
988
2980
2916
6144
7380
5588
3840
4232
844
-2036
-1264
-1388
-3016
488
2876
2820
5268
7224
5892
3956
4152
1644
-1792
-2004
-1008
-3276
-448
2404
2916
4396
7228
6544
4536
4276
2928
-1056
-2068
-564
-2800
-1268
2052
3104
3876
6832
6756
4788
3740
3620
-536
-2544
-960
-2556
-2248
1332
3012
3232
6340
7184
5440
3856
4380
316
-2084
-1144
-1576
-2756
668
2872
3092
5340
7160
5748
3572
4248
1352
-1964
-1892
-1172
-3240
-116
2420
3032
4780
7340
6372
4332
4280
2552
-1292
-1992
-540
-2988
-1028
2228
3180
3960
7032
6728
4452
4004
3168
-832
-2472
-892
-2684
-1672
1568
3056
3432
6752
7148
5052
3848
4132
152
-2316
-992
-1968
-2528
1076
2884
3084
5848
7028
5608
3744
4208
820
-1948
-1772
-1328
-3024
52
2652
2796
5128
7368
6128
4084
4396
2128
-1496
-2020
-736
-3128
-632
2592
2952
4536
7208
6500
4248
4132
2596
-1000
-2700
-864
-2876
-1600
1648
2996
3584
6944
7180
4960
4076
3872
8
-2188
-664
-2036
-2204
1312
3332
2912
6224
7172
5380
3740
4004
488
-2376
-1448
-1676
-3168
604
2640
2908
5288
7320
5816
3916
4524
1800
-1840
-1740
-944
-3132
-336
2604
3212
4612
7172
6408
4248
4048
2636
-1408
-2360
-848
-3088
-1352
2104
3012
3900
6912
6860
4700
3980
3472
-456
-2280
-548
-2496
-1952
1640
3124
3364
6588
6892
5476
3844
4020
168
-2180
-1508
-1808
-2920
796
2796
2996
5772
7252
5888
3880
4336
1292
-1924
-1836
-784
-3152
92
2728
3172
4892
7364
6156
4296
4188
2136
-1644
-2096
-884
-3132
-944
2140
2888
4112
7212
6644
4560
4072
3136
-696
-2412
-632
-2672
-1624
1912
3184
3568
6740
7092
4904
3920
4032
-220
-2248
-936
-2068
-2364
1188
2944
3108
6112
7140
5496
3580
4300
492
-2040
-1472
-1284
-2908
488
2616
3068
5104
7292
6000
4004
4348
1756
-2024
-1968
-956
-3268
-360
2320
2956
4448
7276
6348
4292
4052
2660
-1124
-2384
-536
-2868
-1156
2108
3144
3916
6952
6916
4836
3908
3612
-660
-2564
-840
-2488
-2060
1388
3020
3440
6376
7004
5528
3792
4232
476
-2068
-968
-1528
-2844
960
2772
3332
5804
7260
5744
3576
4388
1136
-2096
-1684
-1232
-3368
-16
2472
3008
4764
7436
6076
4280
4144
2292
-1408
-2224
-596
-3072
-900
2360
2884
4244
7196
6600
4788
3944
3096
-992
-2600
-668
-2812
-1828
1852
2772
3612
6776
6952
5100
3796
3964
-84
-2296
-772
-1880
-2484
1236
2944
3300
6212
7468
5556
3952
4228
744
-2156
-1648
-1488
-3040
356
2536
2988
5184
7224
5924
4016
4308
1936
-1784
-1788
-880
-3072
-360
2352
3112
4612
7272
6552
4492
3972
2712
-1312
-2288
-928
-2916
-1428
2184
2844
3860
7120
6708
4828
4036
3484
-240
-2308
-692
-2220
-2188
1412
3024
3404
6340
7292
5172
3964
4072
20
-2328
-1056
-1896
-2836
964
2892
3080
5624
7388
5828
3872
4348
1224
-1876
-1524
-976
-3040
80
2692
2908
4796
7660
6048
4052
4236
2088
-1664
-2172
-840
-3380
-1060
2064
2848
4224
7104
6496
4780
4004
3408
-740
-2304
-492
-2556
-1708
1864
3116
3600
6820
6916
4932
3720
3916
-276
-2304
-1032
-2024
-2520
1168
2888
3220
6220
7136
5644
3880
4336
800
-1912
-1320
-1252
-3056
572
2852
2940
5264
7440
5920
4124
4188
1676
-1840
-2192
-840
-3192
-676
2296
2932
4276
7200
6376
4540
4124
2788
-1232
-2164
-476
-3020
-1248
2048
3096
3804
6956
6636
4892
3772
3484
-648
-2432
-832
-2628
-2160
1312
3024
3244
6560
7068
5416
3868
4308
520
-2024
-1116
-1588
-2780
804
2984
2936
5872
7168
5800
3748
4224
1432
-2048
-1716
-1300
-3220
-48
2396
3056
4808
7268
6252
4208
4276
2272
-1496
-2216
-644
-2992
-1068
2068
3104
3824
7060
6688
4428
4056
3296
-896
-2516
-840
-2900
-1868
1668
2988
3524
6660
7056
5220
3844
3956
220
-2204
-936
-1900
-2368
888
3020
3020
5912
7320
5648
3756
4264
976
-2124
-1668
-1280
-3208
120
2676
2820
4956
7508
6024
4104
4228
2156
-1456
-2076
-540
-3136
-652
2360
2936
4444
6996
6548
4352
3872
3016
-968
-2588
-560
-3052
-1560
1760
2924
3680
6632
6840
5012
3908
3920
-204
-2160
-768
-2248
-2188
1384
3036
3144
6212
7156
5404
3796
4316
816
-2104
-1468
-1468
-2916
540
2860
3136
5464
7196
6188
4028
4276
1968
-1840
-1944
-696
-3204
-408
2416
2880
4636
7196
6316
4248
4256
2644
-1104
-2436
-744
-2988
-1384
2004
3000
3768
7220
6688
4692
4088
3688
-416
-2304
-820
-2296
-2144
1384
2972
3260
6512
6856
5360
3696
4136
312
-2276
-1360
-1492
-2908
612
2976
3112
5700
7348
6160
4100
4276
1852
-1864
-1696
-908
-3200
-124
2508
2876
4644
7096
6092
4340
4000
2596
-1316
-2292
-620
-3128
-968
2040
2992
4004
7032
6744
4772
3952
3440
-584
-2352
-772
-2428
-2064
1544
3148
3220
6448
7016
5244
3816
4044
20
-2308
-1128
-1848
-2836
892
3100
2880
5828
7412
5764
3880
4364
1464
-1868
-1480
-1072
-3216
204
2692
2888
5024
7080
6200
4252
4104
2356
-1544
-2332
-696
-3164
-920
2184
2964
4180
6988
6768
4668
3984
3232
-740
-2200
-628
-2592
-1832
1664
3208
3384
6564
6872
4992
3756
3864
-36
-2552
-1296
-2028
-2708
984
3004
2944
6012
7096
5688
3896
4408
1164
-1872
-1456
-1204
-2856
288
2888
2992
5124
7444
5968
4108
4140
1928
-1616
-2064
-904
-3012
-860
2480
2836
4124
7304
6460
4732
4036
3304
-920
-2052
-604
-2608
-1428
1924
3060
3476
6684
6736
4908
3668
3536
-248
-2532
-908
-2368
-2692
1068
2936
3056
6348
7100
5768
3952
4448
964
-1964
-1396
-1268
-3080
556
2824
3208
5356
7288
6068
3856
4336
1764
-1816
-2004
-972
-3392
-436
2236
3056
4460
7264
6324
4512
3996
3016
-1180
-1980
-444
-2828
-1184
2132
3124
3628
7108
6928
4712
3940
3548
-568
-2408
-1052
-2284
-2312
1064
2996
3212
6128
6936
5328
3784
4068
472
-2108
-1348
-1724
-2716
752
2756
2996
5672
7212
5896
3788
4252
1520
-1892
-1840
-868
-3160
-28
2492
2968
4608
7532
6384
4164
4376
2464
-1372
-2088
-716
-2972
-1056
2068
3020
4088
7052
6780
4560
4112
3324
-724
-2352
-892
-2632
-1908
1284
3032
3356
6424
7152
5008
3668
3860
124
-2376
-896
-1848
-2568
924
3144
3060
5900
7284
5700
4016
4508
968
-2112
-1428
-1456
-3332
-100
2484
2756
5092
7188
6156
3932
4400
2028
-1500
-1968
-664
-3060
-684
2420
3256
4332
7280
6700
4492
3992
3232
-1024
-2300
-684
-2928
-1464
1632
2980
3480
6884
6760
5048
3824
3852
-220
-2112
-840
-2172
-2296
1356
3060
3084
6004
7472
5340
3796
4520
472
-1976
-1348
-1652
-2952
272
2700
2864
5224
7228
5928
3788
4248
1508
-1584
-2088
-964
-3044
-320
2588
3044
4676
7556
6620
4328
4428
2676
-1144
-2108
-612
-2968
-1404
2000
3112
3744
7064
6628
4696
3900
3292
-588
-2340
-940
-2428
-2004
1420
3148
3356
6524
7100
5584
3880
4108
480
-2392
-1244
-1468
-3160
660
2780
2772
5616
7156
5648
3884
4112
1104
-1908
-1876
-1160
-3236
140
2780
2924
5096
7388
6272
4348
4284
2372
-1508
-2160
-552
-3264
-884
2168
2868
4116
7156
6444
4560
3776
3288
-1160
-2424
-804
-2756
-1452
1712
3312
3656
6896
7136
5228
4020
4072
-232
-2232
-968
-1972
-2556
1128
2800
2992
6136
7048
5204
3660
3960
488
-2288
-1560
-1384
-2940
332
3024
3068
5372
7416
5900
4168
4496
1740
-1564
-1956
-984
-2980
-508
2396
3124
4336
7344
6340
4116
4140
2660
-1212
-2432
-664
-2980
-1332
1924
3136
3924
7228
6908
4724
4208
3700
-672
-2084
-736
-2380
-1908
1340
3112
3240
6464
7080
4888
3716
3996
84
-2128
-1384
-1760
-2780
748
2868
3088
5732
7480
5688
4016
4424
1192
-1840
-1508
-1216
-2960
36
2792
3064
4804
7312
5920
4088
4256
2220
-1596
-2232
-856
-3004
-1040
2168
3152
4280
7220
6556
4648
4016
3180
-828
-2260
-604
-2632
-1632
1784
2984
3664
6796
6732
5092
3920
3636
-244
-2496
-888
-2052
-2592
1104
2864
3092
6292
7088
5588
3992
4220
660
-2128
-1276
-1468
-2900
508
2732
2944
5200
7240
5668
3884
4416
1568
-1760
-1848
-952
-3248
-228
2508
3088
4372
7472
6476
4220
4312
2820
-1088
-2044
-784
-2976
-980
2004
3116
3844
6948
6720
4808
3892
3544
-716
-2464
-616
-2652
-1876
1384
3140
3632
6460
7196
5220
3552
4344
108
-2204
-932
-1800
-2684
868
2684
2860
5760
7152
5640
3668
4256
852
-1956
-1852
-1316
-3300
156
2552
2844
5152
7420
6112
4212
4340
2208
-1468
-2096
-512
-3068
-804
2280
3000
4200
7220
6524
4564
3900
3168
-1124
-2272
-904
-2784
-1600
1832
2984
3668
7108
6824
5156
4040
3992
-172
-2180
-820
-2292
-2328
1116
2956
3112
6080
7020
5304
3660
4212
456
-2168
-1624
-1440
-2948
436
2836
2968
5284
7436
6060
3856
4616
1708
-1904
-1764
-924
-3176
-156
2480
3132
4500
7276
6400
4172
4232
2616
-1320
-2316
-800
-3084
-908
1916
3096
3936
6984
6876
4596
4036
3696
-572
-2128
-704
-2416
-1916
1584
3068
3240
6516
6984
5164
3852
4068
116
-2212
-1436
-1740
-2908
476
3104
3024
5860
7300
5736
4020
4276
1440
-1900
-1552
-880
-3136
76
2484
2844
5056
7092
6152
3896
4056
2376
-1668
-2252
-804
-3052
-884
1920
3096
4172
7180
6764
4508
4200
3432
-816
-2132
-556
-2584
-1736
1704
3144
3276
6752
6772
4972
3816
3932
-112
-2340
-1116
-2056
-2584
1064
3024
3116
6064
7268
5812
3992
4384
888
-2084
-1512
-1204
-3192
216
2656
2952
5056
7344
5716
3836
4288
1716
-1924
-1912
-896
-3288
-516
2448
3240
4488
7332
6564
4432
4348
3148
-1044
-2144
-572
-2784
-1468
1784
3040
3660
6732
6748
4988
3652
3716
-220
-2592
-876
-2164
-2336
1400
3168
3384
6536
7388
5784
3976
4448
640
-2164
-1356
-1560
-3016
504
2704
3000
5232
7212
5764
3780
4140
1424
-1792
-1844
-884
-3008
-232
2552
2948
4552
7320
6324
4480
4108
2776
-1296
-2228
-492
-3012
-1260
2044
2984
3820
6960
6656
4804
3764
3560
-848
-2288
-1048
-2512
-2068
1300
2964
3332
6436
7188
5308
3792
4352
292
-2008
-1252
-1608
-2896
848
2960
3076
5860
7292
5740
3984
4196
1336
-1880
-1956
-948
-3228
-160
2652
2840
4804
7460
6112
4260
4304
2224
-1416
-2092
-864
-3056
-948
2180
3004
4136
7152
6556
4740
4028
3440
-800
-2248
-808
-2820
-1836
1588
3080
3424
6632
7044
5056
3720
4060
76
-2244
-880
-1868
-2576
912
2856
3232
6012
7156
5664
3860
4232
980
-2148
-1508
-1240
-3032
172
2652
2920
5356
7192
6220
4132
4476
2092
-1540
-2076
-892
-3188
-796
2276
2932
4212
7076
6380
4332
3988
2876
-924
-2408
-696
-2836
-1644
1896
3072
3532
6920
6984
5072
4008
3944
-276
-2272
-872
-2212
-2188
1264
3080
3092
6144
7056
5368
3764
4088
596
-2136
-1444
-1408
-3048
480
2992
3048
5572
7248
6072
4112
4408
1728
-1756
-1820
-892
-3204
-576
2284
2800
4364
7288
6264
4352
3980
2912
-1252
-2276
-760
-2884
-1268
1844
2904
3860
6940
6760
4916
3868
3840
-544
-2264
-668
-2276
-2168
1404
3192
3164
6472
6992
5168
3736
4188
260
-2196
-1448
-1500
-3116
740
2936
2968
5664
7436
5800
4068
4500
1432
-1856
-1836
-720
-3116
-196
2660
3000
4656
7196
6304
3916
4292
2344
-1616
-2240
-716
-3208
-1072
2028
3076
3960
6940
6752
4744
4116
3472
-368
-2448
-504
-2632
-1912
1492
3016
3312
6660
7076
5180
3716
4076
48
-2440
-992
-1976
-2716
804
2812
3092
5900
7156
5792
4096
4408
1436
-1844
-1436
-1060
-2880
60
2820
2900
4916
7136
6080
3904
4144
1960
-1348
-2348
-944
-3200
-816
2016
3072
3944
7308
6624
4644
4176
3276
-888
-2284
-408
-2624
-1712
1764
3048
3408
6708
6856
4964
3668
3548
-196
-2444
-1168
-2128
-2760
948
3040
3076
5984
7528
5600
3924
4416
1188
-1900
-1416
-1108
-2792
452
3084
3212
5176
7372
5968
3832
4160
1764
-1912
-2116
-884
-3220
-560
2568
2828
4424
7436
6560
4436
4316
2944
-816
-2088
-572
-2632
-1312
1900
3228
3452
7012
6804
4768
3792
3704
-716
-2700
-884
-2336
-2484
1028
2996
3168
6416
7276
5620
3832
4344
884
-2248
-1096
-1428
-2832
712
2956
3228
5552
7332
5884
3668
4424
1548
-1884
-1784
-1140
-3336
-452
2348
3136
4540
7232
6408
4188
4308
2756
-1108
-2024
-512
-2744
-924
2152
3232
3844
7072
6720
4636
3768
3408
-812
-2628
-1180
-2668
-2352
1444
2960
3304
6524
7124
5344
3960
4352
420
-2116
-1084
-1392
-2776
728
3092
3004
5620
7312
5620
3896
4284
1252
-2016
-1960
-1268
-3232
-188
2448
3168
4788
7404
6288
4384
4256
2492
-1192
-1796
-588
-2800
-860
2316
3184
3992
7152
6792
4528
3896
3320
-988
-2532
-748
-2844
-2096
1624
2884
3212
6692
7120
5140
3828
4068
264
-2184
-1016
-1692
-2544
1004
2904
3180
5936
7048
5584
3732
4280
928
-2144
-1764
-1108
-3116
24
2468
3100
4648
7420
6260
4028
4448
2368
-1436
-1836
-688
-2924
-552
2208
3072
3996
7320
6656
4460
3952
3064
-976
-2368
-788
-2584
-1872
1584
3124
3412
6744
6964
5100
4016
3924
184
-2212
-1076
-1804
-2792
1148
3108
2972
6116
7180
5264
3936
4176
792
-2124
-1580
-1380
-3252
24
2788
2968
5072
7348
6092
4184
4248
2316
-1524
-2000
-596
-3072
-600
2432
3164
4348
7228
6452
4444
4080
3100
-1132
-2488
-764
-2892
-1740
1756
3024
3512
6928
6892
5088
3928
3956
-204
-2188
-720
-1924
-2140
1256
3128
3104
6140
7244
5684
3744
4228
600
-2136
-1616
-1456
-3248
256
2744
2972
5148
7428
5900
3928
4324
1864
-1608
-2140
-616
-3216
-468
2624
3092
4404
7512
6516
4332
4212
2972
-1116
-2240
-740
-2944
-1552
1848
2996
3744
6780
6916
4840
3840
3864
-232
-2280
-956
-2196
-2148
1348
3128
3300
6384
7304
5620
3796
4312
568
-2172
-1452
-1588
-3144
308
2560
2856
5144
7044
5984
3676
4452
1660
-1740
-1896
-660
-3012
-420
2404
3116
4548
7484
6704
4276
4340
2820
-1084
-2176
-600
-2916
-1316
1688
3076
3404
6848
6708
4708
3856
3776
-416
-2244
-880
-2024
-2240
1516
2956
3440
6448
7264
5564
3960
4440
940
-2252
-1240
-1556
-3020
632
2688
2824
5404
7184
5976
3940
4260
1572
-1788
-2020
-832
-3280
-160
2460
2880
4576
7576
6404
4380
4236
2736
-1128
-2148
-688
-3028
-1380
1812
2988
3564
6692
6792
4812
3764
3752
-456
-2572
-940
-2224
-2072
1240
3208
3228
6384
7480
5600
4000
4456
684
-2128
-1216
-1552
-2880
540
2700
2920
5308
7216
5784
3800
4272
1464
-1684
-2004
-1016
-2988
-320
2612
3216
4396
7476
6472
4252
4204
2620
-952
-2376
-608
-2812
-1424
1856
2992
3476
6932
6620
4872
3944
3604
-268
-2504
-840
-2260
-2208
1232
2988
3312
6456
7124
5588
3820
4328
676
-2116
-1292
-1284
-3084
496
2856
2888
5412
7096
5840
3984
4256
1676
-1632
-1944
-928
-3096
-368
2344
3180
4404
7296
6712
4432
4180
3016
-1108
-2332
-584
-3004
-1512
1712
2864
3368
6768
6696
4864
3780
3700
-372
-2380
-796
-2152
-2304
1136
3008
3172
6240
7180
5656
3752
4344
812
-2088
-1436
-1596
-2900
188
2836
2880
5092
7232
6144
3936
4360
1992
-1520
-2028
-768
-3156
-480
2208
3004
4420
7324
6584
4448
3908
3136
-1016
-2400
-792
-2724
-1712
1696
3092
3516
6784
7048
5000
3820
3892
-128
-2400
-1108
-1936
-2744
900
2880
3032
5956
7228
5624
3704
4364
1032
-1932
-1656
-1104
-3196
224
2544
3168
4988
7392
5948
4104
4348
2284
-1552
-1952
-644
-3172
-892
2448
2916
4068
7208
6776
4676
4068
3304
-868
-2452
-748
-2384
-1840
1724
3108
3268
6572
7080
5124
3820
4108
188
-2208
-1196
-1760
-2736
900
2976
3024
5724
7296
5700
3680
4288
1044
-1952
-1700
-1156
-3180
-348
2588
3048
4720
7372
6428
4108
4460
2628
-1292
-2036
-612
-3188
-868
2112
2936
3980
7016
6548
4668
3860
3520
-592
-2368
-892
-2464
-2112
1412
3044
3344
6496
7280
5464
3904
4308
656
-1968
-1308
-1588
-2912
492
2888
2872
5364
7136
5960
3704
4216
1592
-1848
-1900
-932
-3176
-340
2516
2840
4588
7268
6488
4220
4184
2904
-1044
-2448
-556
-2756
-1412
1844
2976
3652
6740
6864
4800
3748
3680
-476
-2376
-808
-2400
-2472
1152
3016
3128
6036
7192
5704
3828
4432
880
-1944
-1332
-1112
-2804
328
2860
2808
5152
7224
5972
4000
4436
1664
-1736
-2080
-852
-3268
-628
2440
2760
4164
7380
6604
4384
4220
3256
-784
-2296
-588
-2692
-1656
1620
2944
3748
6480
6816
5124
3676
3796
-44
-2508
-1088
-2000
-2736
912
3040
3016
5816
7428
5612
3832
4592
1092
-1800
-1412
-1016
-2888
260
2680
3132
4916
7380
6232
4088
4072
2552
-1500
-2332
-668
-3196
-1008
2264
2888
4092
7036
6704
4716
4140
3572
-700
-2320
-592
-2504
-1952
1424
3048
3320
6392
6808
5168
3576
4012
388
-2376
-1316
-1540
-2972
748
2860
2928
5744
7040
6040
3980
4340
1724
-1676
-1864
-736
-3204
-160
2480
3172
4752
7168
6356
4316
4084
2652
-904
-2316
-664
-2756
-1388
1836
2976
3804
6904
6736
5100
3960
3692
-220
-2456
-788
-1964
-2312
1480
2972
3092
6124
7164
5376
3732
4088
572
-2152
-1616
-1408
-3128
224
2748
2876
5180
7376
6160
3964
4456
2052
-1536
-2104
-660
-3020
-680
2320
3228
4104
7080
6708
4388
4212
3244
-832
-2360
-708
-2844
-1572
1644
3224
3396
6664
6992
5024
3892
4064
0
-2208
-1156
-1896
-2700
984
3140
2956
5756
7292
5432
3744
4496
1052
-1948
-1764
-1112
-3020
-68
2724
2992
4740
7344
6048
4136
4184
2288
-1436
-2248
-568
-3024
-1248
2244
3080
3916
7176
6856
4544
4116
3368
-688
-2432
-792
-2464
-1960
1516
2996
3192
6492
7088
5324
3904
4288
404
-2168
-1164
-1684
-2768
692
2824
3148
5480
7376
6068
3816
4528
1536
-2052
-1788
-868
-3248
-388
2524
2852
4464
7260
6372
4300
4140
2716
-1196
-2324
-632
-2936
-1328
2012
2948
3644
6800
6752
4884
3768
3832
-460
-2280
-812
-2268
-2228
1200
2908
3316
6168
7072
5480
3884
4244
864
-2032
-1456
-1348
-2904
480
2780
2960
5304
7648
5968
4044
4480
1884
-1704
-1864
-816
-2900
-544
2376
3040
4192
7180
6560
4360
3960
2984
-980
-2372
-736
-2816
-1728
1672
2984
3616
6740
6972
5084
3672
3992
-72
-2476
-908
-1912
-2808
980
2776
2976
5940
7120
5584
3748
4240
1024
-1976
-1648
-1036
-3136
288
2696
2908
5060
7164
6184
4392
4320
2376
-1484
-2320
-572
-3296
-1000
2300
2876
4064
7036
6488
4680
3968
3360
-968
-2524
-576
-2772
-1860
1628
3184
3240
6564
6948
5300
3776
4092
412
-2256
-1176
-1732
-2844
668
2840
2700
5524
7268
5928
3688
4268
1688
-2040
-1808
-820
-3288
-200
2828
2968
4692
7364
6792
4300
4360
2792
-1280
-2056
-584
-3088
-1280
1744
3016
3720
6884
6968
4720
3820
3740
-428
-2180
-652
-2348
-1916
1316
3064
3056
6320
7180
5580
3776
4312
596
-1976
-1476
-1184
-3008
356
2780
3088
5292
7356
5920
3704
4384
2052
-1896
-2000
-632
-3364
-324
2308
2868
4452
7144
6704
4500
3948
3380
-1128
-2296
-456
-2564
-1648
1752
2992
3396
6720
7008
4908
3932
3764
-56
-2244
-1044
-1780
-2620
1028
3136
3016
6040
7412
5680
3928
4548
1124
-2196
-1436
-1164
-2972
72
2764
2992
4896
7152
6240
3908
4260
2244
-1560
-2060
-712
-3112
-912
2212
3040
4004
7040
6564
4584
4032
3312
-868
-2296
-884
-2380
-1892
1232
3216
3276
6340
7120
5344
3836
4136
220
-2064
-1208
-1432
-2804
776
2852
2896
5540
7432
5900
3952
4376
1688
-1692
-1708
-792
-3268
-180
2388
2896
4668
7112
6316
4312
4064
3040
-1216
-2128
-536
-2940
-1260
2228
3144
3920
6888
6784
4948
4060
3636
-380
-2372
-968
-2456
-2456
956
2964
3008
6232
7024
5404
3720
4240
900
-2088
-1316
-1176
-3076
328
2968
2844
5288
7368
5980
3984
4504
2000
-1636
-2036
-620
-3280
-712
2104
3020
4236
7160
6616
4536
4092
3188
-916
-2272
-512
-2428
-1780
1780
3300
3364
6832
7024
4872
3876
4136
-92
-2264
-1148
-1876
-2744
680
2844
2968
5500
7172
5644
3816
4220
1252
-1916
-1680
-1024
-3048
48
2732
2948
5012
7352
6148
4380
4232
2264
-1180
-2196
-684
-3084
-1280
2084
3048
3712
7316
6724
4968
3964
3504
-508
-2408
-660
-2380
-2072
1564
2988
3332
6272
7080
5352
3908
4212
528
-2192
-1380
-1400
-3016
564
2764
3028
5272
7464
5776
3872
4204
1656
-1832
-1892
-772
-3060
-608
2424
2932
4304
7172
6376
4488
4028
2868
-1112
-2228
-472
-2900
-1588
1848
2848
3572
6868
6804
4948
3796
3640
-104
-2388
-1084
-1900
-2528
1028
3156
3084
5912
7212
5556
3856
4424
956
-1920
-1592
-1060
-2976
-44
2912
3112
4968
7420
6212
3936
4540
2112
-1512
-2088
-868
-3152
-964
2120
3112
4008
7104
6676
4520
4088
3408
-804
-2108
-728
-2488
-2028
1528
3032
3388
6408
7060
5236
3724
4152
260
-2084
-1280
-1500
-2824
476
2928
3004
5480
7392
5784
3896
4484
1452
-1616
-1992
-752
-3152
-316
2604
3168
4472
7488
6360
4408
4076
2664
-960
-2504
-532
-2708
-1616
2040
2976
3548
7120
6800
4864
4000
3840
-184
-2464
-796
-2008
-2408
1032
3028
3124
6112
7184
5404
3792
4492
880
-2192
-1624
-1116
-3184
176
2804
2772
5104
7056
6144
3988
4224
2164
-1504
-2068
-484
-3220
-680
2300
2976
4108
7032
6672
4756
4040
3400
-460
-2368
-524
-2684
-1892
1464
2984
3116
6644
6884
5152
3864
4204
268
-2100
-1296
-1704
-2820
812
2980
3060
5788
7172
5916
3776
4156
1856
-1944
-1956
-880
-3448
-504
2312
2908
4608
7232
6340
4260
4188
2744
-1008
-2256
-424
-2904
-1296
2184
3100
3756
6872
6816
4948
3892
3884
-188
-2320
-936
-2296
-2452
1172
2932
3016
5952
7068
5424
3776
4492
856
-2076
-1152
-1216
-2812
440
2652
3148
5188
7208
6288
3992
4344
2056
-1592
-2224
-732
-3320
-808
2220
2904
4120
6880
6692
4540
3900
3348
-696
-2332
-652
-2744
-1936
1484
3076
3360
6544
7132
5132
3696
4276
88
-2360
-1184
-1732
-2876
716
2936
2996
5548
7208
5796
3784
4296
1780
-1740
-1776
-912
-3040
-356
2528
3180
4600
7240
6476
4156
3956
2980
-1292
-2412
-644
-2980
-1600
1836
3164
3592
6724
6816
4900
3820
4060
-292
-2304
-1008
-1936
-2500
1096
3004
3176
6072
7144
5404
3600
4304
764
-2216
-1448
-1240
-3168
224
2576
3048
4664
7288
6048
4092
4260
2260
-1392
-1924
-728
-3072
-840
2184
3088
4056
7204
6564
4500
4080
3544
-792
-2304
-776
-2476
-1976
1596
3152
3328
6404
7188
5264
3796
4372
256
-2288
-1128
-1624
-3000
672
2816
3008
5428
7408
5888
3944
4420
1616
-1772
-2004
-828
-3364
-440
2304
2952
4192
7144
6424
4276
4044
2928
-1188
-2444
-492
-2780
-1376
1940
3140
3580
6756
7128
4988
4036
3908
-236
-2140
-980
-2024
-2456
832
2968
2996
5744
7192
5508
3828
4196
992
-1960
-1700
-1024
-3092
204
2864
2996
5084
7444
6304
4312
4340
2364
-1380
-2080
-928
-3012
-1052
1856
2800
3728
6804
6672
4364
3844
3424
-608
-2400
-548
-2392
-2196
1584
3156
3288
6480
7160
5564
3836
4456
508
-1996
-1196
-1432
-3000
512
2652
2968
5208
7228
5856
3688
4404
1712
-1768
-1868
-708
-3080
-332
2484
3132
4260
7432
6644
4452
4208
3208
-860
-2288
-508
-2680
-1724
1536
3016
3424
6588
6788
4980
3656
4124
-124
-2288
-1044
-1896
-2660
956
3092
3048
5884
7256
5840
3936
4544
1268
-1800
-1528
-868
-3228
-116
2520
2888
4512
7016
6380
4104
4056
2624
-1548
-2180
-712
-3092
-1252
2040
3424
3952
7112
7184
4916
4000
4072
-544
-2076
-708
-2304
-2096
1244
2856
2948
6112
7056
5220
3728
4164
568
-2164
-1460
-1264
-2968
416
2956
3160
5176
7504
6132
4068
4336
2204
-1656
-1976
-668
-3304
-836
2124
2840
3968
7064
6344
4528
4016
3172
-680
-2324
-692
-2484
-1664
1800
3124
3508
6848
7200
5400
3864
4036
228
-2184
-1056
-1672
-3076
836
2740
2884
5480
7044
5760
3700
4312
1580
-1900
-1760
-772
-3168
-160
2624
2992
4840
7316
6516
4192
4136
2676
-1216
-2328
-572
-3264
-1468
1656
2916
3388
6608
6768
4920
3776
3924
-376
-2192
-676
-2272
-2452
1324
2784
3304
6156
7188
5560
3744
4308
936
-2264
-1320
-1456
-3160
128
2496
2968
4864
7328
6084
3908
4188
2484
-1600
-2096
-544
-2924
-628
2304
3268
4192
7088
6784
4700
3876
3544
-824
-2304
-700
-2544
-2164
1448
2924
3096
6432
6888
5188
3604
3924
392
-2244
-1064
-1524
-2788
732
2924
2816
5724
7280
6000
3952
4472
1616
-1724
-1860
-980
-3320
-316
2144
2984
4184
7108
6428
4264
3956
3000
-1164
-2200
-428
-2616
-1476
1940
3160
3768
6860
7112
5192
3988
4108
112
-2476
-852
-2008
-2648
712
2880
3004
5704
7232
5384
3660
4340
888
-2080
-1404
-1216
-3056
192
2784
3132
5152
7400
6316
4132
4108
2472
-1520
-2152
-628
-3148
-968
2080
3104
3744
7008
6612
4676
3900
3640
-752
-2424
-740
-2416
-2184
1604
2964
3340
6532
6912
5528
3816
4280
644
-2116
-1336
-1276
-2880
696
2880
2896
5384
7120
6020
3800
3940
1840
-1944
-1944
-980
-3372
-316
2288
2948
4508
7296
6524
4496
4136
3236
-1124
-2140
-764
-2532
-1532
1616
2912
3464
6540
7048
4856
3824
3812
-380
-2500
-1136
-1988
-2676
844
3024
3192
5692
7556
5520
4156
4500
1444
-1940
-1408
-1120
-2968
44
2796
2976
4820
7412
6212
3992
4116
2312
-1652
-2164
-780
-3304
-1048
2028
2856
3912
7156
6744
4860
4188
3712
-608
-2440
-468
-2396
-1880
1368
2884
3404
6356
6928
5128
3580
3988
172
-2496
-1508
-1776
-3004
392
2812
3024
5460
7412
6144
4076
4568
1884
-1540
-1724
-556
-2920
-216
2440
3124
4400
6988
6340
4204
3936
2952
-1276
-2480
-656
-2832
-1496
1612
3100
3736
6632
7176
5104
4048
4224
-32
-1964
-676
-1884
-2324
1212
3172
3108
6136
7052
5428
3652
4180
888
-2404
-1768
-1484
-3252
-220
2504
2808
4960
7308
6272
4180
4472
2324
-1220
-1948
-436
-2988
-632
2208
2988
3940
7112
6608
4356
3968
3180
-804
-2700
-924
-2692
-1996
1376
2968
3220
6568
7120
5340
3884
4352
436
-2176
-856
-1488
-2516
748
3060
2908
5688
7148
5916
3660
4152
1240
-1992
-2140
-1100
-3348
-392
2444
2884
4488
7268
6496
4356
4292
3028
-1056
-2176
-412
-2680
-1236
2072
3276
3780
6808
6756
4692
3884
3548
-488
-2640
-944
-2228
-2400
1148
2996
2996
6068
7220
5440
4084
4380
756
-1652
-1288
-1192
-2748
544
2932
3080
5152
7412
5944
4104
4116
1748
-1524
-2240
-924
-3204
-696
2172
2920
4092
7088
6684
4516
4120
3416
-844
-2164
-436
-2824
-1636
1552
3124
3668
6608
7044
5052
3700
3880
-132
-2364
-1156
-2084
-2812
640
3060
2904
5668
7384
5640
3884
4524
1356
-1556
-1544
-1148
-2840
144
2928
2976
4892
7448
6136
3936
4060
2396
-1364
-2284
-688
-3148
-1148
2236
2832
3680
7076
6796
4716
4060
3528
-376
-2248
-644
-2120
-2088
1500
3076
3340
6348
6992
5276
3732
4100
256
-2468
-1348
-1700
-3056
404
2732
2812
5488
7044
6024
4008
4324
1852
-1808
-1804
-804
-3004
-428
2636
2876
4536
7348
6372
4248
4244
2820
-1228
-2444
-656
-2800
-1384
1768
3308
3600
7024
7044
4788
4272
3888
-144
-2060
-884
-2144
-2296
992
3196
2972
6112
7108
5408
3724
4300
780
-2196
-1748
-1140
-3272
116
2700
3024
5072
7276
6064
4144
4248
2204
-1580
-2028
-668
-3212
-672
2316
2984
4200
7100
6552
4572
3952
3316
-1036
-2508
-632
-2472
-1940
1816
3144
3368
6820
6976
5356
3784
4096
172
-2328
-980
-1896
-2824
768
2976
2948
5624
7200
5636
3904
4324
1340
-1888
-1796
-1100
-3108
-244
2684
2888
4792
7296
6340
4244
4276
2440
-1320
-2272
-772
-3064
-1084
2060
3244
3624
7064
6700
4692
3788
3468
-660
-2440
-744
-2308
-2208
1532
3080
3000
6720
7120
5368
4092
4308
652
-2128
-1212
-1500
-2880
584
2788
2864
5444
7232
5784
3896
4288
1692
-1856
-1836
-864
-3312
-176
2348
3048
4576
7380
6556
4332
4148
2988
-1112
-2144
-504
-2920
-1648
1720
2900
3468
6652
6976
4740
3752
3852
-328
-2384
-856
-2308
-2376
1136
2984
3200
6132
7164
5836
4108
4436
980
-1988
-1712
-1024
-3188
236
2692
2884
5156
7160
6136
3920
4260
2140
-1548
-2140
-676
-3236
-720
2344
2840
4336
7364
6656
4636
4140
3508
-696
-2408
-664
-2500
-1800
1640
3052
3376
6428
6844
5148
3788
3800
-12
-2348
-1112
-1728
-2656
880
2928
2940
5816
7476
5728
3952
4492
1352
-1976
-1628
-948
-3228
-132
2296
2972
4564
7244
6176
4140
4244
2484
-1300
-2348
-492
-2772
-1228
2204
3192
3604
7260
6796
4744
4080
3840
-368
-2216
-740
-2428
-2200
1184
2896
3080
6232
6828
5348
3756
4232
448
-2140
-1368
-1392
-2808
364
2908
2980
5272
7464
6172
4056
4408
1960
-1716
-2020
-672
-3248
-520
2320
2948
4156
7252
6292
4540
4004
3072
-1108
-2276
-892
-2696
-1716
1916
3172
3512
6728
6928
4984
3808
4108
-188
-2108
-1000
-1880
-2604
1044
2952
3136
5872
7308
5564
3680
4424
1200
-2036
-1460
-1364
-3012
88
2648
2972
4664
7276
6268
4104
4232
2172
-1480
-1936
-696
-3116
-996
2368
2976
4124
7220
6820
4440
4040
3428
-560
-2504
-784
-2520
-2108
1452
2976
3184
6416
6916
5408
3676
4080
400
-2100
-1112
-1456
-2916
816
2904
2952
5676
7208
5980
3924
4452
1688
-1744
-1896
-836
-3212
-120
2420
2908
4612
7108
6340
4320
4200
2896
-948
-2240
-464
-2940
-1224
1800
3060
3648
6868
6860
4852
3776
4060
-564
-2388
-988
-2216
-2528
880
2824
3288
5944
6972
5724
3752
4492
756
-2076
-1528
-1184
-3160
364
2648
3052
5268
7188
6312
4080
4444
2120
-1472
-2196
-760
-3296
-648
2312
3212
4000
7120
6612
4576
4032
3380
-888
-2216
-620
-2744
-1748
1612
3092
3596
6664
6916
5408
3808
4196
148
-2368
-1004
-1752
-2876
852
2848
3008
5648
7188
5764
3884
4288
1388
-2136
-1768
-992
-3040
-164
2616
3072
4908
7204
6260
4216
4396
2604
-1184
-2204
-660
-2892
-1380
2036
3016
3800
6808
6840
4632
3928
3580
-652
-2212
-664
-2380
-1916
1268
3056
3328
6312
7328
5536
3784
4308
468
-2276
-1412
-1380
-2948
512
2936
2868
5192
7208
5860
3928
4368
1532
-1748
-1896
-944
-3312
-540
2408
3020
4352
7304
6444
4388
3888
3032
-928
-2304
-696
-2544
-1752
1892
3104
3556
6808
6860
4852
3980
3620
-144
-2224
-1060
-2044
-2532
1124
3084
2888
6148
7320
5768
3928
4280
1044
-2016
-1556
-1188
-3184
56
2612
2760
4840
7176
6060
3932
4504
2176
-1416
-2072
-664
-3108
-820
2336
3060
4132
7156
6568
4880
4112
3288
-748
-2520
-848
-2628
-1996
1540
3068
3168
6376
6864
5176
3656
4016
48
-2240
-1208
-1796
-2684
892
2956
3212
5816
7284
5912
3860
4280
1596
-1660
-1536
-904
-3292
28
2308
2880
4704
7184
6168
4156
4024
2760
-1368
-2352
-716
-3084
-1176
2248
3084
3888
7088
6576
4852
3916
3608
-304
-2360
-644
-2304
-2156
1428
3032
3284
6252
6992
5360
3444
4068
280
-2384
-1356
-1668
-2992
508
2732
3056
5428
7224
6120
4128
4408
1780
-1488
-1796
-600
-2940
-352
2604
3104
4268
7328
6252
4200
4116
2652
-1300
-2368
-724
-2848
-1488
1756
3044
3896
6952
7052
5076
4032
3912
-256
-2244
-860
-2128
-2272
904
2940
3204
6032
7136
5228
3500
4344
628
-2196
-1472
-1256
-3192
388
2968
2896
5172
7468
6004
4108
4316
1888
-1556
-1840
-768
-3240
-692
2440
2888
4220
7276
6424
4384
4104
3020
-1016
-2416
-720
-2768
-1388
1760
3080
3600
6872
7080
5108
3952
3832
-56
-2128
-1048
-1980
-2456
1048
3040
2996
5740
7232
5384
3820
4200
716
-2104
-1612
-1276
-3000
192
2944
2964
5032
7624
6104
4088
4552
2148
-1636
-2044
-640
-3336
-612
2384
2752
4268
7192
6348
4504
4084
3076
-796
-2532
-664
-2772
-1796
1744
3180
3724
6752
6792
5412
3820
4092
-136
-2168
-888
-1976
-2672
1160
3008
2964
6072
7148
5484
3468
4332
944
-2236
-1708
-1292
-3092
184
2636
3060
5080
7308
6084
4132
4548
2240
-1588
-1936
-708
-3128
-716
2168
3092
4104
6936
6540
4476
3928
3180
-964
-2420
-824
-2756
-1836
1768
3200
3488
6828
7040
5176
3940
4016
180
-2180
-1056
-1748
-2568
964
3132
3108
6012
7024
5760
3844
4196
1088
-1892
-1900
-1020
-3096
0
2772
2996
4884
7488
6224
4028
4492
2240
-1468
-2180
-656
-3108
-860
2184
3000
3820
7048
6516
4540
3812
3340
-876
-2516
-708
-2596
-1964
1704
2972
3468
6608
6992
5232
3900
4176
212
-2108
-1240
-1692
-2636
816
3028
2944
5720
7156
5476
3864
4404
1040
-2040
-1868
-1080
-3228
-68
2648
2896
5000
7372
6416
4260
4200
2652
-1344
-2280
-552
-3196
-1024
2056
2872
3948
6984
6548
4480
3828
3388
-868
-2472
-644
-2620
-1912
1536
3092
3436
6708
7084
5308
3876
4028
236
-2328
-1148
-1844
-2864
928
2932
2920
5848
7180
5848
3840
4332
1396
-2080
-1744
-836
-3304
128
2448
3200
4940
7372
6576
4200
4404
2656
-1472
-2000
-500
-3124
-1032
2120
3140
3524
7176
6724
4452
3900
3604
-756
-2348
-804
-2544
-2060
1660
3116
3308
6848
6980
5432
3896
4100
348
-2208
-1268
-1540
-2956
668
2740
2724
5572
7176
5868
3956
4332
1476
-1900
-1848
-1016
-2928
-160
2572
3224
4800
7240
6548
4132
4344
2692
-1400
-2044
-728
-2856
-1280
1780
3216
3524
6752
6888
4756
3996
3744
-656
-2272
-612
-2484
-1980
1456
3084
3364
6260
7348
5324
3672
4232
424
-2308
-1448
-1604
-3008
488
2752
3008
5396
7288
5808
3960
4332
1424
-1868
-1772
-856
-3096
-264
2564
2972
4544
7376
6520
4356
4320
2936
-1236
-2032
-596
-2596
-1328
2040
2928
3784
6992
6696
4904
3836
3560
-432
-2352
-1016
-2212
-2228
1148
3256
3128
6352
7240
5492
3928
4376
416
-1972
-1432
-1360
-3068
608
2648
3000
5320
7208
5828
3864
4160
1648
-1760
-1944
-860
-3308
-600
2360
2952
4524
7172
6512
4384
4120
3096
-1084
-2148
-772
-2804
-1500
1844
3160
3596
6904
6800
4868
4224
3764
-408
-2124
-1052
-2072
-2392
1024
2988
3292
5940
7228
5608
3672
4468
1012
-2308
-1244
-1336
-3032
288
2620
3076
5020
7228
6020
3984
4276
1912
-1876
-1984
-800
-3180
-576
2332
2908
4388
7208
6520
4332
4068
3040
-1148
-2328
-748
-2876
-1528
1504
3188
3492
6552
6852
5100
3844
3972
-180
-2332
-1044
-1892
-2500
1152
3184
2956
6056
7252
5800
4044
4156
1000
-1824
-1496
-1176
-3076
120
2568
2936
5064
7364
6284
3772
4420
2076
-1464
-1908
-840
-3112
-700
2148
3060
4148
7064
6712
4444
4068
3428
-952
-2268
-632
-2660
-1744
1684
2808
3456
6636
7200
5016
3788
4100
-208
-2344
-996
-1872
-2500
692
2996
3080
5940
7244
5724
3952
4192
1292
-1796
-1684
-1088
-3148
68
2728
2936
5160
7244
6392
4124
4220
2352
-1580
-2104
-716
-3016
-872
2160
3036
3964
7080
6736
4452
4108
3148
-712
-2116
-828
-2536
-1860
1468
3064
3268
6544
6992
5164
3852
4036
348
-2400
-1196
-1640
-2852
680
3020
2780
5660
7228
5688
3948
4248
1148
-1568
-1860
-944
-3064
-176
2772
2892
4916
7560
6280
4312
4316
2648
-1420
-2108
-708
-3000
-1028
1924
3008
3832
7040
6788
4824
3908
3476
-532
-2360
-704
-2388
-2124
1336
3200
3280
6324
7056
5436
3712
4188
240
-2240
-1312
-1712
-2776
416
2984
3020
5556
7276
5712
3896
4356
1344
-1880
-1744
-840
-3328
-408
2608
2984
4472
7484
6392
4300
4212
2828
-1204
-1988
-716
-2784
-1224
1760
3124
3904
6784
6868
4964
3864
3752
-444
-2284
-876
-2124
-2352
1300
3128
3152
6216
7272
5524
3836
4436
488
-2380
-1296
-1612
-3040
240
2852
2832
5156
7340
5640
3832
4468
1480
-1752
-1824
-892
-3028
-520
2540
3240
4420
7344
6536
4380
4236
2920
-1096
-2332
-788
-2840
-1696
1868
2940
3532
6656
6948
4928
3812
3828
-188
-1984
-964
-1912
-2380
1216
3152
3088
6076
7472
5560
3824
4412
1008
-1996
-1732
-1172
-3456
216
2760
2768
5160
7404
6044
4296
4100
2168
-1480
-2156
-652
-3184
-740
2184
3068
4076
7184
6712
4324
3940
3156
-840
-2440
-856
-2628
-1792
1572
3192
3444
6704
6944
5088
3800
4200
180
-2188
-1044
-1800
-2716
1080
3120
2996
5904
7284
5764
3876
4284
1080
-1864
-1640
-1096
-2996
-12
2748
2976
4852
7244
6156
4208
4412
2356
-1280
-2108
-660
-2948
-1076
2036
3080
3828
6944
6640
4304
4056
3200
-768
-2324
-820
-2628
-1996
1548
3064
3308
6544
7032
5308
3884
4280
360
-2208
-1108
-1572
-2764
676
2820
3072
5432
7168
5892
3556
4400
1544
-2108
-1892
-888
-3072
-128
2604
3164
4764
7276
6512
4464
4316
3064
-1280
-2204
-520
-2848
-1280
1904
3056
3812
6804
6744
4604
3720
3572
-640
-2352
-1024
-2392
-2280
1380
3064
3148
6268
7312
5264
3992
4276
528
-2248
-1184
-1604
-3060
404
2872
3104
5240
7200
5848
3816
4352
1636
-1720
-1836
-796
-3244
-512
2516
3044
4388
7296
6588
4352
4440
2988
-1012
-2260
-596
-2916
-1400
1720
3088
3612
6732
6796
5068
3736
3908
-304
-2420
-1000
-2196
-2532
1040
2936
3216
5980
7396
5588
3940
4472
856
-1872
-1488
-1256
-3180
260
2548
2928
5112
7220
6036
3896
4268
1928
-1600
-2144
-876
-3236
-632
2036
3204
4124
7244
6780
4624
4084
3380
-728
-2332
-512
-2544
-1744
1708
3124
3352
6828
6924
4972
3908
3936
-100
-2368
-1256
-2032
-2732
944
2856
3048
5828
7196
5680
4080
4332
1140
-1960
-1516
-1052
-3260
80
2632
3060
4936
7268
6108
4060
4048
2236
-1604
-2124
-852
-3020
-896
2036
3192
3960
7156
6908
4692
4084
3628
-836
-2144
-856
-2392
-2008
1520
3124
3084
6664
7068
4960
4052
3884
88
-2236
-1268
-1604
-2672
744
3208
3100
5868
7452
5756
4056
4232
1484
-1864
-1836
-868
-3208
-152
2688
2896
4844
7268
6092
4164
4104
2324
-1448
-2444
-596
-3096
-1160
1952
3068
3840
7016
6816
4752
3928
3656
-472
-2316
-692
-2400
-2228
1208
2820
3004
6280
7072
5284
3696
4228
428
-2160
-1544
-1480
-2760
684
3084
3128
5472
7468
5912
4024
4408
1576
-1644
-1872
-952
-3088
-372
2396
2980
4448
7048
6392
4188
4144
2880
-1188
-2304
-572
-2888
-1384
1948
3092
3776
6836
6860
4928
3784
3724
-260
-2416
-1032
-2288
-2604
1076
2980
3012
6176
7080
5276
3760
4092
796
-2288
-1304
-1252
-3144
468
2720
3068
5392
7408
6108
4136
4352
1744
-1608
-1852
-876
-3124
-392
2276
3148
4368
7132
6532
4440
4124
3004
-900
-2284
-548
-2692
-1684
1688
3140
3440
6840
6936
4968
3808
4048
-364
-2364
-1032
-2096
-2484
1264
2812
3096
6000
7252
5500
3848
4304
996
-2052
-1576
-1216
-3176
172
2716
2952
4860
7420
6112
3964
4276
2176
-1580
-1924
-644
-3004
-656
2464
3072
4316
7292
6812
4452
4072
3232
-1036
-2232
-568
-2980
-1872
1636
2776
3424
6616
6796
5312
3780
4116
40
-2260
-880
-1812
-2632
1032
2984
3040
5788
7140
5872
3648
4260
1088
-2068
-1784
-1320
-3200
68
2596
2904
4676
7368
6160
4088
4476
2472
-1480
-2088
-668
-3016
-876
2184
3168
4044
7164
6660
4412
4060
3316
-708
-2284
-840
-2484
-2080
1716
2968
3520
6424
7056
5312
3748
4216
324
-2168
-1076
-1588
-2824
840
2984
3012
5752
7448
5600
3724
4284
1140
-1848
-1812
-1104
-3268
0
2536
2844
4624
7412
6104
4320
4160
2584
-1148
-2084
-828
-2824
-1100
1964
3248
3764
7080
6628
4684
3996
3424
-836
-2368
-876
-2444
-2060
1320
3112
3120
6460
7088
5480
3884
4376
444
-2000
-1276
-1484
-2880
536
3044
2956
5436
7376
5852
3820
4524
1360
-1812
-2048
-1248
-3244
-348
2280
3108
4404
7588
6228
4244
4332
2808
-1076
-2044
-608
-3064
-1260
1808
3132
3536
6816
6724
4824
3740
3768
-616
-2464
-764
-2408
-2116
1252
3188
3156
6392
7212
5452
3956
4500
572
-1880
-1288
-1456
-2860
572
3064
2960
5356
7340
5772
3940
4364
1672
-1688
-2052
-820
-3064
-656
2552
3060
4320
7388
6472
4372
4188
3108
-1140
-2108
-668
-2872
-1348
1632
2812
3536
6584
6740
5076
3724
3804
-360
-2416
-872
-2008
-2528
1156
3148
3016
6004
7472
5544
3800
4320
932
-2212
-1336
-1496
-3032
420
2664
2976
5228
7276
6080
4152
4220
2084
-1680
-1984
-892
-3104
-728
2412
3180
4328
7220
6700
4608
4136
3356
-1052
-2176
-520
-2552
-1764
1916
2900
3528
6616
6784
5080
3804
3892
-248
-2280
-1192
-2020
-2672
1140
2748
3104
5964
7168
5784
3956
4304
1336
-1952
-1588
-916
-3124
140
2664
2880
4980
7184
6168
4128
4416
2308
-1532
-2016
-716
-3188
-748
2308
2912
4044
7036
6840
4676
3992
3600
-708
-2452
-476
-2700
-1856
1788
3016
3452
6816
6924
5376
3700
3924
188
-2388
-1396
-1864
-2964
580
2920
2932
5568
7332
5760
3800
4456
1308
-1936
-1544
-832
-3104
20
2608
2948
4596
7408
6208
4424
4080
2520
-1340
-2320
-616
-3132
-1236
2196
2904
3784
7028
6700
4732
3956
3708
-584
-2284
-716
-2236
-2016
1468
3148
3528
6464
7068
5416
3684
4300
412
-2276
-1100
-1860
-2940
504
2584
2792
5452
7216
5836
4044
4328
1684
-1912
-1792
-980
-3172
-352
2544
2952
4528
7252
6444
4392
4272
2800
-1300
-2192
-752
-2888
-1468
1884
2964
3592
6796
6832
4856
4028
3624
-224
-2148
-780
-2076
-2216
1092
3236
3112
6276
7296
5484
3836
4392
648
-1972
-1216
-1468
-3124
488
2828
2808
5092
7132
6076
3896
4384
1660
-1652
-1832
-836
-3056
-488
2432
3124
4228
7424
6464
4320
4164
2940
-1056
-2380
-752
-2832
-1584
1552
3148
3412
6528
6792
4732
3756
3920
-208
-2240
-1108
-1996
-2348
1048
3116
3100
5988
7420
5660
3976
4296
1116
-1928
-1684
-1228
-3196
196
2716
2752
4944
7228
5932
4120
4316
2036
-1240
-1968
-524
-3052
-744
2468
3088
4152
7392
6796
4704
4072
3180
-888
-2424
-796
-2872
-1864
1372
2960
3044
6556
6660
5016
3680
4016
108
-2328
-1044
-1840
-2588
1084
3036
3128
6048
7272
5992
4048
4328
1416
-1884
-1828
-1032
-3216
-32
2308
2888
4632
7232
6344
4004
4148
2796
-1488
-2064
-468
-2976
-776
2160
3124
3972
7240
6812
4944
3864
3788
-536
-2264
-836
-2696
-2096
1200
2740
3108
6148
7052
5128
3608
4312
240
-2152
-1240
-1428
-2804
700
2988
3136
5532
7580
5840
3924
4428
1384
-2000
-1900
-1012
-3340
-284
2440
2804
4496
7396
6204
4244
4224
2704
-936
-2260
-448
-2784
-1212
2120
3200
3940
7140
6804
4972
3908
3820
-524
-2684
-812
-2480
-2348
1384
2808
3176
6244
7012
5320
3724
4236
508
-2200
-1284
-1280
-3008
816
2724
3228
5580
7380
5968
3820
4160
1600
-1812
-1956
-956
-3248
-532
2156
3024
4276
7208
6368
4316
4088
3056
-1088
-2324
-344
-2728
-1436
2040
2976
3692
7052
6916
5056
3984
3900
-296
-2408
-908
-2256
-2580
960
2904
2988
6156
6888
5552
3832
4212
952
-2196
-1396
-1312
-3012
452
3028
3160
5224
7296
6248
4116
4400
1940
-1820
-2076
-892
-3340
-600
2216
2964
4072
7120
6456
4232
4100
3072
-1144
-2348
-640
-2824
-1292
1980
3076
3784
6988
6872
5264
4028
3968
-176
-2272
-924
-2060
-2508
1048
2852
3040
5892
7216
5424
3768
4336
840
-1984
-1336
-1284
-2964
292
2740
3200
5300
7380
6528
3960
4324
2280
-1684
-2288
-688
-3168
-852
2192
2812
4004
7020
6480
4380
3856
3312
-1024
-2304
-512
-2656
-1592
1868
3184
3692
6996
6924
5232
3932
3856
-284
-2336
-1132
-1924
-2776
1080
2932
2800
6144
7000
5432
3992
4108
1104
-2040
-1624
-1040
-2960
204
2856
3008
5088
7544
6216
4100
4368
2376
-1536
-2036
-504
-3332
-804
2248
2644
4304
6968
6268
4692
3744
3200
-784
-2536
-752
-2608
-1796
1896
3200
3372
6868
6836
5188
3668
4064
24
-2280
-1004
-1900
-2908
1072
2596
3052
5932
6996
5744
3832
4180
1264
-1904
-1336
-1076
-3084
76
2416
3116
5004
7396
6380
4192
4372
2476
-1424
-2200
-516
-2952
-892
2060
3036
3900
6864
6612
4608
4076
3244
-880
-2172
-784
-2520
-1896
1680
3148
3336
6700
6980
5048
3844
4236
180
-2304
-1108
-1748
-2800
940
2776
3004
5756
7256
5672
4056
4404
1264
-2092
-1460
-1140
-3168
152
2572
2856
5112
7512
6292
4240
4276
2268
-1400
-2140
-704
-3060
-940
2084
2968
4128
7000
6740
4648
4052
3356
-592
-2336
-736
-2532
-1884
1456
3028
3380
6568
7080
5048
3780
4032
92
-2204
-1064
-1924
-2820
964
3036
2744
5872
7312
5808
3848
4208
1184
-2024
-1828
-1076
-3220
-8
2572
2872
4880
7440
6284
4100
4408
2672
-1492
-1988
-752
-3084
-804
2116
3116
3884
7104
6768
4572
3848
3548
-800
-2420
-936
-2612
-1956
1516
3088
3416
6556
7244
5396
3888
4128
256
-2072
-1280
-1816
-2880
660
2756
2984
5804
7184
5684
3680
4192
1224
-2012
-1764
-1276
-3132
12
2476
3092
4872
7320
6472
4048
4204
2664
-1372
-2316
-684
-3172
-1172
2016
2944
3992
6964
6652
4440
4156
3364
-800
-2416
-528
-2556
-1816
1800
3152
3488
6416
7004
5412
3616
4160
392
-2364
-1100
-1796
-2808
788
2672
3084
5764
7232
5856
3864
4424
1192
-1936
-1684
-1168
-3248
-8
2512
2968
4860
7340
6232
4156
4320
2388
-1512
-2208
-784
-3060
-1096
1980
3072
3940
7148
6588
4744
4064
3436
-612
-2332
-944
-2512
-2196
1424
3120
3428
6552
7180
5232
4012
4236
172
-2220
-1252
-1688
-2708
748
2992
2964
5692
7316
5592
3932
4264
1256
-1884
-1596
-1136
-3200
0
2720
2756
4844
7144
6244
4072
4104
2424
-1564
-2152
-724
-2900
-1052
2252
3116
4000
7048
6688
4624
4264
3244
-708
-2384
-800
-2536
-2032
1556
3276
3344
6640
7248
5176
4112
4128
116
-2220
-1080
-1812
-2756
916
3108
3064
5884
7256
5632
3992
4260
1048
-1712
-1708
-1156
-3120
20
2604
2892
4936
7456
6212
4076
4320
2408
-1424
-2144
-556
-3172
-816
2372
2764
4104
7100
6444
4672
3872
3280
-884
-2452
-768
-2844
-1740
1608
3124
3468
6700
7020
5228
3772
4108
88
-2296
-992
-1924
-2572
1012
3120
2824
5936
7364
5504
4012
4368
1040
-2000
-1508
-1288
-3036
184
2820
3024
5156
7288
6280
4156
4440
2496
-1504
-2264
-684
-3124
-720
2344
2768
3996
7216
6392
4156
4136
2968
-980
-2416
-848
-2760
-1640
1796
3168
3440
6788
7052
5244
4036
4100
-88
-2212
-916
-1864
-2560
1124
2908
3008
6128
7004
5396
3776
4200
760
-2224
-1644
-1488
-2964
348
2712
2984
5240
7352
6044
4168
4404
2324
-1392
-1868
-620
-3112
-524
2428
3000
4296
7176
6664
4300
3952
2932
-1104
-2292
-1000
-2724
-1448
1672
3136
3744
6784
6992
4904
3916
3928
-296
-2368
-964
-2052
-2444
1276
2764
3232
6044
7056
5512
3608
4248
564
-2380
-1436
-1360
-3184
632
2720
2980
5436
7424
5972
4216
4448
1880
-1616
-1788
-760
-2872
-408
2348
3248
4588
7328
6424
4388
4000
2776
-1200
-2280
-708
-3000
-1284
1704
3036
3796
6892
6836
4996
3896
3836
-500
-2312
-784
-2324
-2264
1288
3012
3288
6208
7032
5488
3652
4176
336
-2236
-1428
-1576
-3064
596
2820
3244
5676
7364
5888
3940
4448
1580
-1912
-1680
-916
-3152
-188
2732
3176
4848
7292
6248
4340
4088
2464
-1260
-2236
-688
-2932
-1168
2076
3156
3808
7052
6852
4732
3860
3576
-664
-2340
-824
-2496
-1988
1432
2916
3396
6376
7108
5128
3740
4024
252
-2272
-1240
-1760
-2872
788
2840
3092
5724
7252
5564
3912
4212
1140
-1748
-1748
-1040
-3208
-4
2536
3080
4668
7328
6280
4160
4080
2524
-1596
-2128
-440
-2956
-920
2400
3000
4368
7124
6584
4672
4072
3396
-808
-2340
-824
-2692
-1788
1676
2944
3440
6656
6776
5160
3780
3808
16
-2276
-1016
-1728
-2700
1112
3108
3164
5992
7324
5700
3628
4408
952
-2160
-1384
-1436
-3096
280
2628
2876
5124
7476
6004
3988
4288
1932
-1396
-2088
-996
-3164
-516
2300
2940
4464
7420
6520
4504
4272
3156
-1004
-2220
-672
-2656
-1516
2104
3124
3692
6816
6656
4996
3964
3724
-196
-2400
-1144
-2328
-2416
1172
2904
3172
6168
7240
5512
3804
4272
492
-1984
-1284
-1440
-2756
540
2876
3112
5252
7324
5816
3876
4348
1564
-1840
-1968
-912
-3260
-164
2336
3036
4668
7400
6392
4312
4120
2868
-1328
-2164
-560
-2860
-1192
2084
3176
3896
6980
6856
4788
3832
3640
-640
-2272
-888
-2236
-2140
1540
3148
3336
6576
7196
5352
3764
4168
168
-2128
-1268
-1692
-2964
608
2852
2996
5612
7104
5812
3980
4296
1168
-1984
-1740
-976
-3308
160
2604
3016
4816
7528
6352
4300
4152
2448
-1588
-2196
-660
-2948
-1148
2216
2984
4092
7240
6500
4488
4260
3080
-936
-2312
-748
-2620
-1808
1752
3088
3540
6700
7068
5088
4104
3916
88
-2112
-1260
-1816
-2512
896
3060
2928
5976
7148
5384
3760
4144
636
-2136
-1564
-1508
-3112
324
2456
3072
5152
7212
6072
4308
4232
2112
-1692
-1912
-704
-3152
-644
2520
2992
4288
7248
6348
4428
3912
2788
-1220
-2336
-712
-2772
-1460
2048
3020
3920
6944
6984
4964
3992
3816
-372
-2364
-1004
-2360
-2320
1172
2868
3240
6376
7044
5484
3932
4164
548
-2080
-1420
-1548
-2808
564
2976
3012
5504
7304
5796
4036
4392
1388
-1772
-1872
-1068
-3152
-340
2400
2968
4312
7336
6200
4248
4220
2580
-1376
-2060
-792
-2968
-896
2184
3020
4124
7108
6836
4668
3920
3692
-828
-2288
-680
-2556
-2156
1560
3124
3336
6496
7076
5120
3940
4100
-20
-2208
-1072
-1924
-2636
976
2924
3224
5860
7368
5668
3796
4364
1160
-1992
-1576
-1256
-3084
-32
2688
2872
4740
7292
5996
4108
4184
2236
-1764
-2012
-724
-3244
-748
2448
2988
4152
7232
6592
4528
4016
3200
-1036
-2144
-800
-2644
-1748
1776
3024
3492
6768
7000
5112
3836
4032
-192
-2380
-1052
-2044
-2468
1020
3080
3080
6236
7276
5504
3880
4272
760
-1880
-1492
-1296
-2884
324
2748
2980
5240
7468
5832
4072
4188
1632
-1696
-2172
-852
-2976
-632
2572
2972
4436
7312
6388
4344
4152
2796
-1216
-2432
-848
-2792
-1416
1808
3148
3816
7040
6724
4916
3968
3716
-340
-2348
-744
-2284
-2288
1308
3336
3196
6468
7160
5228
3952
4276
92
-2028
-1444
-1524
-2976
760
2668
3040
5592
7360
5732
4028
4148
1380
-1880
-1764
-1060
-3148
-144
2644
3004
4812
7324
6324
4016
4320
2508
-1320
-2076
-792
-3024
-952
2176
3004
3984
7232
6484
4432
4160
3260
-768
-2376
-808
-2728
-1852
1540
3300
3316
6652
7144
5012
3920
4100
24
-1992
-1076
-2028
-2368
972
3180
3180
5884
7176
5432
3804
4356
816
-2044
-1600
-1328
-3000
260
2852
3020
5312
7376
6288
4008
4536
1992
-1592
-2084
-792
-3088
-684
2180
2976
4140
7280
6628
4440
3932
2952
-1344
-2244
-796
-2828
-1496
1916
3200
3792
6928
7032
5084
4136
3812
-248
-2120
-1128
-2256
-2316
1168
2976
3124
6212
6916
5560
3744
4220
664
-2324
-1196
-1480
-3148
792
2876
2924
5784
7240
5940
4004
4388
1756
-1800
-1824
-904
-3388
20
2516
2852
4716
7256
6092
4200
4072
2328
-1320
-2456
-844
-3036
-1084
2096
3056
3804
7276
6620
4624
4236
3484
-532
-2220
-920
-2496
-1784
1304
3144
3148
6592
6920
5204
3524
4080
32
-2224
-1212
-1856
-2720
848
2940
3344
5876
7480
5692
3932
4388
1128
-1936
-1504
-1336
-3024
264
2412
3072
5036
7252
6120
3924
4300
2144
-1740
-2108
-856
-3100
-784
2356
3116
4180
7180
6524
4580
4024
3224
-1160
-2076
-684
-2780
-1652
1696
2996
3612
6868
6916
4940
3836
3856
-528
-2304
-1076
-2168
-2232
1108
2940
3248
6240
7260
5376
3712
4236
592
-2076
-1444
-1216
-2812
660
3064
3040
5480
7452
5724
3992
4448
1540
-1760
-1964
-1088
-3144
-332
2452
3136
4508
7200
6460
4380
4296
2796
-1276
-2196
-828
-3152
-984
1964
3116
4092
6916
6644
4740
3728
3488
-880
-2640
-868
-2680
-2008
1412
2988
3484
6616
7076
5452
3836
4156
84
-2188
-896
-1820
-2576
1052
3016
2968
5840
7328
5688
3700
4200
812
-1904
-1676
-1252
-2984
136
2604
3120
4940
7232
6164
4088
4472
2108
-1548
-1852
-684
-3132
-696
2352
3024
4204
7132
6448
4384
3984
3000
-1284
-2356
-636
-2988
-1572
1964
2924
3772
6932
6820
5136
3728
3856
-240
-2368
-820
-2212
-2204
1516
3168
3252
6488
7072
5528
3756
4204
432
-2336
-1184
-1592
-2856
696
2816
3080
5516
7436
5756
3880
4504
1364
-1840
-1756
-1156
-2940
-240
2332
3156
4724
7280
6244
4044
4248
2472
-1576
-2232
-680
-3084
-956
2300
2956
3928
7384
6580
4500
4020
3244
-904
-2132
-840
-2740
-1900
1644
2952
3516
6844
7112
5220
3764
4216
160
-2128
-1092
-1968
-2576
1188
2896
3248
6212
6972
5652
3732
4216
924
-2032
-1484
-1240
-3088
372
2672
2964
5152
7428
5884
3964
4216
1944
-1800
-1776
-880
-3156
-184
2292
3064
4540
7368
6372
4412
3992
2880
-1292
-2264
-916
-2948
-1304
2104
3052
3868
6992
6672
4756
3920
3632
-684
-2148
-584
-2408
-1928
1400
3032
3464
6464
7092
5228
3740
4324
128
-2272
-1240
-1648
-2648
832
2816
3088
5980
7324
5844
4024
4308
1228
-1892
-1636
-1056
-3096
240
2576
2972
4904
7384
6120
4068
4384
1972
-1536
-1944
-900
-3156
-836
2392
3092
4044
7092
6484
4476
3824
2936
-1088
-2336
-624
-2764
-1636
2056
3148
3604
7020
6792
4984
3920
3888
-340
-2248
-588
-2360
-2388
1360
2984
3248
6220
7224
5484
3924
4432
476
-2300
-1148
-1608
-2936
812
2756
3112
5524
7344
5972
3968
4240
1516
-1832
-1704
-1212
-3240
-344
2428
2844
4676
7340
6144
4268
4204
2380
-1416
-2220
-828
-3016
-928
2096
3064
4088
6972
6940
4732
4032
3308
-892
-2308
-568
-2828
-1720
1636
2956
3472
6520
6828
5144
3860
4056
40
-2168
-940
-2088
-2340
1020
3036
3344
6120
7100
5768
3892
4376
760
-2120
-1504
-1348
-3052
456
2784
2900
5252
7240
6184
3944
4240
1672
-1712
-1944
-800
-3188
-104
2564
3068
4548
7232
6552
4316
4188
2744
-1336
-2300
-836
-3092
-1220
1988
2868
3780
7008
6748
4764
4052
3504
-596
-2316
-732
-2496
-1876
1708
3016
3464
6756
6976
5352
3856
4112
236
-2344
-1028
-1756
-2736
984
2824
3004
5964
7192
5644
3972
4136
1096
-2052
-1492
-1328
-3292
364
2716
2900
5252
7144
6128
4040
4232
1884
-1636
-2096
-788
-3240
-620
2176
3132
4180
7260
6324
4152
4092
2916
-1160
-2272
-692
-2912
-1348
1988
3084
3756
7228
6816
4968
3888
3624
-500
-2292
-988
-2340
-2180
1368
3040
3440
6452
6992
5676
3636
4108
356
-2072
-1404
-1776
-2732
844
2940
3148
5700
7424
5644
3756
4304
1120
-1840
-1836
-1132
-3156
4
2760
2832
5092
7412
6188
4080
4096
2268
-1440
-2140
-680
-3072
-716
2224
3064
3992
7228
6448
4452
4032
3056
-936
-2436
-776
-2800
-1688
1844
3332
3640
6964
6948
5020
4036
3908
-316
-2184
-936
-2044
-2500
1352
3032
3072
6544
7244
5456
3928
4192
436
-2324
-1380
-1596
-3064
696
2816
3124
5716
7292
5852
4004
4100
1420
-2084
-1744
-1072
-3240
-188
2688
2844
4788
7204
6036
4024
4032
2524
-1560
-2376
-664
-2976
-1012
2264
3192
4172
7268
6616
4872
4096
3348
-956
-2152
-768
-2820
-1700
1692
3048
3568
6792
6700
4908
3852
3824
-224
-2336
-1056
-1900
-2428
1232
3216
3084
6384
7248
5472
4004
4364
556
-2036
-1592
-1344
-3268
556
2676
2960
5376
7132
5776
3836
4036
1504
-1784
-1896
-968
-3228
-368
2636
3044
4684
7260
6412
4484
4156
2620
-1316
-2244
-812
-2952
-1236
2216
2704
4016
7088
6612
4704
3960
3396
-640
-2360
-800
-2460
-2052
1724
3128
3508
6724
7056
5316
3756
4160
-152
-2348
-1004
-1920
-2816
1056
2924
2944
5976
7184
5460
4036
4072
852
-1996
-1788
-1260
-2848
148
2800
2884
5180
7532
5968
3972
4576
1740
-1792
-1996
-904
-3296
-676
2568
3056
4360
7364
6280
4268
4000
2704
-1264
-2292
-760
-2900
-1228
1984
3256
3944
7020
7108
5088
3908
3764
-304
-2456
-640
-2440
-2132
1532
3096
3100
6588
6980
5192
3748
4104
116
-2260
-1400
-1844
-2748
800
2824
3164
5992
7268
5924
3832
4504
1096
-1936
-1640
-1156
-3132
112
2692
2848
5056
7336
5964
3904
4388
1908
-1588
-2188
-936
-3116
-604
2316
3156
4388
7412
6636
4436
4388
2932
-976
-2140
-680
-2844
-1436
1860
3056
3756
6928
6956
4884
3748
3716
-440
-2400
-780
-2392
-2264
1288
2848
3156
6328
6984
5460
3660
4224
380
-2300
-1280
-1600
-2856
744
2916
3112
5808
7180
5780
3792
4312
1216
-2032
-1848
-1080
-3296
72
2548
3100
4956
7280
6296
4084
4220
2392
-1588
-2152
-576
-3272
-620
2272
3008
4316
7196
6464
4456
4140
3324
-876
-2224
-592
-2772
-1520
1756
2980
3604
6860
6872
5004
3904
3548
-192
-2432
-904
-2016
-2192
1280
3128
3032
6464
7108
5540
3956
4296
692
-2228
-1524
-1496
-2952
540
2808
2860
5520
7316
5776
3744
4312
1208
-1792
-2084
-928
-3396
-56
2504
3024
4684
7380
6204
4288
4220
2672
-1308
-2276
-568
-3112
-852
2192
3120
4132
7320
6896
4580
3908
3472
-872
-2428
-620
-2724
-1696
1500
3032
3544
6712
6680
5140
3736
3984
-136
-2364
-1164
-2180
-2424
1084
2928
3416
6016
7188
5784
3656
4352
628
-2260
-1492
-1436
-3072
496
2728
3024
5164
7232
5848
3800
4364
1628
-1916
-1740
-1032
-3192
-176
2368
3068
4544
7304
6676
4476
4372
2904
-1324
-2188
-628
-3052
-1156
1996
2944
4000
6752
6716
4744
3604
3644
-776
-2528
-604
-2656
-1864
1824
3036
3368
6696
7040
5320
3672
4112
172
-2248
-1280
-1912
-2632
1128
3072
2992
5960
7136
5260
3732
4164
588
-2056
-1784
-1280
-3028
356
2692
3048
5232
7336
6104
4292
4212
2052
-1428
-1804
-668
-3168
-328
2532
2764
4448
7464
6256
4380
4088
2872
-1456
-2236
-868
-3096
-1260
1936
3028
3972
7020
6780
4896
3976
3896
-580
-2156
-812
-2484
-2020
1312
3044
3416
6196
7148
5276
3584
4032
148
-2492
-1348
-1964
-2872
856
2820
3064
5992
7340
5748
3996
4416
1128
-1932
-1564
-1040
-3104
168
2720
2956
4864
7508
6044
3864
4460
1892
-1688
-1936
-1260
-3160
-572
2116
3172
4512
7060
6692
4576
4120
2968
-852
-2308
-800
-2616
-1420
1768
3260
3604
6976
6832
4624
3824
3604
-656
-2436
-1096
-2540
-2336
1392
2892
3236
6512
7220
5392
3884
4212
324
-2004
-1204
-1804
-2748
832
2748
3212
5604
7384
5828
3680
4424
1140
-2084
-1792
-1208
-3020
-24
2472
3168
4904
7396
6240
4236
4296
2280
-1344
-1996
-728
-3020
-796
2488
2936
4404
7252
6464
4404
4136
3064
-956
-2404
-800
-2812
-1792
1644
2960
3472
6880
6824
4816
4072
3680
-76
-2440
-684
-2148
-2428
1412
2984
3200
6460
7024
5308
3756
4096
456
-2452
-1384
-1756
-2912
492
2888
3040
5736
7332
6028
3908
4400
1308
-1752
-1668
-936
-3024
-136
2720
2996
4892
7600
6184
4368
4408
2440
-1320
-2292
-676
-3196
-884
2204
2868
4008
7076
6236
4500
4100
3048
-880
-2268
-732
-2636
-1508
1668
3412
3448
6952
7008
5052
3752
3864
-248
-2324
-1152
-2112
-2356
1192
2832
2888
6168
7084
5464
3736
4332
580
-2008
-1356
-1392
-2904
580
3092
3132
5688
7304
6088
4104
4256
1608
-1876
-1796
-880
-3312
-96
2460
2848
4824
7116
6268
4232
4268
2276
-1236
-2208
-604
-3116
-928
2272
3016
4084
7260
6652
4560
4096
3268
-820
-2596
-764
-2928
-1744
1628
2940
3540
6784
6812
4876
3924
3780
-92
-2176
-972
-1940
-2432
1320
3112
3204
6360
7240
5568
3988
3932
816
-2296
-1716
-1396
-3116
412
2964
2960
5664
7224
5944
3972
4228
1640
-1772
-1820
-820
-3080
-52
2500
2944
4876
7180
6228
4424
4208
2600
-1272
-2392
-628
-3324
-1088
2084
2960
4056
7068
6620
4696
3892
3380
-784
-2456
-664
-2676
-1924
1760
3104
3496
6920
6896
5096
4204
3796
68
-2272
-1088
-1968
-2560
988
2912
3084
6012
7092
5660
3816
4296
952
-1956
-1452
-1152
-3096
540
2920
3128
5332
7320
5980
4180
4260
1816
-1836
-1896
-1012
-3232
-268
2348
2800
4448
7376
6292
4304
4016
2752
-1420
-2140
-524
-3136
-1140
2164
2980
4084
7248
6804
4800
3972
3580
-700
-2300
-836
-2576
-1976
1440
2872
3276
6448
6908
5164
3700
4208
12
-2244
-1164
-1752
-2632
1140
3276
3196
6180
7364
5944
3892
4416
1056
-2148
-1540
-1008
-3256
268
2680
2828
5184
7216
5860
4104
3940
1808
-1564
-2084
-748
-2904
-328
2528
3228
4424
7632
6556
4484
4232
2992
-1112
-2236
-944
-3000
-1532
1812
2800
3612
6756
6668
4852
4040
3536
-404
-2540
-948
-2176
-2156
1640
3304
3376
6600
7192
5508
4040
3836
444
-2500
-1336
-1788
-2896
548
2908
2808
5796
7124
5712
4008
4340
1336
-1932
-1684
-1052
-3048
216
2720
3096
5328
7476
6188
4448
4364
2160
-1540
-2176
-884
-3392
-912
2060
2824
4028
7008
6344
4332
3940
3140
-848
-2476
-664
-2596
-1528
1860
3336
3764
7096
7024
5212
3952
4044
-204
-2320
-1064
-2224
-2592
1096
2868
3124
6244
7160
5340
3852
4236
480
-2232
-1356
-1404
-2712
776
3008
3200
5660
7612
6128
4040
4440
1468
-1856
-1820
-1000
-3348
-276
2260
3036
4512
7008
6236
4036
3948
2556
-1560
-2252
-772
-3000
-760
2196
3256
4060
7200
6888
4948
3976
3592
-936
-2416
-932
-2700
-2148
1696
2768
3396
6400
6904
4848
3764
3840
-124
-2172
-1152
-1808
-2564
1112
3128
3448
6080
7664
5616
4000
4300
872
-2172
-1496
-1364
-3156
312
2548
2868
5084
7228
5904
4176
4108
1944
-1828
-1860
-848
-3040
-480
2580
3192
4624
7412
6656
4456
4144
2876
-1168
-2468
-784
-2992
-1500
1880
2912
3556
6748
6708
4808
3964
3732
-276
-2320
-620
-2296
-2052
1636
2904
3288
6752
7228
5524
3964
4180
380
-2212
-1296
-1744
-2812
584
2984
2888
5540
7132
5724
3972
4372
1304
-1804
-1624
-936
-3100
24
2760
3156
4984
7644
6200
4204
4448
2268
-1504
-2208
-780
-3324
-928
1888
2812
4004
7000
6360
4592
3836
3188
-844
-2292
-720
-2640
-1756
1864
3168
3756
6880
7124
5056
4028
3928
-188
-2256
-868
-2144
-2468
1100
2824
3140
6152
7120
5184
3752
4200
760
-2084
-1520
-1284
-2892
552
2924
3252
5628
7440
6256
4152
4472
1880
-1696
-1892
-776
-3324
-500
2376
2928
4384
7152
6280
4212
4016
2476
-1416
-2220
-748
-3076
-1100
2064
3112
3748
6996
6964
4840
4032
3560
-532
-2348
-708
-2452
-1964
1544
3148
3292
6580
6932
5076
3736
4092
80
-2312
-920
-1916
-2564
932
3068
3116
6076
7228
5776
4060
4260
1092
-1852
-1620
-1336
-2972
36
2700
2872
4836
7284
6084
3880
4332
1968
-1608
-1992
-728
-3196
-532
2500
3040
4412
7288
6500
4548
4080
3068
-1012
-2392
-708
-2776
-1676
1684
3016
3532
6724
6752
5008
3848
3684
-348
-2264
-676
-2196
-2216
1356
3020
3200
6432
7184
5476
3936
4200
464
-2120
-1408
-1416
-3016
644
2864
2940
5472
7416
5700
4100
4380
1436
-1640
-1888
-860
-3216
20
2576
3284
4700
7436
6112
4316
4104
2288
-1264
-2276
-884
-3128
-1224
2192
3000
3960
7060
6324
4744
3980
3256
-736
-2420
-576
-2564
-1876
1844
3168
3400
6728
6992
5252
3812
4104
-120
-2148
-1176
-1856
-2660
840
2972
2936
5952
7476
5556
3876
4440
872
-1932
-1528
-1088
-3064
436
2648
3080
5100
7424
6036
4132
4236
1968
-1580
-2324
-804
-3292
-524
2208
3068
4308
7288
6284
4484
4028
2908
-936
-2316
-464
-2948
-1320
1944
3092
4004
7108
6800
5168
3856
3692
-528
-2464
-832
-2464
-2184
1304
2812
3124
6508
6932
5528
3724
4264
492
-2240
-1252
-1528
-2868
832
2988
3032
5928
7500
5868
4080
4356
1264
-1916
-1772
-1124
-3196
-248
2452
2940
4796
7228
6172
4264
4156
2352
-1544
-2328
-704
-3168
-780
2296
3204
4112
7280
6612
4696
4056
3212
-872
-2244
-732
-2748
-1708
1576
3112
3320
6956
6904
5056
3812
3924
-192
-2376
-932
-1988
-2508
1344
3028
3240
6324
7032
5740
4048
4352
760
-1988
-1556
-1320
-2976
432
2664
2988
5260
7264
5940
3940
4096
1580
-1864
-1912
-804
-3332
-152
2388
3116
4572
7084
6492
4304
4016
2716
-1432
-2392
-692
-3112
-1200
1880
3028
3748
7148
6684
4624
4076
3404
-712
-2360
-788
-2608
-2148
1480
3156
3464
6712
7092
5144
3784
4084
116
-2228
-1220
-1804
-2500
824
2852
3224
5832
7224
5892
4032
4492
1256
-2012
-1584
-1284
-2960
252
2704
3116
4944
7456
6088
4020
4380
1900
-1672
-1964
-900
-2988
-600
2344
3040
4276
7204
6464
4636
3912
2972
-1020
-2284
-656
-2932
-1428
2004
3076
3756
7092
6760
5108
3896
3844
-364
-2280
-1024
-2136
-2384
1412
3100
3184
6268
7140
5456
3924
4216
548
-1976
-1348
-1368
-2872
740
3056
2896
5500
7728
5564
4084
4192
1320
-1896
-1896
-1324
-3100
-260
2652
3016
4880
7332
6096
4380
4156
2420
-1348
-2100
-772
-2984
-1040
2288
2760
3788
7092
6536
4740
4000
3308
-712
-2368
-704
-2696
-1792
1660
3040
3508
6796
6680
5048
3884
3964
-136
-2280
-1124
-1876
-2472
1224
3268
3268
6140
7272
5760
3688
4216
860
-2004
-1408
-1328
-3156
528
2784
2792
5292
7352
5684
4004
4132
1660
-1788
-1940
-908
-3172
-336
2408
3148
4744
7380
6512
4488
4096
2760
-1316
-2308
-672
-3024
-1312
1888
2856
3696
6912
6732
4840
3948
3624
-644
-2504
-936
-2332
-2016
1556
3080
3532
6664
7156
5276
3820
4208
272
-1972
-1236
-1680
-2704
876
2708
3044
5720
7132
5708
3716
4168
1268
-2012
-1672
-1028
-3272
424
2596
2940
5040
7392
6140
4336
4328
2152
-1428
-2144
-832
-3136
-804
2124
2852
3952
7128
6396
4484
3876
3028
-1044
-2628
-708
-2588
-1700
1948
3076
3616
7036
6948
5128
3904
4064
-224
-2184
-936
-2260
-2556
1232
2584
3312
6080
7148
5428
3656
4256
692
-2324
-1396
-1380
-2820
664
2832
3168
5568
7264
6076
4004
4560
1724
-1808
-1848
-804
-3344
-260
2364
3168
4444
7200
6212
4316
3972
2404
-1460
-2244
-688
-3000
-1176
2132
3208
3952
7060
6740
4960
3964
3684
-632
-2332
-740
-2472
-1988
1608
3048
3312
6444
7060
5312
3760
4144
-8
-2276
-1204
-1768
-2700
984
2940
3004
5952
7348
5620
3976
4348
1136
-2016
-1652
-1332
-2904
40
2696
3108
4864
7420
6164
3964
4336
2008
-1628
-2112
-716
-3232
-788
2352
2860
4080
7324
6456
4580
4192
3032
-816
-2376
-724
-2640
-1732
1872
3224
3408
6944
6708
5056
3796
3852
-360
-2416
-1076
-1988
-2684
1384
3024
3216
6312
7280
5636
4020
4124
936
-2012
-1408
-1196
-3028
508
2896
2840
5344
7316
6024
3968
4288
1656
-1880
-1988
-996
-3412
-392
2440
2836
4500
7348
6472
4368
4112
2844
-1104
-2232
-600
-3056
-1240
1980
3056
3864
6996
6624
4768
3892
3360
-492
-2444
-1184
-2320
-2256
1212
3212
3156
6420
7324
5272
3816
4296
228
-2016
-1252
-1708
-2900
732
2896
3040
5732
7400
5820
4028
4264
1484
-2004
-1856
-968
-3108
-192
2796
2976
4640
7540
6304
3964
4324
2348
-1452
-2084
-840
-3048
-1128
2288
2860
4080
7100
6512
4464
4084
3112
-660
-2428
-728
-2600
-1612
1484
3048
3496
6716
7236
5084
3968
3896
120
-2268
-1100
-1768
-2652
1068
3040
2996
5936
7300
5900
3864
4268
1216
-2004
-1580
-1172
-3392
392
2660
2984
5204
7256
6252
4144
4304
2276
-1608
-2012
-712
-3172
-680
2172
2964
4352
6924
6560
4468
4080
2968
-984
-2556
-656
-2824
-1656
1912
3080
3500
6848
6924
4920
3936
3836
-132
-2404
-872
-2052
-2596
1240
3044
3192
6168
7208
5384
3980
4092
724
-2000
-1412
-1480
-2960
532
2688
3048
5312
7452
6144
3976
4488
1824
-1672
-1892
-708
-3172
-444
2332
3072
4408
7316
6440
4308
4112
3080
-1248
-2512
-656
-3076
-1180
1888
3124
3960
6664
6932
4860
3956
3840
-384
-2468
-732
-2460
-2180
1256
2956
3192
6124
7120
5332
3848
4004
544
-2264
-1364
-1536
-3000
532
3008
2896
5536
7540
5900
4000
4392
1412
-1724
-1708
-884
-3096
-236
2692
2904
4532
7208
6280
4120
4256
2532
-1180
-2192
-748
-2984
-1144
2084
3060
3712
7104
6804
4612
3996
3484
-640
-2224
-892
-2368
-2024
1440
2864
3248
6524
7140
5192
3740
4144
280
-2456
-1288
-1816
-2932
640
2952
3044
5760
7348
6008
3984
4384
1540
-2016
-1488
-1176
-3280
192
2568
3044
5016
7108
6404
4284
4296
2468
-1344
-2256
-776
-2968
-956
2036
3008
3900
7176
6484
4452
3984
3324
-1012
-2180
-792
-2696
-1752
1680
3092
3392
6504
7136
5056
3720
4044
-84
-2280
-1076
-1932
-2608
960
2816
3132
5664
7264
5728
3776
4388
868
-2000
-1540
-1468
-2820
220
2516
3304
4836
7524
6348
3876
4276
2256
-1712
-1900
-644
-3052
-624
2112
3176
4200
7228
6652
4540
4196
3236
-1004
-2232
-708
-2688
-1712
1764
2952
3536
6892
6932
5016
3852
3784
-128
-2312
-1024
-1976
-2568
1160
3072
3268
6092
6992
5460
3924
3988
616
-2152
-1624
-1324
-3104
552
2760
2956
5444
7428
6000
4124
4312
1900
-1552
-1852
-772
-3096
-208
2496
2836
4592
7256
6516
4324
4168
2872
-1164
-2300
-600
-2924
-1232
1692
3020
3884
6812
6832
5024
3716
3760
-392
-2164
-856
-2464
-2148
1312
3144
3340
6256
7152
5296
3628
4332
156
-2264
-1236
-1956
-2948
772
2772
3036
5720
7372
5748
4000
4188
1572
-1956
-1880
-964
-3216
-180
2736
3036
4820
7328
6176
4332
4116
2252
-1136
-2120
-656
-2940
-1016
2268
3128
3888
7260
6432
4688
4092
3436
-788
-2340
-736
-2552
-1880
1868
3016
3244
6848
6796
5048
3876
3980
-140
-2308
-1188
-1904
-2724
1072
2880
3104
5916
7220
5568
3700
4116
1008
-2272
-1588
-1120
-3292
248
2692
3040
5180
7492
6012
4168
4288
2048
-1680
-1900
-708
-3304
-436
2332
2792
4368
7308
6360
4472
3788
2880
-1016
-2396
-652
-2952
-1444
2028
3008
3632
7052
6968
4932
3956
3788
-180
-2376
-860
-2236
-2328
1292
3008
2876
6432
7048
5328
3724
4072
332
-2216
-1544
-1784
-2716
484
2776
3056
5596
7376
6088
4156
4296
1712
-1792
-1620
-1108
-3120
-124
2480
2868
4884
7192
6320
4228
4240
2244
-1396
-2320
-968
-2980
-1108
2216
3220
4060
7304
6864
4720
4188
3660
-604
-2132
-516
-2528
-1740
1608
3028
3252
6544
6892
5036
3668
3920
-116
-2576
-1160
-2080
-2612
856
3084
3072
6048
7456
5672
4156
4372
808
-1984
-1492
-1328
-3016
180
2620
2868
5048
7364
5784
4048
4248
1864
-1788
-2104
-924
-3080
-596
2516
2964
4432
7360
6556
4600
4236
3044
-964
-2288
-572
-2732
-1524
2008
2944
3568
6872
6584
4916
3944
3500
-532
-2424
-980
-2540
-2100
1284
2968
3320
6336
7196
5500
3900
4328
348
-2248
-1260
-1648
-2564
508
2824
3188
5228
7076
5852
3764
4312
1212
-1880
-1804
-1048
-3108
-264
2624
3080
4756
7532
6412
4372
4548
2368
-1176
-2180
-648
-3000
-1088
2340
2888
4052
7196
6556
4492
3988
3152
-808
-2436
-676
-2712
-1856
1672
2968
3632
6760
7032
5208
4048
3980
12
-2308
-952
-1940
-2540
1104
2976
3088
5988
7080
5372
3772
4124
616
-2248
-1684
-1228
-3120
256
2872
3092
5152
7544
5992
4140
4448
1940
-1728
-1848
-788
-3044
-500
2556
3136
4512
7324
6564
4292
4240
2708
-1216
-2204
-848
-2948
-1324
2004
3232
3704
7128
6904
4808
4248
3436
-348
-2168
-860
-2380
-1988
1392
3288
3064
6596
7084
5272
3756
3980
316
-2272
-1444
-1536
-2896
728
2916
2868
5704
7360
5636
3972
4196
1300
-1864
-1928
-1052
-3124
-16
2624
2988
4880
7280
6232
4216
4180
2344
-1464
-2256
-908
-3004
-1080
2316
2984
4012
7344
6524
4676
4128
3292
-812
-2044
-772
-2676
-1912
1896
3152
3736
6784
6952
5016
3860
3840
-24
-2356
-1048
-2272
-2404
1040
2856
3104
6060
7152
5536
3792
4096
920
-2216
-1532
-1272
-2900
404
2888
3144
5340
7416
6004
3736
4296
1704
-1724
-2044
-900
-3228
-448
2364
3032
4412
7264
6404
4496
4276
2900
-1052
-2200
-676
-2844
-1292
1960
3080
3952
6928
6840
4948
3988
3488
-348
-2520
-916
-2396
-2248
1212
3216
3300
6412
7044
5464
3772
4124
400
-2272
-1184
-1668
-2804
768
2596
3152
5676
7164
5716
3904
4312
1444
-2048
-1748
-1092
-3092
-76
2744
2952
4828
7368
6328
4092
4284
2312
-1384
-2152
-776
-3080
-888
2232
2944
4072
7240
6508
4696
3980
3132
-588
-2532
-816
-2616
-1788
1704
3108
3424
6772
6928
4936
4068
4024
108
-2396
-1096
-1928
-2612
924
3060
2920
6032
6968
5500
3708
4128
748
-2120
-1452
-1356
-3172
236
2632
2964
5392
7328
6176
4072
4440
1764
-1520
-1924
-1012
-3124
-548
2280
2992
4220
7168
6372
4396
4272
2932
-1080
-2144
-592
-2840
-1328
1900
3264
3944
7072
6836
5084
3896
3664
-308
-2372
-968
-2260
-2476
1356
3088
3100
6324
6872
5316
3860
4184
504
-2348
-1316
-1580
-2900
512
2800
2920
5568
7240
5896
4080
4188
1576
-1808
-1688
-1152
-3164
-164
2484
2996
4788
7148
6360
4144
4116
2500
-1312
-2180
-740
-3164
-904
2108
3020
4156
7164
6868
4684
4036
3536
-628
-2288
-688
-2460
-1972
1512
3152
3060
6704
6860
4996
3952
3904
-68
-2192
-1380
-1672
-2780
1128
3048
3004
5972
7316
5908
3988
4268
1092
-1972
-1724
-1132
-3236
128
2748
2952
4992
7372
6044
4156
4092
2256
-1704
-2176
-788
-2964
-632
2496
2964
4320
7376
6448
4624
4068
3348
-776
-2336
-784
-2680
-1548
1856
3004
3620
6804
6812
5020
3504
3888
-188
-2360
-1072
-2024
-2436
1112
2928
3084
6192
7196
5408
3696
4320
736
-2196
-1536
-1144
-3064
676
2940
3024
5460
7324
5856
4104
4200
1740
-1664
-2052
-960
-3416
-512
2408
2788
4576
7192
6384
4584
4156
2764
-1116
-2460
-528
-2704
-1508
2136
3032
3616
7180
6716
4840
3776
3776
-512
-2368
-828
-2252
-2120
1496
3084
3304
6520
7172
5396
3884
4004
324
-2236
-1284
-1460
-3008
736
2940
2956
5728
7296
5888
3844
4264
1560
-2024
-1972
-972
-3292
-108
2496
2844
4852
7252
6284
4216
4308
2548
-1408
-2216
-488
-2860
-904
2128
3156
4060
7220
6764
4664
3840
3496
-884
-2436
-912
-2484
-2028
1560
3184
3356
6608
7308
5216
4044
4224
-196
-1860
-904
-1792
-2640
724
2888
3152
5656
7260
5624
3680
4116
1040
-2128
-1860
-1176
-3092
8
2524
3092
4920
7380
6264
4172
4392
2072
-1492
-1988
-632
-3036
-740
2160
3016
4112
7156
6556
4560
4008
2892
-796
-2512
-708
-2800
-1640
1836
3012
3576
6832
6800
5276
3808
3800
24
-2256
-1064
-1968
-2496
1068
3144
3028
6168
7240
5612
3788
4488
940
-2020
-1532
-1256
-3248
340
2584
3040
5248
7380
5996
4048
4204
1928
-1612
-2040
-872
-3068
-476
2244
3124
4364
7312
6548
4560
4108
2972
-1112
-2392
-680
-2932
-1432
1820
3028
3408
6956
6912
4796
3800
3744
-336
-2368
-860
-2252
-2304
1604
3084
3020
6336
7172
5452
3780
4160
772
-2164
-1304
-1424
-2912
444
2668
3152
5320
7360
6024
3832
4308
1892
-1880
-1936
-924
-3304
-152
2476
2844
4616
7348
6356
4216
4128
2800
-1260
-2356
-644
-2920
-1436
1796
3016
3704
6820
6872
4668
4028
3448
-600
-2324
-804
-2404
-2048
1264
3140
3160
6420
7096
5324
3732
4112
292
-2240
-1244
-1500
-2656
724
3188
2804
5784
7472
5800
4032
4348
1432
-1772
-1800
-804
-3228
-68
2504
2908
4796
7304
6252
4176
4136
2412
-1284
-2228
-696
-2928
-1092
1948
3148
3968
6928
6672
4772
3912
3376
-652
-2164
-952
-2432
-1980
1592
3152
3112
6604
7072
5032
3740
4040
128
-2324
-1032
-1716
-2656
808
2992
3044
5996
7440
5544
4036
4380
1240
-1816
-1552
-1128
-3076
172
2772
3004
4960
7468
5972
3988
4296
2184
-1640
-2128
-772
-3240
-976
2128
2984
4068
7100
6396
4732
3948
3224
-820
-2292
-796
-2696
-1756
1608
3116
3408
6844
6904
5076
3760
3900
40
-2400
-1024
-1920
-2604
1280
3176
3112
6108
7332
5480
4052
4260
996
-1944
-1708
-1200
-3128
60
2968
2948
5112
7552
5832
4212
4312
1944
-1508
-2096
-708
-3084
-584
2352
2876
4280
7236
6528
4292
4236
2972
-1180
-2188
-792
-3020
-1472
1744
3192
3664
6940
6980
4904
3868
3816
-524
-2216
-928
-2264
-2224
1340
2948
3208
6268
7152
5376
3676
4056
556
-2152
-1420
-1384
-3032
648
2848
2952
5448
7316
5820
3968
4160
1584
-1720
-1832
-764
-3256
-248
2540
2912
4540
7292
6348
4240
4040
2896
-1184
-2272
-560
-3108
-1016
2136
3072
3832
6976
6688
4804
3644
3600
-564
-2200
-788
-2432
-2232
1488
3044
3304
6288
7152
5288
3836
3968
164
-2176
-1300
-1504
-2880
1072
3036
2964
5652
7376
5672
4004
4220
1092
-1848
-1564
-1208
-3052
124
2564
2772
4924
7364
6100
4144
4116
2288
-1328
-2224
-756
-3056
-756
2296
3212
4172
7264
6732
4528
3952
3096
-856
-2260
-652
-2728
-1724
1820
2768
3452
6800
6928
5112
3812
3924
32
-2356
-1000
-2056
-2632
1192
2852
3112
6064
7088
5544
3900
4152
864
-2056
-1484
-1228
-2904
336
2800
2800
5488
7472
6060
3976
4444
1844
-1572
-2012
-696
-3204
-496
2452
2860
4644
7252
6416
4372
4092
2832
-1124
-2300
-636
-3000
-1208
1972
3024
3768
7240
6740
4952
3796
3648
-648
-2432
-844
-2424
-2256
1408
3040
3332
6496
7024
5184
3756
4212
-4
-2160
-1192
-1844
-2832
864
2792
3064
5984
7368
5748
4040
4144
1344
-2112
-1552
-1084
-3136
316
2460
3004
4932
7192
6212
4172
4108
2352
-1520
-2132
-652
-2928
-704
2332
3240
4336
7152
6532
4436
4032
3068
-1076
-2340
-616
-2856
-1652
1688
3056
3552
6828
6980
4980
3760
3924
-460
-2204
-932
-2288
-2224
1236
2900
3248
6212
7264
5452
3740
4208
568
-2060
-1516
-1368
-3292
692
2672
2988
5568
7340
5928
4008
4244
1800
-1848
-1704
-704
-3296
112
2644
2960
4956
7276
6320
4384
4108
2552
-1292
-2272
-804
-2908
-1196
2180
3024
3856
7100
6720
4704
3896
3500
-632
-2352
-644
-2472
-2208
1724
2936
3304
6816
6872
5256
3848
3984
92
-2244
-1100
-2032
-2796
1000
3056
3072
5908
7292
5696
3972
4096
1036
-2020
-1640
-1280
-3012
200
2696
3160
5128
7532
6152
4064
4300
2068
-1440
-1904
-708
-3048
-436
2540
2920
4500
7432
6332
4384
4016
2604
-1112
-2472
-860
-2972
-1212
1972
3168
3956
7020
7040
4940
3880
3824
-404
-2408
-756
-2412
-2156
1452
2796
3256
6416
6828
5280
3808
4004
352
-2328
-1244
-1696
-2768
732
2960
2980
5928
7304
5808
4084
4324
1360
-1740
-1824
-1004
-2948
-104
2576
3068
5008
7344
6120
4244
4272
2196
-1228
-2164
-892
-2900
-844
2208
3108
4172
7252
6528
4660
4232
3072
-868
-2356
-636
-2848
-1780
1856
2944
3524
6872
6796
4960
3924
3736
-320
-2340
-1008
-2152
-2356
1160
3064
3328
6156
7340
5540
3776
4288
392
-2184
-1280
-1424
-3064
644
2928
3116
5700
7228
5964
3948
4380
1532
-1904
-1724
-1028
-3072
-124
2460
3124
5024
7316
6524
4316
4196
2620
-1404
-2336
-552
-3004
-1144
2148
2904
3980
7140
6460
4596
4080
3200
-708
-2356
-860
-2608
-1568
1644
3048
3460
6816
6916
5008
3772
3824
-208
-2324
-1160
-1980
-2664
1012
2888
3088
5968
7304
5416
3884
4196
832
-2160
-1536
-1532
-2896
188
2936
3116
5424
7412
6052
4236
4344
1828
-1756
-1992
-836
-3156
-520
2608
3048
4576
7304
6360
4328
4124
2608
-1256
-2288
-692
-3088
-1272
2136
2948
4116
7156
6624
4768
3952
3440
-540
-2448
-728
-2532
-2020
1540
3068
3316
6416
7044
5272
3940
3908
224
-2280
-1144
-1868
-2716
964
3008
3100
5872
7256
5732
4008
4200
1260
-2044
-1488
-1196
-3000
328
2732
3068
5228
7336
6068
4004
4120
1876
-1740
-2024
-904
-3192
-408
2324
2984
4364
7328
6460
4448
4004
2920
-1120
-2304
-780
-2788
-1392
2008
3100
3712
6824
6624
4912
3776
3528
-676
-2312
-964
-2328
-2400
1456
2936
3296
6480
7216
5372
3700
4164
352
-2200
-1280
-1684
-2944
1044
2700
3000
5832
7256
5824
3956
4328
1344
-2032
-1708
-1004
-3180
108
2612
3056
4852
7304
6268
4216
4340
2244
-1632
-1920
-772
-3176
-612
2328
2976
4204
7152
6484
4304
4132
3028
-1100
-2208
-760
-2848
-1612
1692
3020
3540
6720
6912
4832
3972
3756
-372
-2244
-1036
-2160
-2216
1216
3104
3232
6264
7180
5468
3792
4224
656
-2172
-1320
-1588
-3028
644
2744
3028
5568
7204
5948
3852
4288
1488
-2096
-1696
-856
-3264
28
2444
2988
4740
7352
6288
4056
4144
2476
-1452
-2164
-848
-3192
-880
2028
3016
3936
6980
6664
4516
3836
3472
-988
-2364
-656
-2700
-1832
1832
3088
3528
6636
6892
5188
3884
4028
-84
-2380
-944
-2176
-2476
1040
2812
3112
6268
7188
5780
3692
4280
892
-2048
-1384
-1152
-3032
656
2616
3156
5144
7472
5944
3800
4328
1760
-1900
-1932
-800
-3184
-176
2192
2936
4560
7216
6272
4400
4040
2712
-1420
-2084
-796
-2912
-1056
2060
3084
3956
7116
6676
4816
3844
3568
-716
-2272
-880
-2728
-2036
1744
2920
3428
6492
6940
5216
3856
4112
80
-2256
-1344
-1648
-2544
1076
2932
3200
5976
7260
5816
3940
4352
964
-2084
-1656
-1208
-3176
88
2544
3056
5020
7232
5828
4140
4460
1852
-1552
-2024
-772
-3132
-504
2544
3040
4232
7196
6432
4348
4168
2964
-1092
-2452
-652
-3104
-1188
1628
3104
3748
6940
6996
4864
3640
3716
-436
-2224
-636
-2288
-2104
1336
3040
3392
6560
6936
5568
3724
4044
244
