# meta_json={"schema_version":4,"record_id":"20260928T182618_0800_fanA_r001","data_role":"formal","source_type":"real","device_id":"fanA","device_type":"fan","session_id":"fanA_rig01_9V_20260928_c","acquired_at":"2026-09-28T18:26:18+08:00","observed_condition":"added_mass","target_label":"unbalance","label_basis":"controlled_injection","label_confidence":"confirmed","fault_level":2,"fault_method":"tape_mass","tape_spec_id":"tape01","tape_count":2,"measurement_axis":"X","reference_gravity_axis":"Y","reference_gravity_sign":"+1","fixture_id":"rig01","sensor_module_id":"mpu01","sensor_mount_id":"fan_frame_top_left","installation_orientation_id":"x_measure_y_gravity","calibration_id":"uncalibrated","voltage_set_v":9.0,"firmware_build_id":"6db13e6","notes":"仅从6V改为9V；保持两片胶带位置不变","fs_config_hz":1000,"window_samples":1024,"window_nominal_ms":1024.0,"capture_samples":20480,"capture_nominal_ms":20480.0,"afs_code":0,"frames":20,"first_seq":1,"last_seq":20,"lost_frames":0,"sample_id_gaps":0,"capture_mode":"fifo_continuous"}
1880
1152
1120
1292
-884
-848
-708
-1888
-348
2188
2584
2924
4536
2644
1356
876
1828
52
-980
-828
-1424
-1496
1628
2700
2924
4056
3528
1452
1144
1776
804
-748
-1132
-712
-2108
448
2440
2768
3212
4232
2024
1120
1204
1644
-364
-1216
-844
-1744
-1016
1900
2756
2616
4336
3016
1236
1252
1540
532
-900
-1240
-1036
-1988
1260
2328
2568
3936
3972
1920
888
1276
1484
-744
-988
-888
-2120
-144
2048
2920
3000
4368
2524
1220
1236
1516
76
-804
-1072
-1104
-1792
1716
2632
2500
4200
3540
1752
932
1356
1032
-1012
-988
-904
-2180
796
2296
2704
3420
4372
1936
1116
1248
1768
-492
-1152
-888
-1720
-1084
1960
2668
2864
4332
2836
1404
1104
1968
380
-1048
-1264
-844
-1940
1272
2488
2856
3788
4068
1820
1464
1552
1428
-652
-1284
-684
-1928
60
2380
2596
2996
4328
2752
1528
968
1660
-276
-1200
-676
-1280
-1436
1760
2012
2696
4188
3720
1720
1072
1568
708
-908
-1188
-588
-1924
496
2160
2576
3344
4472
2416
1284
1056
1604
-848
-968
-760
-1632
-776
1836
2500
2700
4360
3308
1532
1248
1488
204
-872
-1132
-768
-2004
1464
2248
2696
3936
4092
1920
1020
1224
1304
-796
-940
-628
-1960
-164
2104
2632
3276
4592
2552
1376
956
1652
-272
-1000
-900
-1436
-1468
1736
2428
2844
4064
3492
1628
928
1488
800
-1016
-1248
-704
-2000
624
2276
2688
3128
4440
2116
1232
1212
1588
-736
-984
-820
-1708
-860
2036
2732
2972
4136
2896
1460
1052
1800
472
-928
-1244
-948
-1960
1420
2500
2692
3576
4076
1752
1204
1256
1332
-804
-768
-1000
-1996
-36
2100
2772
3072
4544
2380
1100
1136
1580
-260
-836
-1156
-1184
-1544
1632
2480
2572
4144
3616
1488
1056
1516
676
-1120
-1164
-620
-1876
720
2416
2532
3216
4408
1972
1484
1092
1356
-768
-1168
-744
-1696
-488
2024
2460
2796
4168
3296
1468
1160
1468
100
-968
-1012
-700
-2128
1492
2072
2608
3880
3992
1936
1160
1212
864
-728
-820
-724
-1936
-196
2260
2460
2896
4652
2556
1304
892
1332
-288
-928
-952
-1256
-1400
1512
2348
2432
4264
3732
1432
1060
1336
564
-908
-1188
-712
-2020
860
2260
2516
3580
4212
2228
1320
1000
1564
-728
-1216
-608
-1752
-416
2164
2432
2980
4480
2996
1752
1096
1628
132
-1068
-1044
-812
-1784
1424
2260
2592
3596
4140
1656
1244
1416
928
-1124
-1112
-632
-1920
212
2156
2412
3028
4392
2508
1476
896
1536
-348
-1204
-844
-1408
-1448
1880
2380
2732
4228
3728
1608
1096
1268
548
-784
-976
-616
-2184
988
2344
2476
3496
4516
2168
1300
1096
1264
-516
-936
-844
-1656
-448
2116
2476
3068
4340
2776
1392
908
1696
-152
-1036
-1064
-988
-1772
1588
2308
2480
3988
3604
1464
864
1468
1148
-956
-1008
-704
-2088
352
2464
2500
3104
4444
2424
1268
1240
1436
-396
-1004
-760
-1468
-1168
1992
2420
2696
4276
3348
1524
1100
1656
284
-1052
-1144
-888
-1872
1412
2320
2592
3564
4252
1892
1072
1404
1220
-836
-1100
-800
-1648
-228
2072
2620
2668
4552
2636
1468
1008
1520
-308
-1232
-972
-1124
-1568
1772
2348
2348
4096
3628
1572
1428
1152
456
-1068
-1300
-632
-1832
936
2016
2408
3264
4348
2464
1204
1324
1360
-828
-1124
-608
-1448
-488
2096
2556
2852
4492
2908
1600
1052
1572
16
-1028
-896
-1076
-1640
1464
2492
2680
3700
4060
1820
1132
1356
1008
-944
-1112
-820
-1832
116
2348
2452
3132
4536
2528
1348
980
1460
-584
-1092
-764
-1452
-984
1716
2320
2804
4368
3360
1416
1168
1536
300
-1084
-1048
-848
-1868
1104
2296
2528
3424
4224
1964
1324
1144
1148
-864
-996
-640
-1784
-272
2008
2648
2812
4600
2732
1476
1008
1648
-260
-956
-1120
-1240
-1324
1864
2320
2440
4024
3692
1676
928
1556
672
-860
-1004
-1184
-2080
788
2148
2876
3052
4488
2020
1188
1236
1452
-536
-988
-960
-1792
-816
2096
2516
3048
4472
2796
1340
1096
1580
216
-972
-1156
-1080
-1988
1588
2288
2856
3688
4116
1592
984
1248
1108
-764
-976
-748
-1976
180
2276
2568
3196
4688
2144
1456
1044
1552
-236
-1252
-820
-1556
-1128
2064
2472
2728
4184
3528
1424
1008
1672
216
-816
-1180
-1068
-1808
1168
2360
2668
3488
4256
1948
1256
1436
1196
-980
-1140
-704
-1760
-252
2376
2488
3004
4568
2712
1572
832
1476
-100
-1064
-780
-1140
-1600
1812
2432
2460
4340
3764
1664
1004
1392
680
-924
-1000
-680
-1780
660
2180
2580
3292
4516
2112
1272
976
1368
-892
-1000
-636
-1684
-516
1912
2572
2756
4372
2992
1496
1024
1564
100
-1076
-1052
-1116
-1784
1568
2344
2568
3852
3996
1640
1248
1388
920
-1060
-1080
-484
-1892
420
2344
2668
3164
4540
2344
1376
976
1456
-464
-860
-804
-1720
-968
2160
2656
2768
4352
3208
1504
1180
1540
468
-1040
-1112
-836
-1964
1416
2240
2724
3608
4072
1812
1108
1464
1132
-776
-1292
-664
-1788
-12
2184
2440
2932
4616
2404
1440
896
1412
-440
-1184
-772
-1244
-1436
1920
2220
2668
4204
3328
1876
828
1420
648
-1228
-788
-596
-2132
1016
1976
2596
3304
4532
2184
1244
1028
1196
-660
-908
-652
-1896
-472
1972
2464
3032
4524
3048
1464
788
1444
-192
-852
-940
-1036
-1796
1244
2280
2732
4204
3988
1392
984
1276
572
-860
-1132
-528
-2168
340
2236
2464
3324
4708
2296
1628
880
1292
-624
-1100
-760
-1496
-944
1964
2496
2608
4492
3004
1748
1192
1256
292
-1200
-944
-688
-2032
1628
2136
2560
3660
4252
2016
1208
1284
1008
-980
-1020
-476
-1868
-8
2048
2348
2964
4368
2504
1728
900
1244
-660
-916
-820
-1264
-1232
1712
2364
2384
4336
3700
1588
1096
1328
436
-1240
-1208
-680
-2036
1188
2124
2516
3516
4304
2244
1328
1304
1496
-1080
-884
-484
-1920
-312
1992
2476
2952
4448
2864
1448
1060
1596
-184
-932
-976
-988
-1388
1392
2280
2552
3960
4136
1692
1124
1212
720
-1092
-1096
-572
-1868
616
2072
2308
3204
4536
2096
1368
1008
1460
-764
-1040
-828
-1612
-780
1888
2428
2620
4452
3360
1328
1276
1380
68
-660
-1164
-636
-1872
1240
2336
2496
3924
4240
2000
1132
1280
1012
-1000
-756
-612
-2052
272
1960
2584
3256
4492
2560
1604
1060
1624
-544
-860
-772
-1300
-1144
1660
2288
2620
4176
3656
1640
952
1376
384
-936
-1064
-936
-1860
980
2164
2512
3516
4304
1964
1268
1084
1108
-920
-1236
-900
-1740
-188
2160
2248
2944
4652
2776
1376
1104
1556
-356
-1012
-1024
-848
-1488
1656
2356
2600
4336
3696
1744
1020
1648
764
-1136
-928
-940
-1884
912
2144
2696
3308
4352
2220
1164
1328
1384
-876
-976
-820
-1632
-684
2072
2444
2848
4464
3068
1316
896
1480
16
-960
-1004
-1112
-1784
1528
2364
2516
3832
4092
1604
968
1412
944
-1032
-1088
-888
-1948
540
2080
2596
3096
4580
2360
1180
1344
1616
-632
-876
-864
-1552
-760
1996
2444
2720
4348
3220
1548
1112
1628
92
-936
-1204
-916
-1904
1232
2560
2652
3656
4060
1720
1372
1144
1192
-848
-1344
-564
-1932
96
2248
2496
2892
4628
2528
1300
936
1696
-512
-1004
-1224
-1460
-1076
1824
2732
2592
4172
3364
1412
1144
1632
444
-928
-1104
-764
-2256
1112
2472
2776
3448
4444
1828
1196
1404
1184
-680
-1176
-760
-1848
-196
2180
2484
3040
4280
2716
1508
1112
1848
-476
-1132
-928
-1372
-1328
1648
2360
2756
3960
3664
1600
1180
1484
696
-1188
-1088
-804
-1964
804
2000
2764
3184
4456
2084
1104
1228
1280
-776
-1136
-804
-1644
-444
2108
2396
2744
4456
3064
1528
1260
1556
-264
-872
-1016
-1128
-1620
1668
2300
2760
3804
4052
1848
1264
1560
904
-1120
-972
-716
-2128
300
2164
2624
3228
4452
2244
1416
976
1728
-1040
-1020
-920
-1600
-756
1928
2740
2628
4196
3100
1416
1284
1512
108
-936
-1188
-800
-2176
1404
2476
2664
3704
4024
1796
1132
1248
1064
-920
-1128
-808
-2028
100
2268
2584
2972
4556
2484
1540
1020
1868
-524
-1044
-904
-1384
-1400
1932
2304
2668
4092
3652
1456
1160
1404
352
-884
-1356
-732
-2048
984
2288
2344
3776
4120
2140
1268
988
1460
-1036
-1080
-684
-1852
-148
2128
2616
2580
4612
2628
1428
1384
1432
-368
-1208
-896
-980
-1656
1812
2336
2532
4040
3664
1648
1292
1544
628
-1056
-1116
-544
-1964
904
2204
2636
3200
4488
2280
1476
1348
1288
-812
-1152
-776
-1816
-392
2008
2532
2796
4208
3064
1436
1096
1656
-156
-956
-1056
-992
-1612
1472
2428
2324
4092
4104
1460
1228
1168
904
-708
-1132
-580
-2256
380
2228
2524
3412
4468
2356
1184
1168
1484
-704
-968
-652
-1556
-980
2056
2540
3040
4292
3308
1300
944
1556
116
-540
-1060
-992
-2024
1224
2460
2608
3864
4368
1536
1048
1128
1336
-820
-908
-560
-2136
184
2024
2592
3300
4560
2644
1364
936
1528
-588
-1060
-816
-1372
-1228
1812
2412
2668
4288
3452
1516
1084
1440
444
-1156
-844
-696
-1980
1212
2168
2648
3484
4296
1884
1416
1184
1036
-792
-944
-892
-1884
-140
2248
2316
2772
4784
2800
1508
1000
1512
-152
-1040
-912
-1140
-1436
1844
2220
2676
4208
3676
1520
1148
1248
684
-1060
-1196
-552
-2252
708
2304
2412
3640
4444
1928
1320
1044
1344
-864
-1192
-752
-1616
-620
1988
2464
2768
4652
3004
1336
1060
1444
-128
-1048
-1024
-1024
-1764
1700
2340
2448
3980
4144
1736
1136
1116
952
-796
-1004
-524
-1884
616
2088
2528
3444
4692
2324
1124
1144
1532
-832
-724
-648
-1640
-920
1796
2380
2956
4444
3172
1592
1076
1428
148
-1092
-872
-828
-2212
1524
2176
2652
3752
4072
2064
1160
1168
728
-988
-856
-792
-1988
136
2244
2508
2936
4528
2504
1540
1160
1624
-632
-1088
-1056
-996
-1112
1920
2256
2712
4308
3528
1760
972
1512
280
-1076
-1036
-616
-2092
1072
2296
2520
3788
4168
2020
1508
1004
1388
-1008
-732
-592
-2020
-20
1916
2576
2984
4616
3060
1144
1128
1312
-324
-952
-876
-1200
-1384
1716
2164
2668
4208
3624
1712
876
1408
440
-1304
-820
-772
-2032
756
2232
2644
3404
4356
2160
1488
1412
1132
-904
-948
-660
-1660
-456
2136
2408
3032
4280
3076
1588
1112
1772
-192
-884
-932
-1236
-1524
1688
2336
2632
4056
3796
1776
1156
1132
844
-1208
-1068
-808
-2084
480
2172
2396
3112
4628
2388
1344
988
1148
-748
-984
-888
-1476
-1004
2092
2404
2912
4312
3292
1696
1144
1476
240
-1092
-952
-916
-1868
1668
2196
2540
3776
3988
1984
1224
1352
1232
-1092
-960
-728
-1848
400
2040
2576
3236
4420
2560
1416
1116
1456
-772
-1028
-952
-1424
-1380
1952
2408
2776
4164
3368
1424
1216
1324
180
-1168
-1008
-920
-1992
1388
2328
2524
3460
4416
1984
1180
1080
1080
-1120
-1032
-924
-1796
216
2204
2476
3136
4332
2784
1508
1028
1660
-392
-1044
-1056
-1240
-1424
2056
2136
2676
4172
3664
1648
888
1628
552
-1072
-968
-824
-2060
1068
2364
2396
3468
4400
1992
1584
804
1396
-1032
-952
-772
-1908
-172
1948
2508
2872
4464
2908
1272
1084
1700
-404
-988
-956
-1104
-1676
1716
2420
2756
4304
3696
1564
1160
1240
728
-1032
-848
-996
-1980
1024
2032
2616
3504
4560
2020
1256
1080
1404
-872
-1088
-688
-1856
-112
1960
2428
2988
4528
2872
1532
836
1628
-192
-992
-1000
-1076
-1544
1772
2348
2580
4360
3704
1560
1160
1176
780
-1180
-1144
-740
-2120
1028
2216
2420
3348
4508
2124
1336
1372
1196
-880
-1052
-848
-1456
-692
2164
2660
2692
4788
2944
1452
1008
1492
-72
-920
-764
-1088
-1624
1844
2140
2772
4272
3768
1648
1024
1292
664
-952
-1024
-840
-2112
748
2108
2668
3676
4384
2088
1272
956
1344
-848
-780
-984
-2032
-348
1960
2552
2820
4636
2960
1500
940
1616
-380
-796
-896
-1244
-1584
1592
2172
2824
3896
4168
1592
992
1396
696
-1132
-1032
-604
-1956
732
1984
2516
3580
4648
2060
1264
924
1304
-992
-776
-648
-1744
-644
2036
2420
2952
4812
3004
1524
796
1392
-72
-960
-948
-1220
-1788
1752
2232
2864
4152
4004
1720
956
1096
888
-976
-904
-736
-2048
828
2036
2504
3564
4536
2332
1260
808
1268
-892
-748
-628
-1836
-612
1768
2484
3084
4660
3328
1168
852
1384
-124
-680
-924
-1372
-1448
1752
2216
2772
4352
4036
1392
916
1212
848
-1072
-1092
-832
-2016
744
2336
2412
3680
4328
2036
1236
1072
1476
-988
-800
-876
-1756
-256
1916
2308
3088
4728
2956
1280
876
1116
-300
-936
-848
-1160
-1360
1460
2252
2764
4344
3948
1356
1068
1304
640
-1004
-816
-684
-2104
896
2172
2616
3848
4376
2052
1216
1056
1336
-844
-788
-808
-1784
-216
2024
2412
3200
4896
3036
1320
1124
1272
-344
-892
-800
-1208
-1472
1616
2300
2756
4340
3712
1624
1204
1160
396
-1044
-892
-796
-2104
1056
1924
2468
3856
4384
1980
1100
916
976
-996
-764
-1052
-1708
-8
2236
2440
3320
4652
2640
1400
1080
1576
-704
-1088
-696
-1220
-1068
1964
2300
2756
4524
3604
1432
1188
1324
128
-880
-892
-960
-1772
1292
2292
2388
3856
4320
1868
1212
908
976
-944
-816
-532
-2148
348
2180
2384
3356
4544
2412
1300
844
1316
-652
-828
-720
-1596
-920
1924
2404
2852
4484
3304
1516
1204
1260
-188
-1148
-976
-968
-1708
1432
2160
2512
4080
4168
1688
1292
1216
684
-956
-840
-800
-1924
548
2212
2644
3476
4788
2264
1328
948
1368
-740
-876
-872
-1936
-388
2148
2504
2772
4616
3020
1536
1036
1368
-108
-1076
-1084
-1144
-1580
1808
2396
2616
4320
3820
1572
996
1288
624
-984
-1092
-876
-2120
992
2304
2432
3696
4276
2020
1464
852
1296
-784
-948
-604
-2184
-48
2196
2516
3256
4600
2852
1332
1084
1388
-440
-956
-944
-1100
-1388
1880
2272
2584
4432
3552
1456
1128
1304
380
-1016
-892
-852
-2232
1040
2308
2692
3748
4364
1892
1420
964
1012
-1072
-1184
-796
-2100
308
2032
2344
3036
4752
2768
1328
836
1392
-712
-720
-1112
-1528
-1128
1856
2392
2820
4480
3396
1616
1052
1352
152
-988
-872
-808
-1992
1412
2064
2556
3984
4332
2056
1052
1152
748
-860
-872
-732
-2084
304
2128
2636
3292
4792
2200
1340
936
1332
-816
-836
-816
-1748
-860
1924
2500
2804
4708
3152
1400
744
1392
8
-980
-980
-1140
-1736
1600
2160
2824
4104
4060
1740
772
1384
516
-936
-932
-784
-2180
724
2164
2636
3376
4600
2332
1240
1172
1128
-1036
-644
-660
-1852
-348
1960
2412
3152
4712
2968
1632
972
1388
-500
-784
-936
-1216
-1468
1600
2380
2668
4456
3856
1568
868
1252
312
-1036
-912
-684
-2152
972
2004
2636
3724
4296
2004
1220
864
940
-940
-1024
-596
-1940
-168
2048
2568
3180
4780
2780
1636
856
1392
-464
-940
-696
-1468
-1076
1896
2180
2704
4444
3648
1720
980
1464
212
-992
-908
-896
-1908
1156
2152
2612
3756
4232
1760
1280
916
760
-936
-948
-616
-2052
-168
2196
2408
3312
4680
2376
1220
892
1640
-700
-788
-708
-1720
-996
1756
2564
2856
4676
3328
1232
1068
1384
216
-876
-980
-1020
-2172
1584
2180
2844
4048
4128
1752
1052
1268
788
-752
-988
-728
-2092
464
2248
2560
3376
4580
2476
1204
948
1340
-724
-804
-836
-1852
-628
2208
2368
2992
4588
3212
1468
856
1444
-84
-1056
-976
-1104
-1688
1528
2272
2528
4120
4164
1572
1116
1116
504
-796
-1040
-608
-2392
888
2136
2516
3652
4408
2260
1240
988
1348
-848
-916
-576
-1684
-524
2180
2396
2908
4640
2756
1596
736
1532
-220
-784
-968
-1240
-1492
1864
2248
2648
4244
3868
1680
1116
1332
700
-1212
-1028
-716
-2204
1232
2224
2612
3388
4496
1944
1256
1224
1232
-852
-1080
-760
-1896
-356
2372
2508
3200
4448
2804
1484
808
1648
-400
-880
-956
-1392
-1420
1836
2484
2832
4432
3632
1520
1192
1376
528
-808
-908
-784
-2116
1156
2180
2672
3884
4356
1876
1064
1160
1116
-840
-884
-840
-2012
-232
2216
2520
3256
4852
2548
1368
888
1580
-524
-988
-880
-1568
-1280
1828
2416
2800
4500
3484
1272
844
1376
412
-884
-1200
-892
-2268
1356
2284
2528
3888
4268
1748
1108
1032
1180
-840
-800
-796
-2128
12
2080
2732
3200
4800
2364
1180
920
1392
-432
-820
-988
-1340
-1304
2128
2536
3124
4524
3108
1704
784
1548
288
-908
-908
-1196
-2320
1320
2268
2848
3800
4252
1800
1224
908
1080
-712
-1024
-892
-2256
260
2136
2504
3256
4612
2408
1356
776
1584
-508
-904
-948
-1676
-1044
1972
2432
3016
4496
3364
1252
964
1432
4
-644
-888
-908
-1892
1428
2312
2824
4068
4280
1692
1064
1212
784
-992
-752
-732
-1936
128
2228
2620
3276
4864
2160
1408
836
1292
-532
-724
-700
-1784
-1132
1852
2428
3152
4452
3240
1420
1084
1332
-132
-848
-804
-928
-1880
1432
2164
2660
3824
4448
1760
932
1192
576
-632
-1056
-640
-2152
396
2128
2520
3568
4652
2312
1336
856
1484
-788
-952
-716
-1608
-932
1812
2576
2916
4744
3020
1256
1084
1336
92
-1012
-968
-900
-1924
1692
2068
2712
4248
4000
1500
736
1208
712
-764
-1136
-672
-2444
572
2192
2632
3468
4472
1872
1484
820
1604
-832
-840
-732
-2064
-732
2068
2584
2960
4588
2980
1248
1028
1636
-88
-720
-1064
-1196
-1808
1488
2448
3076
4216
3832
1692
1012
1380
916
-848
-1012
-760
-2356
760
2244
2884
3536
4572
1940
1168
1120
1500
-568
-828
-992
-2000
-804
2032
2680
3060
4360
2820
1296
692
1712
-88
-724
-920
-1344
-1824
1528
2180
2624
4196
3828
1520
872
1348
892
-992
-1144
-740
-2292
888
1952
2872
3340
4436
2280
1088
1096
1356
-656
-828
-844
-1724
-616
2104
2676
2780
4652
3024
1432
1012
1552
204
-976
-800
-1072
-1720
1892
2324
2556
4180
3792
1572
1184
1340
672
-1024
-1200
-632
-2328
544
2212
2628
3376
4424
1968
1304
1228
1244
-844
-752
-976
-1776
-912
2008
2536
2852
4584
3016
1452
756
1604
40
-760
-884
-1120
-1852
1552
2308
2680
4084
4124
1584
1096
1192
928
-612
-1212
-636
-2116
548
2092
2724
3572
4532
2200
1280
772
1568
-696
-916
-752
-1760
-944
2068
2592
2800
4696
3060
1264
1248
1280
-148
-924
-1096
-976
-1948
1488
2432
2684
4048
4036
1728
1148
1256
1024
-1024
-1140
-740
-2332
724
2276
2580
3288
4212
2236
1412
1264
1464
-600
-888
-904
-1608
-900
2208
2772
2512
4560
3260
1348
1224
1488
584
-880
-1328
-976
-2164
1580
2372
2504
4248
3808
1760
1304
1256
1032
-1088
-1228
-676
-2304
388
2192
2652
3192
4404
2472
1180
1024
1488
-564
-956
-816
-1740
-1120
1852
2476
2692
4384
3196
1472
1172
1484
168
-820
-1224
-820
-1984
1444
2424
2552
3760
4156
2032
1364
1224
836
-672
-1116
-492
-2196
148
2344
2396
3236
4512
2580
1416
1004
1544
-400
-1088
-912
-1480
-1212
1684
2540
2676
4516
3384
1324
952
1244
488
-1056
-900
-648
-2424
1356
2144
2584
3652
4296
1872
1164
1008
1068
-768
-1128
-664
-2016
-220
2376
2524
3016
4656
2580
1444
996
1656
-68
-1076
-980
-1460
-1408
1960
2516
2816
4304
3452
1440
1208
1472
508
-924
-1100
-800
-2168
1236
2348
2612
3756
4328
1928
1096
1000
1364
-708
-1120
-800
-1920
-232
2068
2596
3040
4696
2480
1316
1044
1632
-168
-1152
-752
-1592
-1484
1800
2388
2608
4176
3456
1580
1068
1696
544
-852
-1280
-736
-2172
1168
2292
2572
3680
4284
1896
1276
1336
1296
-760
-928
-884
-1876
-340
2192
2760
3044
4636
2380
1452
1120
1636
64
-1128
-992
-1444
-1544
1980
2456
2536
3932
3564
1584
1104
1404
708
-924
-1180
-816
-2196
928
2276
2540
3452
4268
1900
1340
1064
1064
-732
-1096
-872
-1952
-504
2268
2492
3004
4452
2800
1468
824
1680
40
-1048
-788
-1216
-1588
1864
2184
2736
4300
3884
1860
888
1468
664
-944
-896
-768
-2204
856
2204
2668
3356
4532
1996
1200
1164
1352
-892
-892
-728
-1692
-488
1844
2676
2864
4560
2800
1436
1008
1536
-108
-1024
-884
-1256
-1912
1904
2384
2748
4208
3484
1628
916
1488
732
-1044
-952
-860
-2180
816
2148
2796
3368
4408
2096
1280
1072
1464
-540
-848
-892
-1912
-804
2108
2520
3128
4700
3004
1320
952
1480
20
-696
-1020
-1156
-1856
1632
2484
2568
4380
4024
1544
1108
1252
940
-716
-1000
-928
-2148
636
2176
2608
3416
4688
2092
1144
1012
1540
-620
-1036
-828
-1584
-936
2032
2644
3152
4528
2752
1424
1192
1676
172
-960
-888
-932
-1844
1556
2568
2852
4048
3972
1700
1244
1440
976
-700
-932
-1036
-2104
468
2492
2772
3312
4448
2188
1328
1256
1588
-660
-1108
-804
-1920
-708
1984
2472
2772
4184
3176
1452
976
1568
68
-1036
-1108
-1112
-1832
1620
2332
2544
3576
4060
1712
1120
1408
776
-1024
-1176
-876
-2004
480
2336
2560
3124
4564
2500
1268
1120
1468
-424
-1000
-816
-1436
-1092
2100
2588
2852
4580
3052
1432
1168
1604
268
-920
-1112
-868
-1964
1360
2460
2660
3796
3948
1588
1060
1460
1140
-980
-1040
-816
-2076
132
2224
2504
3120
4500
2340
1300
964
1464
-472
-928
-840
-1584
-1044
1904
2648
2780
4232
3292
1412
1200
1608
260
-1180
-1140
-912
-1916
1492
2256
2824
3628
4228
1868
996
1332
1016
-680
-980
-796
-1792
-52
2040
2696
3248
4592
2568
1292
1040
1620
-532
-1220
-792
-1380
-1268
1836
2336
2936
4364
3300
1556
1264
1532
220
-1252
-1196
-724
-1932
1196
2236
2624
3624
4224
1836
1296
1332
1232
-804
-1164
-788
-1848
-200
2560
2648
3124
4596
2640
1588
1040
1508
-404
-808
-840
-1468
-1404
2084
2460
2596
4220
3540
1584
1088
1328
528
-1008
-1080
-824
-2068
1072
2132
2576
3536
4584
1868
1160
1328
1232
-860
-1024
-708
-1848
-480
2092
2560
2920
4608
2668
1276
992
1592
-392
-848
-1028
-1412
-1428
1584
2496
2668
4280
3712
1456
1052
1328
672
-1036
-844
-716
-2168
1024
2188
2736
3600
4272
1896
1136
1220
1332
-652
-1068
-752
-1828
-624
2468
2556
2836
4788
2800
1352
1020
1676
-156
-820
-1132
-960
-1508
1648
2260
2544
4372
3764
1684
964
1172
768
-1108
-972
-784
-2312
804
2084
2428
3432
4420
2172
1204
952
1384
-912
-1076
-664
-1632
-516
2048
2436
2924
4620
2988
1496
996
1640
-108
-1004
-868
-924
-1708
1516
2344
2744
4308
3916
1372
1256
1392
700
-964
-1084
-668
-2140
816
2256
2560
3276
4796
2124
1368
844
1324
-820
-1008
-720
-1656
-636
2048
2384
2968
4596
3124
1460
748
1524
-116
-748
-1000
-1032
-1652
1396
2200
2756
4252
4008
1364
1104
1364
652
-880
-1108
-736
-1992
652
2352
2572
3496
4496
2160
1344
1092
1572
-732
-836
-948
-1580
-936
2148
2688
3124
4612
2932
1292
1064
1628
120
-760
-1176
-1140
-1936
1492
2384
2632
4308
4024
1428
1168
1292
840
-828
-1240
-724
-2260
396
2212
2560
3552
4312
2248
1140
1164
1520
-672
-812
-928
-1684
-856
2032
2560
2632
4492
3148
1476
884
1656
224
-928
-1100
-1128
-1716
1496
2268
2700
3940
4244
1388
1300
1428
820
-784
-1240
-596
-2116
184
2232
2784
3216
4592
2140
1540
948
1448
-456
-1028
-760
-1592
-1020
1920
2356
2832
4552
3076
1528
736
1452
260
-852
-1052
-1220
-2052
1452
2196
2464
4068
4096
1820
824
1104
1256
-908
-856
-836
-1932
364
1912
2548
3380
4720
2364
1092
1208
1608
-756
-620
-780
-1608
-956
1856
2456
2800
4308
3272
1340
988
1664
312
-1000
-1216
-968
-1828
1296
2640
2416
3768
4180
1576
1176
1432
1056
-844
-1044
-1072
-2060
216
2268
2680
3184
4404
2188
1028
1272
1572
-464
-1212
-1112
-1472
-1164
1896
2472
2972
4384
3072
1496
960
1684
268
-1044
-940
-1284
-1988
1608
2472
2816
3480
4412
1944
1056
1356
1184
-716
-968
-924
-2012
96
2492
2500
3544
4572
2160
1380
1116
1756
-224
-1228
-988
-1644
-1112
1988
2712
2972
4236
3256
1416
900
1636
208
-1000
-908
-1064
-2064
1280
2396
2740
3752
4144
1784
1296
1180
1008
-672
-1296
-756
-1936
-168
2456
2484
3180
4708
2556
1280
892
1448
-464
-880
-856
-1740
-1308
1880
2536
2888
4396
3300
1484
956
1336
480
-888
-1140
-776
-2216
1304
2340
2576
3876
4188
1620
1228
968
1412
-736
-916
-696
-2228
80
2168
2548
3164
4596
2460
1212
932
1596
-508
-760
-908
-1616
-1228
1988
2580
2636
4528
3520
1492
1008
1092
480
-1036
-1084
-724
-2228
1388
2212
2712
3684
4264
2088
984
1236
1136
-932
-880
-820
-1864
-188
1976
2612
3232
4520
2588
1332
1064
1552
-480
-972
-852
-1264
-1360
1944
2256
2764
4524
3404
1552
1064
1336
276
-948
-880
-936
-2080
980
2216
2504
3504
4408
1904
1164
1260
1092
-1088
-1064
-716
-1948
-252
2184
2616
3220
4696
2640
1352
1052
1508
-360
-1016
-728
-1476
-1444
1816
2340
2820
4288
3712
1612
1084
1332
376
-752
-800
-780
-2188
1032
2312
2592
3720
4472
2084
1220
1156
968
-648
-1000
-780
-1948
-404
2148
2512
3016
4772
2688
1268
1100
1376
-132
-848
-820
-1244
-1684
1732
2424
2668
4400
3560
1432
952
1320
700
-1164
-1132
-896
-2000
1052
2244
2656
3612
4464
2000
1108
1316
1104
-812
-1068
-768
-2028
-340
2004
2412
3176
4480
2684
1316
1092
1600
-368
-1080
-844
-1100
-1576
1864
2352
2760
4332
3496
1684
1076
1292
756
-1032
-1112
-964
-2304
1168
2304
2540
3584
4384
1944
1072
1140
1400
-960
-968
-776
-1896
-288
2012
2396
3132
4528
2796
1316
836
1752
-304
-808
-892
-1308
-1472
1632
2516
2848
4308
3620
1368
1068
1352
544
-768
-880
-848
-2168
820
2256
2836
3568
4636
2016
1212
1072
1160
-624
-896
-664
-1928
-484
1784
2224
3092
4416
2844
1148
868
1480
-368
-712
-1196
-1220
-1460
1620
2364
2456
4228
4112
1572
1180
1188
572
-784
-1116
-836
-2076
964
2104
2432
3544
4552
2032
1080
1140
1180
-948
-756
-736
-1664
-628
1856
2804
3032
4720
2936
1400
1140
1520
-76
-852
-764
-1172
-1976
1744
2548
2864
4100
3644
1648
880
1408
860
-784
-1212
-1040
-2100
820
2468
2728
3216
4420
1876
1208
1180
1528
-536
-900
-868
-2144
-460
1952
2580
2908
4208
3148
1400
1036
1772
228
-920
-1200
-1252
-1724
1624
2404
2616
3884
4112
1672
1052
1280
1000
-616
-1364
-452
-2248
560
2332
2516
3536
4440
2188
1288
896
1372
-592
-828
-824
-1672
-1012
1900
2376
2832
4384
3000
1432
816
1808
40
-1112
-868
-1000
-1984
1424
2204
2760
3700
4092
1800
1072
1208
1084
-944
-1080
-816
-2168
272
2204
2676
3132
4660
2376
1344
1112
1416
-356
-1104
-952
-1404
-1204
1932
2428
2972
4372
3380
1540
932
1624
480
-752
-984
-1044
-2064
1132
2216
2660
3932
4332
1680
1112
1028
1388
-792
-964
-652
-2032
-268
2164
2420
3272
4484
2560
1428
572
1764
-404
-840
-972
-1340
-1616
1352
2432
2692
4032
3584
1364
1088
1140
656
-996
-1076
-764
-2276
1052
2148
2644
3300
4608
2344
1392
1160
1196
-720
-852
-724
-1376
-760
1936
2616
2640
4700
2748
1556
940
1448
-172
-896
-800
-1088
-1844
1468
2248
2580
4004
3888
1728
1068
1104
852
-672
-1264
-532
-2280
400
1872
2564
3256
4808
2448
1084
856
1428
-420
-992
-756
-1588
-1112
1712
2432
2976
4576
3188
1572
744
1820
252
-796
-956
-900
-2160
1260
2136
2656
3724
4232
1896
1040
1108
1268
-576
-976
-680
-2120
-120
2180
2560
3136
4688
2520
1476
740
1572
-112
-908
-860
-1412
-1612
1520
2488
2640
4064
3760
1424
1136
1292
484
-912
-1192
-644
-2176
716
2236
2464
3364
4408
2144
1404
936
1416
-492
-892
-788
-1852
-712
1976
2624
2692
4672
3100
1460
988
1444
-108
-504
-1236
-888
-1856
1476
2184
2488
4032
4092
1820
920
1304
1300
-968
-1012
-832
-2056
316
2096
2492
3060
4760
2236
1388
948
1264
-296
-944
-680
-1548
-1196
1672
2484
2652
4260
3476
1564
1012
1376
500
-1060
-1152
-848
-1992
1152
2092
2684
3496
4392
1752
1160
1128
1292
-788
-968
-404
-1900
-312
2252
2604
3012
4532
2860
1252
940
1556
-420
-796
-928
-1068
-1580
1636
2416
2848
4204
3704
1584
1064
1476
796
-996
-1044
-720
-2272
844
2152
2628
3264
4428
2152
1320
936
1564
-568
-956
-788
-1840
-880
1856
2496
2820
4440
3124
1424
988
1536
352
-776
-948
-804
-2108
1504
2224
2564
4000
4008
1844
1224
1008
1040
-628
-1084
-656
-2180
-88
2180
2608
3280
4652
2324
1340
1004
1668
-180
-1084
-896
-1264
-1556
1912
2344
2772
4108
3548
1608
928
1496
608
-748
-1064
-904
-2300
1032
2276
2588
3496
4068
2128
1292
1216
1476
-760
-1136
-720
-1824
-560
2024
2364
3000
4484
3128
1300
1028
1528
132
-964
-1092
-792
-1708
1368
2316
2664
4080
4048
1816
1072
1312
836
-736
-1024
-752
-1928
388
2364
2456
3096
4384
2376
1228
1000
1636
-716
-832
-972
-1360
-1312
1872
2464
2556
4332
3260
1628
1036
1276
332
-1096
-1000
-860
-2000
1236
2068
2592
3696
4304
1844
988
1236
1432
-680
-920
-840
-1792
-244
1980
2664
2784
4604
2848
1288
1008
1480
20
-1096
-780
-1332
-1536
1736
2536
2744
3928
3908
1756
1252
1220
928
-772
-1044
-652
-2220
620
2376
2652
3116
4308
1996
1380
1436
1328
-628
-1244
-968
-1376
-1028
2188
2396
2756
4224
2920
1516
1180
1628
216
-1076
-1012
-1008
-1996
1296
2268
2668
3324
4244
1688
1236
1432
1052
-948
-1016
-896
-1632
156
2424
2528
2600
4612
2720
1404
1076
1708
-360
-1124
-1028
-1216
-1288
2072
2280
2620
4060
3612
1736
1136
1684
568
-1004
-1088
-568
-1848
876
2100
2696
3016
4624
2128
1256
1192
1340
-584
-916
-984
-1632
-512
2160
2616
2516
4480
3124
1476
992
1712
116
-1116
-1036
-948
-2028
1608
2240
2712
3688
4036
1980
900
1372
1140
-624
-1076
-812
-2044
180
2224
2552
2976
4652
2492
1368
1020
1544
-272
-912
-668
-1140
-1484
1748
2528
2636
4260
3500
1524
1064
1552
368
-904
-948
-808
-2088
820
1968
2696
3472
4468
2008
1116
1064
1204
-732
-1000
-796
-2044
-676
2120
2592
3020
4444
2696
1428
736
1644
96
-1080
-1020
-996
-1896
1620
2344
2764
3884
4076
1704
1188
1488
884
-772
-1016
-804
-2024
488
2100
2528
3340
4332
2340
1288
920
1584
-532
-1068
-960
-1416
-1228
1988
2532
2388
4428
3252
1704
952
1444
540
-1304
-1056
-944
-2056
1260
2128
2648
3656
4244
1900
1076
1336
1248
-836
-936
-648
-1844
-464
2100
2560
3044
4500
2728
1388
864
1740
36
-952
-916
-1176
-1756
1652
2340
2672
4120
3772
1608
1156
1184
1072
-700
-1036
-816
-2136
488
2224
2812
3412
4460
1988
1052
1320
1564
-428
-968
-824
-1632
-956
2052
2472
2924
4328
3168
1316
904
1648
292
-652
-1256
-1024
-2172
1212
2432
2536
3828
3928
1680
1212
976
1528
-916
-1084
-720
-1920
24
2036
2780
3132
4504
2604
1200
1216
1708
-16
-984
-1196
-1144
-1700
1972
2508
2696
4080
3472
1536
988
1396
920
-924
-988
-996
-2204
900
2320
2780
3412
4428
2040
1292
1060
1604
-656
-772
-744
-1792
-708
1900
2624
2624
4524
2984
1320
1120
1372
416
-1048
-1112
-708
-2252
1500
2316
2608
3876
4084
1712
944
1204
1316
-856
-1008
-796
-2052
192
2008
2660
3252
4436
2584
1364
988
1660
-420
-848
-872
-1532
-1264
1780
2484
2720
4064
3456
1520
1156
1332
624
-912
-1216
-780
-2176
992
2508
2588
3428
4368
2096
1360
944
1524
-612
-1092
-976
-1764
-456
2216
2572
2728
4352
2808
1400
1044
1572
192
-1060
-956
-1016
-2052
1632
2320
2776
3968
3872
1828
1284
1296
1044
-884
-936
-512
-2076
332
2116
2644
3032
4856
2392
1244
1184
1452
-436
-872
-804
-1252
-1216
1728
2544
2652
4328
3400
1520
1124
1568
196
-1132
-1024
-812
-2088
912
2276
2660
3376
4600
1800
1216
1232
972
-748
-1016
-844
-1764
-284
1996
2788
2712
4524
2876
1464
972
1736
-128
-848
-1260
-956
-1740
1768
2436
2608
4008
3936
1544
1232
1244
1008
-796
-1184
-704
-2096
684
2012
2676
3208
4564
2320
1212
1144
1472
-464
-988
-736
-1572
-1100
1888
2572
2668
4372
3340
1464
880
1404
428
-916
-964
-700
-2256
1280
2200
2728
3728
4216
1920
980
1096
1276
-664
-1092
-676
-1972
-44
1972
2744
2972
4740
2836
1268
928
1660
-44
-924
-824
-900
-1868
1660
2308
2800
4460
3696
1624
972
1376
832
-928
-896
-808
-2208
512
2120
2900
3300
4528
2472
1144
952
1580
-424
-780
-696
-1796
-1044
1736
2576
2776
4340
3308
1460
600
1500
372
-880
-952
-1060
-2052
1220
2320
2596
3664
4292
1756
1140
1060
1104
-832
-824
-596
-2096
-228
2072
2668
3248
4744
2660
1532
772
1736
-252
-892
-828
-1148
-1436
1620
2464
2748
4028
3836
1532
936
1468
716
-792
-1144
-612
-2352
820
2040
2628
3368
4524
2084
1272
1024
1452
-568
-1024
-904
-1608
-644
1860
2464
2736
4296
3336
1332
1104
1560
84
-972
-1280
-504
-1908
1636
2208
2540
3896
3888
1936
1528
1216
1300
-1024
-816
-452
-2040
256
1996
2776
3012
4500
2544
1440
1104
1640
-144
-964
-1180
-1248
-1392
1908
2548
2600
3952
3604
1756
1248
1464
480
-984
-1152
-628
-2168
892
2400
2484
3316
4244
2144
1412
860
1672
-804
-1148
-908
-1672
-520
2156
2444
2752
4448
2996
1332
1156
1628
64
-892
-1304
-844
-2040
1544
2608
2476
3796
3832
1844
1184
1216
1028
-772
-956
-856
-2000
248
2312
2568
3228
4368
2332
1248
1020
1788
-108
-876
-1004
-1556
-1312
1688
2540
2700
4100
3560
1296
1132
1468
340
-768
-1036
-628
-2104
608
2476
2428
3476
4388
1936
1452
1104
1396
-896
-1020
-720
-1628
-244
1856
2660
2804
4352
3276
1308
1140
1548
-200
-776
-1124
-840
-1780
1520
2752
2340
3844
3984
1724
1360
1156
1100
-1196
-1224
-692
-2076
260
2320
2376
3160
4404
2420
1220
1112
1564
-292
-876
-1176
-1412
-1140
1936
2524
2396
4084
3484
1456
1264
1388
620
-1068
-1100
-832
-2164
1068
2320
2732
3356
4184
2092
1544
1224
1148
-764
-928
-504
-1832
-468
2008
2520
2852
4344
2772
1428
1176
1696
-4
-1172
-1044
-1032
-1876
1900
2200
2856
3896
3780
1808
1236
1384
1124
-1108
-844
-1044
-2196
452
2060
3012
3016
4320
2352
1240
1196
1472
-332
-1088
-988
-1464
-1220
2128
2316
2616
4148
3384
1544
1128
1540
412
-912
-1156
-1024
-2120
1208
2448
2588
3452
4316
1816
1268
1084
1372
-576
-880
-780
-1972
-152
2312
2632
3080
4396
2764
1308
1092
1704
-156
-956
-1184
-1096
-1536
1876
2468
2668
4040
3720
1504
1248
1344
804
-996
-1144
-752
-2260
960
2312
2528
3388
4340
2144
1000
1108
1628
-820
-936
-1080
-1640
-516
1872
2408
2564
4292
3132
1324
1312
1260
88
-1000
-908
-936
-1944
1424
2488
2584
3768
3856
1948
1120
1348
1144
-848
-916
-900
-1700
200
2396
2556
2944
4732
2560
1356
1076
1520
-496
-1184
-728
-1384
-1024
1740
2572
2704
4164
3524
1312
1148
1328
324
-752
-1224
-816
-2080
1020
2292
2524
3716
4160
1888
1404
908
1280
-988
-1000
-688
-1880
-32
2108
2512
2956
4640
2760
1384
816
1608
-76
-916
-928
-1096
-1588
1876
2284
2592
4316
3580
1656
1128
1360
576
-840
-1044
-612
-2192
824
2176
2544
3416
4448
2288
1364
876
1448
-764
-780
-720
-1736
-664
1968
2384
2708
4684
3104
1404
940
1420
112
-976
-924
-1144
-1760
1452
2060
2780
3968
4088
1688
1008
1224
832
-1004
-888
-800
-2140
232
2188
2708
3212
4592
2332
1128
920
1660
-504
-712
-984
-1544
-896
1996
2576
2700
4456
3168
1676
900
1432
504
-960
-1056
-960
-1920
1492
2236
2584
3872
4064
2020
1040
1216
1180
-712
-836
-876
-2344
-52
2136
2532
3132
4572
2492
1252
872
1292
-304
-868
-908
-1404
-1512
1816
2476
2652
4212
3472
1560
996
1448
508
-860
-1048
-824
-2244
1148
2280
2788
3640
4332
1956
1292
1096
1568
-704
-976
-696
-1916
-404
2248
2584
3256
4388
2824
1320
932
1560
-244
-852
-1008
-1156
-1848
1796
2324
2672
4092
3784
1548
832
1260
972
-1004
-848
-668
-2260
844
2164
2700
3408
4372
1964
1216
1012
1376
-752
-944
-980
-1812
-736
1948
2464
2812
4568
3152
1372
1148
1620
-40
-912
-1012
-880
-1896
1544
2588
2648
3888
4136
1804
1096
1236
1028
-828
-1132
-800
-2096
384
2264
2516
3180
4812
2244
1244
964
1292
-552
-1044
-828
-1528
-1012
1852
2276
2692
4248
3488
1520
1280
1292
100
-1072
-1232
-712
-1964
1460
2132
2596
3768
3964
1916
1160
1104
1092
-960
-1036
-744
-1900
8
2200
2484
2928
4732
2616
1504
1048
1392
-212
-1192
-856
-1128
-1388
1720
2280
2596
4268
3712
1300
1244
1248
344
-912
-1012
-440
-2088
840
2264
2548
3756
4260
1928
1188
956
1396
-664
-976
-640
-2088
-372
2076
2504
3016
4444
2912
1312
988
1636
-152
-760
-1100
-1188
-1676
1812
2420
2556
4412
3664
1596
928
1376
992
-1084
-712
-764
-2152
708
2184
2720
3708
4408
2188
1256
1056
1588
-420
-924
-784
-1800
-828
1932
2532
2760
4556
3192
1352
964
1356
312
-848
-1056
-912
-1960
1524
2248
2588
3928
3964
1792
1072
1204
904
-792
-1136
-784
-2240
360
2244
2620
3272
4596
2284
1208
936
1440
-500
-1068
-728
-1636
-1044
1780
2428
2884
4668
3372
1536
956
1464
428
-676
-1020
-900
-2140
1328
2392
2860
3816
4332
1840
996
1056
1088
-744
-820
-580
-2092
-160
2120
2484
3208
4668
2528
1264
556
1616
-408
-660
-828
-1440
-1572
1596
2496
2776
4352
3628
1440
936
1020
688
-900
-828
-932
-2392
1148
2060
2844
3532
4352
1916
964
996
1428
-656
-892
-852
-1888
-332
2188
2508
3188
4644
2680
1340
828
1908
-116
-584
-676
-1332
-1720
1748
2444
2808
4404
3612
1512
1296
1256
952
-936
-1164
-616
-2296
808
2044
2612
3384
4600
2084
1096
1052
1356
-696
-800
-1036
-1488
-756
2036
2568
2752
4676
2704
1464
1048
1272
-88
-1040
-768
-1124
-1940
1664
2364
2876
4028
3888
1636
1072
1340
808
-740
-968
-808
-2096
744
2120
2612
3504
4688
2120
1180
820
1584
-276
-780
-668
-1772
-948
2028
2492
2908
4744
3220
1380
748
1548
164
-792
-924
-1164
-2000
1440
2208
2880
3868
4040
1616
900
1196
992
-888
-1028
-684
-2288
412
2080
2616
3340
4684
2392
1240
784
1456
-528
-792
-972
-1480
-1052
1900
2656
2852
4500
3280
1272
960
1740
320
-912
-1080
-776
-2064
1308
2368
2548
3952
4220
1708
1220
1164
988
-616
-872
-720
-2212
-36
2128
2560
3284
4552
2380
1388
728
1692
-492
-744
-876
-1596
-1284
1748
2352
2764
4256
3668
1476
1052
1272
340
-988
-956
-676
-2168
1280
2028
2716
3640
4304
2208
1304
932
1196
-916
-868
-648
-1872
104
2028
2548
3148
4764
2656
1480
984
1604
-296
-1032
-840
-1064
-1556
1920
2460
2664
4280
3440
1724
832
1432
628
-868
-992
-948
-2332
1172
2180
2688
3624
4384
2028
1128
1024
1220
-828
-1064
-944
-1928
-188
2012
2568
3048
4472
2712
1396
980
1544
-344
-796
-1020
-1272
-1468
1724
2472
2596
4408
3628
1600
1176
1200
724
-896
-948
-548
-2272
896
2336
2804
3736
4276
1844
1272
1064
1324
-804
-752
-828
-1948
-444
2184
2572
2984
4816
2724
1540
644
1608
-76
-916
-828
-1176
-1732
1808
2332
2724
4264
3572
1428
1140
1220
728
-628
-952
-724
-2432
740
2388
2564
3656
4548
2172
1072
748
1412
-480
-708
-876
-1924
-728
1988
2616
3012
4928
2836
1424
824
1384
260
-856
-852
-1052
-1836
1692
2300
2768
4164
3892
1668
960
1360
688
-800
-988
-804
-2260
696
2304
2768
3500
4440
2020
1116
980
1348
-712
-848
-972
-1936
-668
2056
2740
2976
4548
2824
1136
976
1524
-212
-700
-900
-1148
-1956
1552
2456
2844
4312
3956
1616
1112
1216
736
-720
-972
-680
-2260
448
2316
2732
3404
4400
2200
1316
1148
1436
-608
-900
-808
-1816
-800
2056
2652
3024
4704
3076
1428
772
1620
156
-784
-1012
-1396
-1808
1416
2520
2760
4116
3896
1604
1012
1288
940
-636
-1128
-816
-2200
440
2316
2484
3340
4728
2156
1236
1060
1332
-600
-1064
-804
-1704
-756
1832
2828
3052
4548
3020
1404
1100
1672
96
-720
-1060
-1176
-2024
1548
2516
2796
4032
3856
1820
964
1152
1060
-732
-812
-900
-2392
316
2140
2856
3252
4616
2000
1140
1028
1504
-440
-1164
-708
-1844
-1000
2020
2476
2908
4328
3044
1328
984
1728
128
-804
-1320
-780
-1904
1464
2536
2548
3992
3960
1588
1164
1084
1220
-880
-924
-592
-2228
220
2168
2732
3548
4488
2384
1276
1016
1512
-276
-812
-808
-1644
-1072
1864
2464
2984
4660
3320
1340
788
1528
344
-936
-1012
-932
-2348
1284
2196
2780
3920
4052
1716
1048
1120
1096
-796
-1220
-772
-2068
116
2128
2616
3320
4592
2396
1132
1024
1496
-240
-1016
-924
-1492
-1500
1976
2520
2792
4760
3252
1552
1092
1468
520
-716
-856
-924
-2124
1264
2072
2856
3888
4376
1896
904
1280
952
-608
-732
-760
-2164
-36
1956
2624
3388
4508
2548
1224
888
1572
-452
-832
-860
-1660
-1436
1780
2564
2764
4612
3452
1332
968
1076
612
-724
-1056
-544
-2236
1068
2096
2552
4000
4284
1932
964
1104
1476
-836
-624
-752
-2156
64
1864
2808
3392
4644
2548
1216
864
1744
-416
-664
-792
-1408
-1448
1932
2540
2852
4424
3436
1356
876
1404
408
-796
-892
-1000
-2132
1088
2308
2880
3792
4220
1852
1012
1148
1228
-816
-1088
-932
-2088
-288
2172
2604
3040
4652
2572
1244
1100
1624
-332
-904
-924
-1564
-1284
1908
2572
2828
4288
3408
1460
1132
1448
768
-976
-1128
-828
-2264
1244
2496
2700
3560
4192
1864
1228
1344
1164
-732
-1076
-1012
-1992
-280
2184
2692
2960
4572
2420
1068
1088
1404
-112
-960
-1060
-1336
-1480
1988
2424
2788
4432
3452
1620
988
1196
576
-936
-1064
-676
-2060
1076
2288
2356
3768
4172
2104
1224
1000
1380
-696
-1012
-872
-2064
-144
2180
2740
2964
4656
2820
1276
1176
1508
-108
-772
-1076
-1176
-1588
1680
2552
2876
4376
3620
1604
1116
1396
704
-1016
-836
-868
-2260
956
2188
2820
3680
4376
1892
1108
1236
1168
-804
-816
-740
-1956
-500
1972
2528
3132
4468
2812
1072
912
1356
-172
-892
-884
-1228
-1888
1656
2404
2744
4536
3604
1456
1044
1172
744
-836
-952
-808
-2320
776
2212
2728
3784
4384
2052
1032
1184
1476
-704
-832
-808
-1820
-620
2032
2784
3116
4628
2632
1368
908
1412
-48
-880
-884
-1248
-1556
1420
2464
2852
4280
3852
1352
760
1256
732
-880
-1004
-900
-2264
664
2032
2648
3632
4412
2112
1004
1116
1128
-772
-788
-584
-2140
-596
2052
2724
2920
4740
2920
1272
1044
1352
92
-780
-844
-1316
-1668
1568
2448
2776
4196
3932
1492
1076
1356
780
-752
-1148
-564
-2168
496
2228
2492
3572
4600
2036
1072
964
1392
-668
-1124
-752
-1776
-708
2016
2424
2992
4528
2912
1544
848
1508
-284
-884
-928
-1048
-1752
1228
2536
2840
4184
3968
1640
1032
1356
764
-816
-944
-724
-2272
540
2220
2616
3540
4572
2200
1088
1072
1436
-504
-1132
-732
-1744
-712
1984
2572
3132
4520
3060
1412
1144
1476
-184
-872
-932
-1080
-1808
1212
2356
2500
4092
4004
1744
956
1244
956
-884
-912
-684
-2108
416
2120
2492
3384
4460
2528
1228
976
1244
-720
-824
-680
-1496
-1020
1804
2604
2868
4576
3272
1356
996
1500
320
-804
-856
-1084
-2004
1472
2448
2640
4244
4124
1812
932
1216
1192
-720
-1032
-672
-2164
112
2104
2692
3488
4548
2380
1140
956
1400
-460
-916
-740
-1620
-1100
1844
2588
2936
4328
3444
1112
964
1468
404
-728
-972
-880
-2108
1224
2464
2496
3892
4200
1796
1084
944
1112
-772
-1032
-792
-2112
200
2316
2616
3256
4568
2536
1156
1112
1664
-216
-1020
-856
-1364
-1232
2036
2588
2620
4400
3308
1656
908
1516
448
-988
-984
-1056
-2196
1072
2240
2748
3536
4196
1824
1128
1188
1192
-676
-1048
-768
-2076
-240
2212
2696
3024
4580
2808
1256
972
1464
-112
-896
-1116
-1388
-1588
1764
2360
2724
4396
3524
1536
1084
1328
700
-920
-900
-688
-2248
932
2220
2620
3688
4396
2136
1116
832
1320
-708
-1024
-660
-1820
-276
1920
2592
2892
4620
2984
1304
1028
1592
-284
-776
-1072
-1132
-1564
1592
2276
2596
4280
3732
1708
864
1332
684
-796
-1096
-644
-2232
536
2288
2600
3568
4472
2092
1132
1140
1180
-644
-916
-676
-1804
-668
2016
2404
2992
4636
3052
1588
660
1396
-40
-832
-780
-848
-1908
1320
2540
2660
4312
3984
1848
1028
1132
860
-860
-936
-608
-2112
688
1956
2496
3320
4520
2356
1200
1020
1260
-560
-1064
-888
-1696
-1136
1980
2328
2708
4608
3252
1424
1004
1272
160
-784
-1000
-772
-2112
1196
2172
2624
4136
4232
2048
924
968
1100
-608
-800
-632
-2124
20
2072
2664
3296
4824
2724
1052
860
1532
-240
-584
-868
-1452
-1200
1632
2704
2664
4452
3496
1448
976
1216
556
-964
-1072
-788
-2236
1056
2184
2708
3760
4260
2088
980
1224
1128
-824
-948
-652
-2232
-288
2084
2592
3320
4468
2512
1196
812
1676
24
-976
-776
-1312
-1484
1828
2420
2748
4124
3720
1768
844
1444
708
-848
-812
-876
-2140
956
2256
2756
3324
4360
2160
1224
1232
1640
-824
-976
-784
-1752
-348
1912
2824
2768
4644
2864
1132
1096
1384
268
-952
-900
-1252
-1996
1684
2472
2832
3812
3752
1568
1084
1312
804
-900
-1180
-792
-2068
572
2228
2600
3408
4600
2252
1196
1016
1636
-560
-884
-792
-1620
-868
2020
2596
3000
4384
3132
1384
1032
1720
224
-684
-1108
-928
-2096
1276
2528
2660
3864
4024
1712
1164
1208
1180
-856
-816
-796
-2328
128
2036
2920
3188
4508
2288
1248
924
1592
-332
-872
-1036
-1548
-1216
1716
2644
2836
4228
3412
1268
1040
1548
428
-728
-1192
-840
-2400
1228
2356
2800
3680
4276
1776
1084
1268
1320
-556
-1028
-736
-2068
-192
2004
2572
3236
4660
2520
1456
964
1644
-180
-856
-956
-1300
-1564
1720
2492
2716
4304
3632
1364
1136
1364
780
-728
-1244
-808
-2416
924
2028
2620
3448
4576
1900
1236
976
1456
-632
-724
-820
-1648
-632
1776
2680
2744
4840
2792
1324
888
1432
-28
-696
-1120
-980
-1860
1636
2404
2568
3984
3948
1584
832
1304
824
-544
-1060
-732
-2380
596
2352
2760
3536
4464
2384
1252
760
1572
-764
-744
-1020
-1588
-824
1864
2576
2712
4652
3124
1420
840
1388
152
-988
-972
-832
-2112
1472
2052
2636
4052
4092
1688
1016
1136
940
-956
-1004
-692
-2216
540
1832
2520
3240
4644
2284
1344
904
1496
-492
-796
-836
-1440
-1264
1932
2516
2672
4624
3160
1676
860
1276
336
-892
-620
-1004
-1972
1496
2020
2876
3808
4448
1764
1072
1048
888
-668
-992
-540
-2056
-124
1944
2620
3284
4900
2412
1104
832
1496
-564
-732
-784
-1404
-1348
1676
2504
2952
4600
3240
1272
936
1272
188
-552
-1164
-644
-2268
956
2420
2888
3916
4380
1808
1120
1004
1052
-612
-848
-620
-2188
-144
2072
2828
3272
4632
2316
1272
824
1660
-260
-916
-920
-1640
-1588
1604
2260
2872
4592
3472
1540
704
1144
456
-892
-904
-872
-2444
1160
1932
2596
3704
4392
1788
1100
864
1216
-692
-892
-676
-2004
-184
1956
2544
3264
4872
2676
1320
760
1396
-208
-956
-668
-1280
-1692
1900
2148
2880
4560
3628
1708
752
1556
652
-668
-1040
-896
-2020
1092
2236
2696
3568
4604
1868
1268
868
1140
-692
-948
-756
-2012
-256
2080
2600
2940
4732
2764
1288
904
1448
-88
-780
-1064
-1292
-1720
1820
2364
2576
4360
3596
1536
976
1312
888
-940
-1032
-808
-2336
1012
2192
2776
3576
4484
2000
1268
900
1412
-764
-976
-484
-1912
-512
2072
2516
3008
4704
2872
1460
836
1520
-208
-616
-908
-1420
-1792
1544
2204
2692
4124
3920
1756
812
1012
896
-700
-1136
-632
-2332
488
1928
2644
3764
4808
2232
1052
716
1312
-624
-708
-696
-1932
-752
1616
2512
3192
4792
2996
1200
780
1432
140
-508
-872
-864
-2160
1344
2236
2784
4396
4100
1892
964
976
976
-736
-772
-476
-2564
600
1976
2576
3564
4884
2428
1072
820
1368
-320
-640
-804
-1580
-1184
1900
2428
2900
4704
3208
1192
628
1580
64
-756
-1056
-1056
-2096
1140
2300
2824
4024
4092
1632
1124
1156
1196
-656
-980
-784
-2316
144
2172
2788
3236
4740
2272
1292
972
1536
-172
-884
-832
-1604
-1136
1812
2736
2720
4504
3372
1408
916
1520
456
-756
-1176
-904
-2188
1216
2484
2608
3792
4164
1724
1180
1144
1276
-660
-1100
-832
-2012
-76
2104
2668
3080
4644
2520
1276
924
1652
-196
-860
-1200
-1496
-1556
1892
2520
2788
4224
3496
1516
1068
1496
656
-736
-1120
-920
-2300
1056
2468
2684
3516
4376
1916
1376
1088
1444
-680
-1176
-740
-1892
-260
2180
2468
2992
4448
3028
1364
1024
1548
-328
-944
-1108
-1052
-1772
1752
2496
2784
4208
3752
1688
1036
1356
812
-968
-1252
-848
-1952
744
2260
2612
3312
4400
1908
1208
1208
1324
-792
-888
-772
-1804
-792
2008
2680
2996
4428
3124
1304
896
1608
132
-648
-1044
-1204
-1936
1732
2420
2704
4004
3960
1552
996
1448
948
-716
-1176
-716
-2332
520
2268
2828
3412
4336
2216
1140
908
1628
-460
-804
-964
-1644
-948
1852
2636
2688
4504
3068
1204
1124
1388
324
-960
-1204
-936
-2180
1448
2240
2688
3824
4144
1920
1064
1064
1144
-824
-1008
-620
-2196
228
1992
2700
3176
4748
2420
1212
1012
1560
-324
-796
-888
-1296
-1336
1988
2496
2764
4452
3448
1572
976
1328
412
-780
-1144
-612
-2236
1108
2008
2808
3588
4548
1972
1156
852
1096
-708
-900
-772
-1792
-412
1924
2528
3088
4680
2556
1280
800
1584
-88
-1000
-1036
-1248
-1696
1752
2452
2708
4228
3716
1352
1040
1320
568
-624
-1144
-820
-2264
716
2268
2624
3320
4448
2272
1404
960
1652
-532
-964
-696
-1748
-660
1952
2480
2832
4556
2972
1364
1020
1528
-20
-736
-1168
-912
-1996
1428
2420
2516
3960
3824
1716
1120
1204
972
-1040
-1096
-784
-2208
400
2068
2624
3040
4556
2300
1280
808
1628
-420
-956
-840
-1548
-1200
2076
2552
2988
4536
3272
1372
1020
1712
252
-752
-1088
-868
-1816
1376
2164
2744
3908
4220
1812
1080
1172
1316
-880
-1012
-728
-2152
280
2028
2716
2884
4736
2396
1352
1132
1356
-496
-920
-936
-1412
-1404
1864
2400
2760
4188
3624
1660
972
1476
412
-812
-992
-840
-2060
1236
2244
2776
3496
4432
1888
1292
1064
1424
-856
-1144
-720
-2116
-152
2188
2772
2976
4592
2680
1424
1092
1588
-188
-796
-1044
-1124
-1596
1884
2312
2724
4268
3652
1704
1020
1344
840
-956
-1080
-784
-2212
756
2068
2616
3320
4684
1936
1264
904
1336
-416
-1068
-716
-1752
-840
2128
2436
2920
4492
2916
1648
780
1632
-24
-736
-1072
-1064
-1924
1356
2652
2964
3876
3932
1580
1160
1320
936
-868
-1148
-724
-2220
796
2168
2684
3276
4696
2284
1344
1084
1608
-544
-768
-892
-1508
-816
1984
2616
2748
4520
3100
1388
1076
1572
36
-876
-1084
-984
-2088
1360
2072
2540
3668
4060
1880
1124
1012
1040
-864
-1020
-836
-2064
216
2068
2600
2992
4732
2328
1492
936
1444
-484
-836
-732
-1300
-1180
1800
2528
2848
4276
3420
1528
1104
1404
296
-744
-1040
-708
-2160
1192
2104
2652
3764
4240
1840
968
1188
1376
-864
-820
-828
-2172
-152
2048
2752
2864
4516
2672
1368
960
1516
-388
-848
-960
-1484
-1532
1780
2352
2772
4164
3560
1512
1052
1388
356
-872
-1152
-732
-2216
1004
2084
2704
3380
4608
2028
1244
1028
1340
-744
-916
-800
-1916
-416
1800
2640
3096
4860
2672
1324
740
1736
-28
-808
-948
-1012
-1824
1840
2276
2856
4060
3952
1472
900
1348
524
-808
-964
-520
-2424
588
1936
2844
3500
4528
2068
1112
804
1428
-684
-680
-836
-1864
-832
1948
2624
2764
4636
2852
1508
832
1576
16
-920
-1000
-972
-2036
1684
2460
2656
4192
4072
1520
988
1252
1004
-804
-1164
-708
-2124
492
2128
2772
3280
4676
2184
1336
892
1432
-392
-960
-940
-1604
-944
2112
2552
2844
4564
3132
1380
908
1756
-12
-792
-1052
-1000
-2092
1512
2404
2740
3724
4120
1692
1172
1136
964
-736
-1144
-740
-2360
508
2148
2580
3164
4536
2460
1272
972
1636
-548
-512
-1160
-1572
-1180
2136
2624
2604
4580
3256
1480
1016
1344
560
-796
-1072
-840
-2220
1484
2176
2792
3832
4276
1700
1136
1112
1148
-716
-808
-764
-2128
-136
2024
2492
3308
4648
2480
1208
724
1384
-200
-1056
-816
-1308
-1672
1808
2268
3060
4376
3472
1360
1056
1404
288
-728
-880
-720
-2228
1160
2224
2832
3756
4408
1828
1168
912
1404
-576
-776
-988
-1996
-252
2188
2652
3228
4728
2524
1256
1040
1704
-32
-824
-840
-1280
-1748
1780
2476
2688
4424
3444
1452
968
1164
604
-808
-1044
-744
-2188
976
2308
2480
3604
4556
2048
1268
712
1272
-564
-1028
-600
-1964
-396
1872
2432
3168
4660
2852
1260
840
1616
-244
-640
-972
-948
-1860
1772
2500
2736
4188
4020
1416
916
1376
616
-716
-1172
-664
-2396
880
2056
2736
3484
4416
2260
1180
728
1440
-688
-724
-848
-1812
-796
1940
2484
2880
4836
2744
1396
940
1376
-4
-900
-868
-1236
-2216
1668
2332
2772
4068
3844
1704
996
1148
896
-872
-980
-664
-2336
704
2080
2864
3256
4580
2192
1088
1136
1316
-344
-764
-932
-1976
-772
2196
2528
2840
4448
2904
1608
964
1800
-108
-924
-1080
-1068
-1856
1644
2484
2696
3864
3800
1652
1268
1424
812
-896
-1220
-756
-2308
672
2260
2616
3268
4492
2216
1376
976
1504
-736
-1064
-1008
-1804
-712
2008
2464
2860
4516
3104
1484
892
1528
112
-948
-1024
-924
-2020
1736
2188
2940
4008
4032
1880
1236
1280
868
-1008
-908
-548
-2064
672
2032
2824
3224
4800
2360
1268
1132
1468
-572
-940
-916
-1628
-1056
2096
2472
2676
4536
2996
1528
1000
1668
44
-880
-936
-1088
-1912
1396
2112
2788
3840
3776
1672
1068
1280
1036
-1100
-1112
-680
-1976
460
2068
2568
3104
4732
2216
1244
900
1576
-468
-880
-896
-1684
-1104
2064
2508
3032
4528
3004
1624
1040
1564
92
-920
-1116
-912
-1972
1600
2316
2760
3856
4100
1804
1248
1320
1052
-936
-1000
-960
-2044
504
1960
2596
3016
4668
2100
1296
1068
1440
-628
-1028
-948
-1620
-1048
1916
2492
2788
4512
3188
1604
888
1400
304
-948
-1008
-1072
-1980
1652
2288
2632
4076
4180
1720
1188
1196
1096
-808
-1024
-744
-2108
444
2096
2744
3472
4636
2388
1248
1072
1624
-652
-1032
-652
-1640
-904
1952
2608
2744
4656
3200
1496
1116
1448
16
-712
-964
-928
-2108
1328
2264
2636
3880
4196
1752
1032
1116
772
-760
-1072
-692
-2060
348
2176
2684
3344
4596
2428
1308
1008
1228
-684
-672
-820
-1436
-808
2068
2408
3056
4516
3364
1372
1008
1560
160
-988
-1048
-768
-2044
1664
2108
2660
4236
4196
1876
1060
940
844
-864
-1040
-560
-2148
432
1892
2708
3516
4776
2056
1152
920
1324
-696
-908
-872
-1844
-1164
2152
2428
2944
4748
2964
1740
816
1328
-44
-952
-912
-1064
-2032
1700
2036
2792
4256
4048
1788
928
1108
912
-880
-848
-632
-2124
564
2084
2600
3672
4604
2304
1264
768
1304
-828
-800
-788
-1760
-644
1988
2408
2876
4688
3008
1408
528
1312
-68
-780
-1000
-1180
-1700
1656
2256
2656
4240
3996
1604
836
1204
808
-752
-1020
-784
-2268
652
2196
2712
3664
4700
2104
1132
796
1300
-696
-764
-608
-1972
-520
2116
2484
3088
4832
2928
1328
604
1688
-184
-660
-1112
-1204
-1448
1740
2296
2880
4392
3788
1540
1044
1412
376
-1072
-792
-644
-2364
944
1888
2760
3652
4484
1992
1232
900
1300
-872
-1076
-860
-1952
-316
2108
2344
2780
4732
2836
1668
860
1424
-504
-816
-908
-1312
-1384
1856
2212
2920
4544
3596
1472
908
1420
456
-624
-1184
-804
-2196
1180
2308
2708
4020
4360
1960
1224
952
1140
-844
-852
-592
-2072
-232
1732
2748
3292
4868
2584
1204
868
1260
-428
-804
-580
-1512
-1620
2024
2188
2916
4672
3400
1488
876
1184
224
-676
-908
-816
-2288
1052
2052
2824
4072
4432
1780
1040
844
1024
-752
-672
-680
-1992
-80
1756
2648
3376
4904
2344
1232
888
1456
-552
-696
-792
-1604
-1176
1772
2464
2864
4676
3568
1584
868
1356
116
-724
-924
-972
-2088
1332
2200
2852
4132
4292
1540
1180
968
912
-872
-728
-712
-2432
232
1900
2620
3280
4784
2368
1148
788
1328
-668
-648
-756
-1812
-1008
1776
2460
2860
4668
3320
1368
768
1360
180
-748
-1020
-836
-2028
1620
2224
2700
4184
4236
1780
1000
1124
720
-560
-880
-784
-2240
420
2036
2896
3484
4756
2084
1256
812
1444
-600
-868
-584
-1824
-880
1820
2620
2960
4804
2920
1496
648
1200
-72
-684
-860
-1264
-1796
1500
2288
2752
4004
4240
1624
1064
1216
720
-832
-1048
-636
-2280
804
2192
2660
3576
4640
2108
1356
652
1616
-896
-752
-796
-1780
-420
1796
2664
3108
4784
3072
1420
1060
1432
-56
-812
-884
-1048
-1928
1812
2196
2712
4184
4112
1864
1004
1068
512
-944
-900
-800
-2196
936
2108
2472
3320
4540
2032
1484
940
1064
-1004
-848
-788
-1792
-496
2012
2464
2980
4564
2900
1620
552
1544
-284
-828
-872
-1256
-1544
1728
2300
2736
4320
3920
1600
1088
1120
580
-768
-1048
-436
-2400
1076
2140
2572
3656
4632
2184
1316
824
1136
-824
-828
-716
-1972
-528
1856
2612
3220
4876
2704
1292
792
1384
-104
-636
-868
-1344
-2052
1764
2480
2712
4524
3840
1444
1012
1032
388
-512
-948
-708
-2408
952
2108
2808
3600
4604
2004
1020
1032
1176
-752
-688
-672
-1816
-280
1932
2528
3184
5068
2784
1376
912
1272
-272
-648
-788
-1320
-1720
1768
2324
2692
4408
3596
1492
876
1404
280
-728
-968
-936
-2284
928
2144
2756
3792
4476
1832
1100
988
1064
-788
-924
-676
-2040
-240
2008
2528
3332
4832
2740
1280
744
1708
-620
-676
-768
-1604
-1404
1664
2624
3036
4560
3524
1552
908
1276
520
-784
-828
-868
-2232
1232
2232
2832
3832
4264
1636
1180
1344
1132
-664
-964
-672
-2148
-76
2160
2696
3252
4660
2528
1396
692
1584
-652
-796
-676
-1776
-1324
1824
2528
2920
4304
3312
1596
872
1548
240
-628
-840
-988
-2148
1092
2204
2948
3920
4496
1824
876
1184
928
-664
-792
-852
-2232
152
2044
2584
3320
4748
2488
1392
956
1444
-708
-812
-772
-1640
-1056
1724
2512
3040
4604
3392
1540
820
1336
92
-808
-872
-892
-2104
1460
2188
2540
4100
4056
1784
1012
1120
836
-1008
-1040
-680
-2304
308
2036
2532
3192
4648
2264
1416
836
1212
-760
-896
-700
-1536
-916
1912
2252
2796
4768
3416
1568
900
1404
56
-1132
-752
-908
-2012
1524
2164
2588
4044
4108
1868
1164
996
784
-712
-872
-736
-2160
588
1884
2536
3252
4720
2188
1396
1140
1296
-808
-944
-928
-1772
-976
2124
2376
3060
4588
3004
1668
468
1420
-132
-672
-728
-1376
-1724
1284
2364
2740
4216
4324
1592
940
1172
488
-772
-748
-752
-2124
580
2148
2740
3524
4680
2284
1336
904
1168
-640
-468
-596
-1764
-524
1720
2300
3172
4816
2980
1360
768
1388
-156
-648
-940
-1012
-1852
1716
2192
2788
4536
3904
1480
872
976
508
-872
-920
-860
-2436
620
2104
2696
3520
4668
1992
1168
856
1224
-592
-832
-760
-2088
-336
1816
2432
3092
4716
2932
1364
752
1464
-324
-572
-740
-1260
-1580
1620
2460
2860
4604
3736
1488
904
1152
328
-812
-684
-952
-2264
1052
2172
2616
4036
4448
1944
1116
784
1228
-768
-876
-704
-1980
-152
2004
2500
3192
4856
2576
1040
704
1444
-436
-892
-668
-1468
-1284
1832
2344
2940
4332
3416
1672
1016
1228
464
-736
-1060
-848
-2080
1260
2208
2452
4080
4348
1772
1196
1080
1024
-996
-948
-784
-2180
308
2076
2604
3436
4624
2416
1408
836
1432
-488
-600
-892
-1556
-1084
1856
2584
2860
4480
3428
1188
1120
1420
-24
-852
-1048
-996
-2124
1436
2208
2764
3996
3944
1660
1096
1236
676
-824
-900
-804
-2004
540
1964
2800
3356
4840
2332
956
876
1504
-712
-816
-812
-1752
-796
1844
2504
2896
4832
3096
1636
936
1520
-200
-848
-676
-1044
-1636
1368
2024
2904
4072
4080
1688
868
1392
544
-688
-924
-724
-2248
648
2088
2548
3720
4520
2272
1224
828
1348
-920
-688
-700
-1900
-472
1700
2280
3052
4580
3048
1332
888
1468
-496
-1016
-876
-1200
-1400
1636
2412
2576
4456
3808
1776
1068
1128
456
-1048
-796
-736
-2052
1124
2088
2740
3740
4492
2080
1208
1128
1208
-1032
-836
-696
-1908
-224
1868
2340
3352
4824
2452
1484
740
1472
-432
-1044
-708
-1384
-1572
1756
2252
2852
4480
3752
1376
788
1288
376
-828
-968
-796
-2164
1300
1964
2752
4100
4488
1820
1196
968
932
-672
-1140
-560
-2068
160
1976
2508
3116
4756
2500
1296
860
1380
-584
-692
-696
-1332
-1224
1848
2420
3020
4792
3288
1504
876
1264
168
-844
-1116
-860
-2128
1208
2028
2820
3960
4148
1716
1008
1112
916
-932
-1124
-588
-2236
464
1976
2524
3536
4660
2348
1236
804
1380
-676
-744
-712
-1860
-1032
2192
2560
2944
4756
3060
1580
1044
1348
-40
-736
-648
-1104
-1852
1420
2140
2732
4176
4168
1636
1068
1076
740
-760
-892
-532
-2308
580
1944
2672
3708
4700
2456
1132
824
1196
-784
-740
-772
-1880
-576
1896
2412
2848
4648
2960
1376
620
1408
-84
-1012
-972
-1188
-1668
1452
2136
2700
4224
4048
1412
1304
1348
276
-804
-1192
-640
-2152
820
2320
2552
3796
4472
2016
1300
1016
1236
-668
-780
-788
-1868
-424
2120
2632
3000
4804
2756
1412
1140
1524
-164
-1016
-832
-1208
-1556
1848
2212
2812
4376
3672
1680
956
1324
368
-964
-1016
-760
-2224
948
2268
2540
3488
4544
1756
1236
1120
952
-652
-964
-840
-1864
-56
2080
2596
2940
4848
2552
1472
1036
1336
-404
-1056
-752
-1316
-1284
1872
2428
2624
4592
3516
1496
940
1452
332
-800
-916
-1020
-2056
1008
2160
2772
3928
4524
1888
1160
836
988
-736
-904
-748
-2064
-76
2084
2392
3572
4656
2608
1356
836
1572
-548
-1024
-872
-1488
-1032
1840
2300
2744
4468
3504
1648
876
1504
296
-928
-1000
-888
-1972
1416
2144
2648
3980
4348
1864
1124
1136
1180
-988
-904
-796
-1976
308
2064
2832
3356
4520
2280
1344
920
1700
-496
-740
-744
-1660
-1204
1900
2600
2676
4484
3220
1236
1052
1532
244
-916
-1232
-852
-2012
1536
2168
2612
3880
4104
1964
1172
1372
648
-936
-972
-764
-1928
284
2296
2700
3148
4640
2220
1432
932
1648
-624
-1080
-632
-1712
-952
2084
2548
2816
4452
3212
1644
964
1532
-4
-796
-848
-988
-1848
1548
2304
2560
3964
4232
1860
1152
1168
832
-772
-1284
-728
-2200
528
2164
2452
3380
4472
2228
1324
980
1500
-812
-948
-920
-1708
-764
1780
2436
2900
4756
3064
1380
1028
1548
68
-952
-1096
-1216
-1956
1740
2272
2668
4048
3872
1860
1072
1300
780
-1080
-1016
-700
-2068
744
2084
2540
3424
4480
2180
1416
1116
1340
-668
-1056
-864
-1776
-548
1980
2628
2984
4412
2928
1440
1012
1724
-296
-916
-1188
-1336
-1664
1608
2316
2520
3860
4068
1824
1104
1288
684
-952
-1196
-768
-2140
920
2016
2724
3256
4504
2096
1244
1212
1404
-904
-1008
-708
-1948
-320
2084
2608
3032
4392
3040
1564
808
1740
-288
-900
-1032
-1192
-1808
1920
2432
2664
4360
3844
1660
1140
1240
660
-948
-996
-556
-2160
916
2148
2756
3352
4356
2028
1152
1204
1188
-676
-964
-956
-1868
-448
1912
2568
2884
4740
2636
1232
772
1616
-112
-992
-1016
-1324
-1660
1572
2392
2752
4260
3772
1268
1216
1504
412
-848
-956
-936
-2124
1000
2292
2804
3400
4564
2100
1212
1192
1180
-476
-1108
-596
-1860
-272
2044
2496
3080
4752
2548
1272
1028
1472
-208
-1040
-976
-1276
-1500
1708
2428
2768
4304
3896
1360
1124
1148
352
-816
-1168
-772
-2392
928
2232
2608
3848
4268
1880
1020
1028
1476
-896
-1064
-916
-2052
-112
2208
2624
3056
4632
2612
1504
920
1816
-112
-988
-936
-1348
-1484
1932
2452
2996
4548
3588
1292
904
1472
832
-744
-1228
-876
-2144
996
2336
2820
3788
4420
1736
1128
900
1372
-644
-1044
-580
-2220
-128
2088
2708
3364
4720
2516
904
1000
1668
-252
-892
-1120
-1388
-1584
1680
2664
2752
4668
3396
1392
1128
1356
660
-824
-1172
-880
-2372
1400
2336
2684
3920
4260
1768
1268
1104
1284
-468
-1136
-876
-2000
-116
2284
2660
3168
4572
2320
1172
952
1744
-112
-984
-1016
-1588
-1508
1976
2500
2728
4356
3260
1528
1088
1312
524
-1024
-1124
-976
-2068
1180
2084
2752
3768
4308
1852
1260
1148
1084
-872
-884
-724
-2268
-12
1848
2756
3120
4660
2592
1344
1076
1364
-304
-1004
-1040
-1252
-1492
1976
2236
2844
4460
3312
1520
940
1520
328
-956
-1000
-880
-1972
1300
2136
2864
3740
4268
1744
1300
1204
996
-772
-996
-716
-2112
16
2280
2516
3076
4476
2360
1444
832
1460
-324
-964
-820
-1544
-1100
1832
2284
2880
4524
3416
1416
808
1408
268
-820
-1012
-668
-2172
1276
2268
2744
3932
4292
1712
1392
1048
1076
-840
-1020
-640
-2088
172
2116
2652
3288
4672
2376
1356
940
1676
-340
-1032
-812
-1596
-1116
1996
2316
2972
4428
3324
1492
1048
1476
180
-968
-1200
-892
-2244
1492
2312
2548
3932
3984
1736
1208
1132
1244
-964
-1184
-684
-2056
344
2172
2752
3304
4656
2464
1248
1040
1604
-500
-868
-732
-1488
-1032
2016
2528
3060
4408
3252
1548
984
1644
208
-828
-1072
-904
-2056
1620
2196
2820
3988
4216
1768
1040
1208
888
-884
-988
-780
-2152
472
2160
2680
3232
4384
2344
1368
768
1624
-604
-920
-744
-1776
-1004
2080
2680
3040
4444
3280
1468
604
1664
108
-824
-1040
-1216
-2160
1612
2208
2780
4220
4556
1900
804
1048
656
-712
-896
-528
-2076
432
1972
2752
3352
4552
2420
1148
976
1548
-796
-880
-680
-1640
-912
1696
2408
2896
4400
3232
1480
760
1636
144
-716
-1260
-1208
-2056
1548
2408
2680
4016
3912
1360
1208
1188
908
-848
-1208
-780
-2396
520
2240
2564
3604
4356
2156
1280
712
1620
-744
-824
-744
-1700
-916
1888
2668
2896
4548
3256
1208
1024
1652
64
-1012
-888
-952
-2048
1716
2184
2752
4176
3980
1864
1072
932
1108
-856
-1068
-884
-2132
684
2008
2724
3220
4764
2196
1120
1248
1368
-808
-848
-900
-1636
-776
2020
2496
2900
4440
2916
1544
900
1536
-176
-776
-956
-1156
-1776
1364
2528
2788
4044
4364
1520
1348
1276
856
-756
-948
-536
-2140
528
2088
2836
3468
4456
2060
1148
912
1780
-544
-676
-988
-2092
-1044
2076
2712
3264
4356
2784
1428
732
1616
-192
-952
-912
-1220
-1864
1608
2276
2716
3912
3816
1376
1232
1448
580
-960
-1196
-792
-1992
724
2316
2356
3244
4668
2168
1456
804
1208
-848
-700
-728
-1808
-548
1960
2528
2988
4564
2988
1468
1000
1544
-296
-1104
-1088
-1064
-1668
2000
2352
2892
3956
3716
1596
1084
1312
736
-880
-1156
-672
-2180
624
2132
2748
3536
4540
1904
1432
1072
1232
-628
-1076
-828
-1788
-400
2108
2220
3000
4492
2864
1552
1092
1456
-308
-956
-992
-1016
-1808
1724
2220
2836
4348
3508
1596
1180
1388
676
-1120
-1064
-780
-1904
980
2180
2732
3288
4428
2140
1444
1032
1272
-764
-1020
-944
-1612
-288
2256
2220
2936
4608
2928
1748
772
1716
-592
-964
-1016
-1060
-1392
1360
2320
2568
4260
3972
1340
1428
1104
212
-972
-936
-540
-2192
784
2256
2692
3552
4448
2044
1364
752
1084
-736
-988
-872
-1932
-360
2096
2464
3168
4752
2896
1216
868
1604
-324
-788
-944
-1200
-1600
1776
2284
2852
4416
3688
1500
880
1244
440
-920
-908
-692
-2064
1124
2056
2652
3880
4592
1844
1012
896
1364
-836
-832
-556
-2104
-260
1896
2516
3404
4632
2444
1268
1008
1356
-420
-828
-808
-1468
-1648
1908
2400
2748
4440
3640
1644
992
1244
472
-788
-912
-848
-2220
1332
2216
2732
3952
4340
1868
1212
1088
1256
-804
-916
-808
-1992
76
2208
2604
3208
4824
2472
1180
728
1432
-408
-564
-1032
-1488
-1424
1884
2404
2864
4556
3280
1292
1068
1412
172
-780
-1144
-988
-1980
1300
2312
2588
3912
4144
1392
1056
1516
1480
-892
-988
-1260
-2260
272
2524
3024
3352
4580
1996
888
620
1752
48
-544
-868
-1808
-1412
2000
2464
3200
4704
3060
1216
1040
1696
512
-724
-1204
-960
-2176
1124
2208
2832
3928
4340
1736
1004
1544
1336
-840
-1248
-956
-2384
-36
1996
2808
3804
4668
1960
1272
1092
1536
-696
-896
-816
-1604
-644
2116
2528
2572
4228
3060
1432
1072
1772
140
-584
-1148
-1156
-1880
1444
2444
2596
4108
4356
1620
1192
1184
856
-912
-948
-712
-2156
492
2160
2580
3548
4620
2224
1352
952
1456
-856
-1032
-708
-1564
-536
1896
2444
2836
4456
3164
1356
948
1416
-260
-848
-952
-1008
-1960
1504
2236
2596
4300
3824
1700
1064
1172
928
-996
-1088
-768
-2288
904
2072
2764
3492
4576
2172
1424
1192
1412
-636
-1000
-656
-1820
-704
2016
2628
3020
4624
3016
1456
872
1684
72
-712
-1128
-1180
-1892
1916
2252
2816
4276
3676
1620
988
1448
792
-1024
-1008
-816
-2276
704
1924
2844
3492
4544
1904
1120
888
1236
-644
-924
-980
-1888
-536
1984
2668
3000
4644
2796
1164
972
1528
-280
-644
-976
-1128
-1840
1636
2532
2892
4296
3836
1444
1104
1396
692
-784
-964
-732
-2148
768
2124
2620
3408
4608
1976
1168
1136
1072
-512
-812
-744
-1872
-580
2244
2676
3116
4544
2780
1252
908
1696
-148
-868
-924
-1340
-1640
1616
2380
2636
4264
3728
1392
1204
1344
392
-816
-1176
-592
-2076
816
2104
2600
3756
4424
1996
1112
896
1384
-592
-932
-740
-1848
-372
1796
2820
3212
4684
2864
1184
940
1568
-200
-904
-952
-1108
-1740
1800
2308
2716
4544
3712
1452
828
1176
572
-712
-988
-768
-2324
716
2456
2628
3668
4444
1856
1180
876
1384
-684
-780
-768
-2076
-512
1888
2492
3216
4712
2672
1176
748
1572
-292
-932
-1068
-1112
-1608
1764
2312
2724
4540
3776
1428
1196
1540
544
-820
-872
-944
-2120
736
2092
2744
3772
4604
1856
1052
1104
1276
-824
-948
-864
-2028
-440
2192
2620
3108
4788
2604
1560
664
1528
-372
-748
-744
-1496
-1632
1676
2196
2860
4376
3804
1508
792
1432
248
-780
-880
-836
-2240
688
2112
2900
3904
4524
1692
1028
1008
1064
-764
-784
-700
-2016
-296
2100
2408
3052
5016
2720
1440
784
1344
-476
-892
-760
-1592
-1316
1784
2208
3016
4656
3536
1404
820
1328
324
-972
-1116
-712
-2180
1112
2140
2660
3640
4416
1808
1116
1052
1036
-892
-880
-976
-2008
-76
2060
2720
3028
4660
2252
1256
1040
1464
-420
-956
-988
-1480
-1208
1824
2524
2780
4288
3736
1400
884
1640
268
-688
-968
-948
-1992
1172
2296
3004
3960
4400
1584
1160
1256
1100
-608
-772
-744
-2180
-32
2116
2848
3332
4632
2404
1188
964
1484
-372
-904
-760
-1640
-1208
1932
2376
2784
4448
3472
1468
768
1468
116
-1032
-956
-924
-2044
1420
2220
2692
4292
4004
1880
948
1040
1156
-904
-936
-828
-2200
240
2200
2744
3156
4852
2288
1248
1004
1464
-380
-1020
-680
-1428
-892
2176
2420
2908
4740
3104
1628
692
1704
184
-908
-984
-1004
-1880
1288
2272
2652
3952
4052
1612
1008
1212
868
-716
-1040
-968
-2152
448
2008
2752
3368
4736
2112
1004
1028
1376
-436
-804
-972
-1664
-1216
1884
2644
3072
4676
3044
1372
936
1572
12
-532
-1068
-1108
-2072
1424
2416
2752
4100
4256
1624
984
1100
996
-712
-984
-688
-2352
496
2096
2556
3728
4588
1948
1148
1000
1616
-720
-952
-744
-1620
-860
1892
2496
3080
4732
2916
1444
820
1600
-268
-756
-616
-1332
-2028
1248
2356
2856
3968
3952
1616
1092
1440
604
-924
-1024
-740
-1984
508
2220
2468
3460
4820
2088
1224
932
1244
-636
-752
-560
-1776
-732
1712
2516
3124
4888
3016
1304
1000
1548
0
-864
-924
-972
-1784
1464
2548
2744
4228
3596
1520
1068
1304
664
-1008
-988
-784
-2324
704
2152
2612
3668
4472
2076
1004
752
1356
-632
-772
-1088
-1928
-672
1916
2564
2956
4732
2996
1156
1052
1572
-92
-868
-992
-1124
-2008
1460
2416
2916
4408
3760
1460
988
1204
964
-804
-892
-824
-2236
856
2184
2616
3516
4592
1988
1084
1120
1416
-840
-812
-840
-1644
-616
1888
2620
3156
4836
2688
1520
844
1492
-196
-1020
-904
-1392
-1604
1516
2292
2712
4108
3756
1568
1116
1344
576
-860
-944
-756
-2196
668
2300
2700
3424
4480
2076
1120
1100
1352
-712
-872
-860
-1972
-320
1944
2756
2844
4868
2940
1280
1112
1524
-76
-716
-1004
-1020
-1708
1320
2520
2732
4428
4100
1456
940
1192
648
-812
-808
-808
-2264
896
1988
2672
3668
4436
2200
976
868
1420
-824
-744
-940
-1876
-736
1680
2748
2820
4888
3040
1116
1072
1312
64
-736
-1004
-968
-1912
1528
2332
2908
4396
3788
1524
900
1240
960
-868
-920
-616
-2216
816
1940
2868
3504
4592
2228
1136
1180
1412
-620
-780
-716
-1640
-712
1872
2496
2760
4476
2992
1236
1048
1632
-288
-724
-1124
-952
-1900
1492
2516
2532
4020
3776
1768
1052
1104
756
-892
-964
-748
-2144
612
2136
2492
3140
4724
2356
1440
1040
1232
-636
-824
-672
-1424
-836
1840
2408
2852
4720
3352
1492
836
1512
-4
-704
-880
-1100
-1860
1448
2288
2660
3972
4220
1548
1196
1172
684
-720
-1120
-644
-2024
144
2172
2596
3244
4720
2336
1372
688
1332
-588
-880
-724
-1476
-1232
1820
2496
2684
4556
3112
1376
1116
1484
92
-1032
-1024
-836
-1784
1296
2032
2792
3732
4468
1948
1116
1212
1016
-980
-952
-576
-1892
304
1996
2484
3324
4696
2496
1320
1000
1484
-608
-808
-904
-1352
-1360
1896
2320
2920
4444
3320
1588
756
1544
204
-820
-1120
-860
-2160
1412
2276
2492
3868
4100
1724
1280
1076
1116
-776
-1056
-708
-1976
4
1904
2772
3008
4796
2668
1280
1180
1472
-504
-832
-876
-1236
-1140
1792
2648
2756
4460
3396
1596
1100
1596
344
-880
-1012
-708
-2076
1072
2232
2736
3564
4340
1792
1324
1232
1028
-680
-1188
-636
-2036
-220
2192
2592
3028
4468
2668
1296
960
1416
-280
-816
-908
-1308
-1576
1752
2436
2524
4364
3672
1444
964
1356
520
-744
-1116
-760
-2176
860
2152
2832
3724
4436
1792
1304
1348
1296
-784
-1152
-424
-1864
-484
2184
2572
3044
4608
2800
1656
912
1668
-264
-824
-1316
-1004
-1580
1584
2676
2428
4120
3880
1656
1224
1164
780
-980
-1228
-536
-2164
664
2136
2444
3388
4488
2216
1204
888
1508
-804
-1056
-856
-1816
-528
2020
2524
2756
4480
2976
1500
1144
1408
88
-1024
-852
-904
-1888
1560
2484
2568
4012
4028
1556
1284
1240
992
-700
-1308
-508
-2132
360
2280
2668
3344
4500
2488
1108
1016
1528
-492
-692
-1084
-1544
-1056
1956
2664
2892
4516
3172
1396
956
1608
12
-1076
-1124
-1016
-1876
1244
2192
2688
3656
4212
1852
996
1324
1036
-736
-1244
-836
-1916
44
2208
2736
3104
4644
2376
1336
1212
1676
-416
-1020
-920
-1284
-1216
1892
2488
2760
4288
3340
1520
1072
1656
512
-1172
-1120
-812
-1980
860
2344
2812
3416
4320
1972
1108
1196
1212
-780
-836
-816
-1812
-416
2008
2636
2996
4488
2712
1208
1080
1452
-16
-908
-1120
-1116
-1888
1692
2416
2508
4192
3684
1788
744
1284
868
-784
-1188
-824
-2152
680
2376
2560
3528
4548
2088
1156
1012
1592
-532
-844
-752
-1580
-812
1836
2596
2864
4560
3028
1428
952
1480
188
-928
-820
-1164
-2008
1320
2328
2732
3820
4224
1736
1084
1256
972
-620
-1164
-904
-2272
100
2348
2568
3304
4516
2008
1268
996
1604
-652
-1092
-944
-1444
-1156
2012
2524
2908
4320
3192
1472
1040
1660
512
-840
-1172
-960
-1984
1260
2488
2728
3540
4244
1724
1564
1212
1260
-700
-1192
-688
-1828
300
1880
2504
3032
4672
2756
1180
1184
1740
-252
-1044
-1076
-1180
-1648
1744
2388
2700
4236
3648
1592
1192
1288
712
-1036
-904
-712
-2140
628
2204
2792
3328
4584
1912
1268
1180
1284
-628
-1068
-768
-1516
-792
1784
2568
2912
4572
3084
1500
1008
1656
-204
-1056
-784
-1012
-1944
1528
2380
2756
3848
4004
1676
1240
1380
1064
-812
-1132
-524
-2168
412
2196
2552
3232
4536
2376
1424
896
1732
-644
-836
-824
-1612
-980
1716
2428
2768
4424
3368
1280
836
1544
412
-820
-916
-860
-2032
1128
1864
2928
3752
4376
1656
1088
1256
1064
-688
-888
-756
-1988
-208
2128
2680
3008
4732
2576
1248
1072
1588
-260
-804
-944
-1000
-1608
1744
2572
2600
4372
3536
1528
1204
1240
628
-796
-1196
-660
-2308
792
2104
2636
3408
4260
2224
1112
1044
1420
-812
-880
-1056
-1644
-492
1924
2556
2668
4544
2864
1288
1096
1688
32
-908
-1020
-856
-1888
1640
2380
2848
3952
3864
1692
1304
1488
1020
-956
-1088
-596
-2044
520
2060
2612
3292
4424
2272
1428
1032
1748
-696
-880
-1068
-1524
-1004
1904
2604
2660
4204
3224
1468
1076
1816
128
-1224
-1032
-924
-1884
1352
1976
2820
3452
4048
1956
1344
1312
1136
-968
-1228
-584
-1948
148
1988
2452
3004
4620
2520
1448
1200
1504
-536
-1024
-1000
-1000
-1520
1968
2436
2552
4180
3592
1944
952
1544
444
-836
-980
-840
-2004
952
2132
2588
3544
4604
1920
1368
868
1412
-712
-1196
-504
-1736
-636
2032
2600
2844
4632
2908
1248
1092
1376
-348
-768
-1100
-880
-1920
1392
2340
2676
3916
3808
1644
936
1272
816
-836
-1040
-640
-1968
324
2036
2928
3356
4516
2056
1428
1056
1588
-420
-952
-828
-1372
-1076
1944
2584
2624
4800
3272
1412
904
1448
432
-652
-1052
-708
-2252
1320
2408
2688
3828
4060
1712
1272
1104
1228
-900
-980
-752
-2100
-8
2048
2760
2888
4560
2636
1444
736
1676
-296
-856
-924
-1488
-1424
1720
2440
2544
4096
3532
1388
1228
1408
684
-864
-1296
-720
-2176
984
2360
2584
3528
4224
1904
1380
1136
1672
-708
-968
-816
-1816
-388
2088
2624
2972
4412
3088
1424
988
1772
-132
-788
-1064
-1144
-1564
1504
2488
2748
3788
4056
1612
1172
1380
896
-792
-1300
-748
-2088
344
2300
2456
3352
4432
2124
1392
932
1676
-620
-1004
-872
-1560
-1000
1956
2580
2908
4364
3072
1372
1136
1768
268
-1172
-1172
-800
-1924
1408
2468
2608
3584
4108
1808
1500
1260
1216
-916
-1116
-792
-1900
-4
2036
2616
3068
4588
2472
1376
956
1732
-180
-864
-1052
-1292
-1412
1788
2608
2564
4172
3712
1344
1008
1408
532
-872
-996
-700
-2248
872
2064
2720
3576
4336
2036
1200
1080
1364
-632
-1016
-784
-1760
-596
1948
2812
2604
4396
3120
1412
1012
1400
216
-760
-1140
-1016
-1804
1588
2180
2800
4136
4024
1816
1044
1220
972
-800
-908
-700
-2012
552
1964
2696
3016
4468
2268
1288
1156
1372
-700
-988
-964
-1288
-1392
1784
2444
2636
4544
3228
1408
988
1576
404
-848
-1000
-872
-2052
1196
2340
2648
3688
4072
1768
1184
1208
1152
-652
-1104
-660
-1892
-148
2216
2756
3160
4772
2288
1184
888
1768
-364
-848
-944
-1280
-1636
1876
2616
2824
4324
3556
1624
1160
1488
608
-936
-920
-784
-2248
928
2320
2776
3368
4484
1880
1116
868
1364
-572
-968
-764
-1952
-724
1996
2620
3080
4680
2664
1264
1120
1540
20
-952
-992
-928
-2000
1700
2376
2728
3984
3848
1824
1200
1448
908
-672
-1004
-796
-2200
572
2296
2572
3312
4764
2216
1300
1080
1520
-532
-836
-832
-1644
-1112
2044
2556
2896
4580
3056
1468
1068
1376
248
-972
-1244
-868
-2344
1464
2396
2588
3936
4172
1696
1208
1232
1188
-952
-1184
-816
-2040
280
2156
2748
3084
4488
2440
1356
1052
1488
-544
-968
-900
-1216
-1280
1880
2456
2596
4328
3444
1780
1024
1600
536
-1060
-1008
-840
-1836
1412
2240
2528
3716
4184
1856
1192
1356
1312
-748
-1276
-684
-1848
-64
2100
2636
2820
4444
2712
1260
1140
1624
-252
-944
-1092
-1292
-1536
1768
2480
2464
4140
3416
1816
1156
1388
552
-976
-980
-588
-2256
1048
2244
2552
3320
4388
2180
1132
988
1176
-636
-904
-876
-1708
-496
2024
2448
2852
4608
3064
1476
1056
1596
-200
-988
-892
-1092
-1644
1500
2360
2824
4120
3980
1644
1052
1412
972
-904
-1020
-816
-2156
496
2140
2636
3256
4696
1972
1228
1160
1352
-420
-1092
-768
-1828
-888
1996
2716
2760
4492
3076
1352
1060
1452
-76
-820
-1124
-1056
-1920
1444
2416
2736
3940
4236
1868
1104
1384
984
-728
-932
-684
-2120
528
2092
2608
3196
4528
2320
1420
1128
1600
-564
-904
-976
-1392
-1168
2056
2528
2812
4372
3108
1280
1192
1460
148
-904
-1116
-780
-2244
1364
2324
2632
3820
4000
1784
1312
1424
1108
-968
-1032
-836
-2044
240
1940
2748
3240
4628
2528
1032
1072
1652
-428
-784
-928
-1336
-1208
1884
2632
2688
4476
3316
1544
1084
1468
396
-956
-1056
-756
-2028
1216
2248
2744
3760
4360
1848
1252
1244
1128
-832
-1128
-652
-1980
-232
2288
2648
3080
4652
2440
1276
892
1596
-524
-952
-952
-1524
-1444
1540
2616
2748
4460
3564
1408
1032
1264
440
-620
-860
-776
-2460
988
2140
2876
3832
4404
1976
1120
984
1232
-732
-820
-620
-1956
-400
2028
2696
3212
4932
2508
1292
760
1464
-188
-764
-912
-1404
-1768
1432
2344
2820
4416
3776
1320
836
1420
660
-752
-1000
-684
-2312
832
2120
2656
3784
4516
2024
1100
976
1096
-872
-744
-756
-1744
-508
1872
2464
3212
4868
2592
1280
924
1420
-204
-808
-648
-1168
-1564
1628
2440
2968
4428
3780
1336
860
1496
340
-620
-1060
-912
-2096
608
2372
2652
3656
4584
1972
964
1076
1232
-608
-788
-916
-1680
-444
1848
2512
3168
4704
2756
1176
1012
1428
-260
-808
-936
-1176
-1824
1612
2184
2652
4392
3780
1732
984
1352
508
-864
-912
-724
-2068
756
2180
2572
3736
4432
2084
1348
1056
1392
-840
-1116
-480
-1900
-384
2156
2544
3072
4564
2708
1416
932
1432
-296
-828
-760
-1392
-1632
1708
2324
2908
4128
3680
1648
1156
1364
788
-992
-1044
-728
-2136
984
2312
2616
3604
4232
1956
1216
976
1476
-736
-1004
-908
-2064
-448
2356
2604
2964
4360
2648
1596
1060
1660
28
-912
-1144
-1436
-1880
2052
2540
2736
4256
3668
1488
1084
1548
856
-852
-1404
-828
-2168
964
2340
2664
3668
4484
1844
1224
1144
1476
-804
-872
-840
-2044
-416
2092
2800
3052
4528
2692
1528
684
1676
-88
-1136
-1124
-1404
-1532
1700
2496
2792
4032
3840
1456
988
1340
572
-844
-1384
-836
-2276
908
2356
2580
3552
4436
1896
1404
1260
1492
-676
-1112
-944
-1708
-512
2352
2720
3208
4508
2672
1316
1116
1568
-32
-1012
-888
-1300
-1828
1768
2372
3072
4364
3800
1528
1056
1600
728
-776
-1088
-892
-2240
944
2132
2808
3556
4448
1964
1172
1208
1296
-876
-796
-852
-1864
-720
2060
2764
2828
4524
2888
1368
1184
1492
-156
-980
-968
-1264
-1620
1728
2304
2828
4200
3864
1548
992
1272
660
-736
-1140
-620
-2280
840
2380
2884
3668
4448
1996
1104
1192
1400
-672
-820
-936
-2004
-556
2000
2672
3352
4660
2644
1248
968
1604
-36
-908
-1220
-1228
-1848
1708
2472
2768
4208
3632
1360
1056
1408
736
-716
-1292
-1012
-2228
696
2232
2712
3452
4404
1948
1040
1104
1704
-732
-808
-776
-2048
-432
1800
2816
3156
4520
2760
1176
1004
1764
-92
-872
-1132
-1344
-1836
1692
2572
2776
4284
3604
1660
900
1260
800
-924
-1096
-936
-2312
920
2096
2880
3584
4264
2024
948
1300
1412
-840
-872
-1084
-1792
-584
1968
2516
2872
4624
2616
1628
912
1728
-80
-960
-956
-1228
-1836
1712
2496
2760
4224
3768
1400
1280
1456
972
-808
-1388
-672
-2184
836
2352
2660
3608
4464
1892
1268
1064
1572
-784
-744
-860
-1820
-368
2028
2708
2764
4564
2868
1196
1084
1492
-20
-752
-1152
-1140
-1836
1596
2364
2800
3808
3952
1432
1256
1400
660
-860
-1104
-720
-2176
896
2348
2664
3444
4540
2040
1420
1128
1600
-932
-924
-912
-1628
-556
2168
2760
2824
4640
3008
1600
1248
1572
-288
-828
-1108
-860
-1696
1680
2336
2568
3940
4024
1724
1248
1220
752
-844
-948
-476
-2352
748
1964
2732
3384
4468
2148
1344
748
1180
-760
-764
-672
-1860
-756
1984
2384
3048
4604
3008
1432
848
1476
-88
-872
-1064
-1100
-1792
1620
2260
2896
4212
3980
1672
1076
1324
692
-740
-1112
-724
-2040
540
2240
2860
3340
4484
2124
1336
1100
1404
-708
-832
-788
-1584
-736
1856
2608
2928
4728
3020
1440
788
1572
12
-892
-836
-1156
-2000
1612
2224
2684
3768
3984
1668
1040
1216
840
-820
-992
-792
-1976
520
2092
2656
3212
4612
2208
1388
924
1480
-676
-1024
-716
-1668
-856
2056
2356
2892
4600
3188
1600
868
1676
16
-968
-908
-1108
-1676
1404
2244
2708
3908
4156
1444
1380
1064
940
-744
-968
-532
-2216
512
2140
2532
3456
4472
2576
1136
940
1464
-720
-756
-948
-1348
-1236
1708
2692
2632
4596
3104
1636
968
1096
184
-1048
-760
-820
-2100
1296
2156
2792
3988
4308
1820
1128
1224
1044
-816
-768
-500
-2036
140
2152
2608
3416
4592
2484
1404
708
1540
-424
-940
-672
-1592
-1268
1828
2196
3020
4508
3612
1244
860
1560
200
-660
-1116
-992
-2036
1156
2260
2780
3716
4296
1688
980
1124
1180
-848
-948
-716
-2056
-152
1956
2648
3124
4776
2268
1276
1032
1580
-408
-860
-908
-1468
-1620
1832
2548
2776
4384
3648
1560
876
1292
484
-620
-944
-676
-2108
940
2388
2784
3744
4584
1776
1180
1104
1472
-756
-1152
-532
-1976
-176
1980
2624
3048
4604
2576
1684
760
1380
-220
-924
-1064
-1184
-1588
1712
2400
2408
4412
3808
1460
1088
1300
444
-928
-1168
-492
-2188
820
1952
2640
3340
4540
2160
1392
968
1260
-612
-1124
-552
-1648
-424
1984
2388
2832
4716
2936
1332
1028
1544
-276
-740
-1008
-1076
-1716
1532
2412
2708
4120
3892
1768
812
1260
704
-852
-1088
-656
-2152
724
2060
2636
3276
4472
2248
1184
1168
1156
-748
-720
-816
-1648
-868
1980
2644
2768
4620
3028
1480
916
1404
232
-1044
-928
-956
-2040
1556
2312
2648
4212
3920
1616
1368
1208
1052
-840
-1172
-468
-2012
268
2176
2592
3396
4608
2292
1276
932
1664
-408
-924
-824
-1660
-1072
2084
2728
2864
4352
3256
1292
1080
1672
500
-872
-1168
-1044
-1980
1300
2320
2760
3760
4000
1616
1140
1128
1212
-796
-1268
-708
-2088
32
1980
2512
3180
4544
2668
1040
1104
1640
-392
-892
-896
-1472
-1660
1872
2624
2656
4216
3472
1484
1036
1432
472
-936
-936
-852
-2132
1104
2332
2664
3708
4168
1988
1316
1020
1336
-756
-936
-804
-1968
-440
2208
2596
2740
4580
2788
1316
808
1704
-244
-896
-856
-1248
-1612
1560
2240
2656
4220
3784
1524
1132
1348
908
-1032
-1116
-684
-2132
600
2344
2548
3456
4424
2236
1356
956
1320
-652
-816
-728
-1792
-796
2080
2504
2744
4644
3152
1344
1136
1672
160
-880
-1036
-956
-1816
1360
2328
2784
3976
4064
1604
1220
1232
1028
-824
-992
-448
-2104
284
2280
2608
3200
4476
2408
1364
1116
1496
-576
-908
-980
-1348
-1156
1880
2436
2720
4352
3424
1452
876
1424
228
-876
-984
-1044
-1976
1080
2380
2676
3696
4376
1980
1428
1216
1136
-928
-1044
-720
-2036
0
2356
2548
3040
4448
2892
1468
1100
1472
-516
-776
-848
-1456
-1424
1668
2416
2668
4388
3608
1720
1012
1328
844
-1120
-1084
-936
-2000
996
2196
2452
3208
4524
2332
1332
736
1580
-780
-860
-680
-1892
-464
2088
2328
2952
4708
2872
1348
1036
1644
-8
-928
-920
-988
-1836
1456
2424
2708
3804
3980
1832
1256
1320
1020
-808
-1204
-524
-2088
516
2256
2656
3236
4648
2192
1188
1064
1352
-436
-772
-936
-1724
-952
1848
2748
2684
4440
3176
1444
980
1368
380
-924
-1032
-956
-2056
1140
2408
2560
3848
4100
1632
1072
1244
1052
-880
-900
-736
-1904
-28
2008
2892
3100
4492
2752
1380
912
1684
-220
-736
-880
-1264
-1368
1792
2440
2660
4356
3608
1528
1028
1428
588
-856
-1052
-720
-2156
868
2164
2496
3452
4412
2072
1160
988
1396
-928
-936
-720
-1612
-740
2112
2464
2664
4536
2948
1428
1060
1356
-108
-808
-1016
-1020
-1948
1636
2332
2552
3864
3764
1804
1096
1436
1080
-964
-1008
-712
-2000
556
2296
2544
3116
4664
2424
1248
1144
1468
-492
-828
-988
-1560
-872
1820
2576
2912
4392
3316
1280
1060
1516
300
-1036
-1136
-752
-2144
1424
2144
2628
3992
3768
2068
972
1340
1332
-1052
-1024
-852
-1840
-268
2156
2636
2864
4508
2584
1164
1280
1552
-204
-1000
-1164
-1388
-1564
1732
2652
2824
4328
3480
1440
1300
1448
696
-860
-1216
-692
-2068
796
2284
2732
3496
4640
2076
884
1068
1600
-592
-1004
-880
-1740
-704
1992
2652
2812
4520
2812
1300
980
1512
300
-924
-1072
-912
-2028
1320
2484
2668
3836
4040
1520
1040
1316
1184
-852
-1068
-836
-2072
244
2040
2720
3048
4540
2132
1292
1132
1632
-436
-904
-936
-1356
-1456
1936
2588
2848
4440
3344
1500
964
1476
700
-752
-1024
-796
-2304
1156
2584
2672
3636
4412
1496
1156
1340
1464
-644
-1044
-960
-1972
-292
1884
2688
2904
4436
2560
1344
1060
1372
156
-1212
-876
-1020
-1764
1628
2296
2984
3968
3728
1532
944
1452
672
-740
-1116
-676
-2212
608
2168
2816
3396
4552
2304
1220
824
1596
-308
-860
-744
-1536
-948
1712
2628
2900
4580
3016
1216
1016
1400
312
-792
-1052
-956
-1956
1228
2460
2664
3960
4172
1900
980
1096
1168
-872
-800
-592
-2260
-112
1996
2712
3204
4640
2368
1188
736
1624
-256
-1104
-848
-1420
-1420
1928
2200
2800
4236
3728
1764
556
1432
432
-832
-852
-912
-2012
780
2160
2768
3560
4480
1984
1092
1148
1432
-644
-980
-776
-1664
-512
1812
2516
3268
4624
2836
1136
936
1900
4
-836
-780
-1180
-1664
1424
2284
2800
3824
3984
1812
980
1084
868
-816
-940
-628
-2284
400
2244
2564
3512
4444
2408
1284
676
1724
-316
-808
-896
-1748
-1316
1828
2600
3016
4452
3216
1432
852
1552
576
-676
-956
-1040
-2188
1080
2308
2852
3792
4300
1904
1128
1116
1692
-668
-1044
-704
-2192
-220
2192
2604
3072
4420
2592
1096
1000
1824
-108
-996
-1212
-1352
-1768
1872
2500
2776
4076
3440
1476
984
1516
768
-1048
-964
-772
-2220
688
2144
2684
3312
4288
2144
1304
976
1604
-616
-1084
-860
-1728
-484
1976
2584
2776
4268
3184
1336
1024
1740
108
-600
-1184
-952
-1888
1220
2528
2816
3748
4044
1664
1132
1324
1240
-668
-828
-888
-2196
28
2188
2852
3092
4512
2444
1100
1088
1508
-332
-812
-1012
-1468
-1340
1668
2604
2760
4184
3456
1204
1124
1492
516
-760
-1272
-760
-2276
924
2420
2668
3588
4388
1988
1064
1088
1636
-668
-844
-752
-1880
-308
2128
2364
3020
4456
2828
1660
1008
1624
76
-952
-892
-964
-1764
1544
2520
2724
3828
3864
1680
1104
1400
844
-752
-1084
-708
-1920
176
2276
2532
3088
4620
2348
1388
932
1400
-456
-1064
-848
-1388
-1304
1912
2268
2880
4260
3384
1524
872
1544
372
-752
-912
-828
-2052
1084
2224
2748
3724
4104
2088
1128
1232
1324
-740
-772
-764
-1604
-276
1952
2620
2772
4692
2848
1376
1092
1420
-152
-968
-868
-904
-1596
1340
2180
2856
4060
3892
1400
948
1464
788
-712
-924
-772
-2216
296
2136
2796
3364
4696
2188
1064
848
1608
-328
-620
-900
-1616
-1220
1704
2656
3084
4496
3268
1208
804
1592
280
-752
-948
-828
-2196
1204
2448
2932
3884
4280
1544
1076
1260
1176
-516
-1072
-600
-1928
-288
2152
2840
3236
4544
2216
1144
1024
1824
64
-1168
-1108
-1380
-1612
1884
2552
2752
4044
3536
1508
1020
1556
616
-616
-1224
-836
-2056
972
2360
2372
3420
4200
2056
1380
992
1520
-640
-1124
-752
-1684
-820
1812
2712
2924
4428
3116
1396
1220
1620
228
-868
-1140
-920
-1944
1436
2416
2764
3720
3964
1760
1392
1268
1096
-660
-1072
-628
-2232
264
2128
2708
2984
4516
2464
1240
1080
1580
-64
-976
-1132
-1368
-1472
1832
2656
2612
4152
3360
1620
940
1480
524
-1036
-1436
-888
-2004
820
2328
2632
3408
4272
2004
1248
1320
1556
-688
-1140
-728
-1716
-500
2048
2804
2912
4540
2792
1112
1244
1720
96
-1092
-1116
-892
-1772
1516
2500
2684
3808
3800
1628
964
1524
908
-796
-1092
-820
-1820
-16
2072
2632
3120
4472
2312
1248
1240
1756
-328
-1012
-1016
-1372
-1324
1816
2828
2588
4272
3144
1368
1168
1484
656
-1008
-1308
-676
-2084
952
2256
2788
3336
4224
1960
1348
1132
1392
-672
-1040
-796
-1740
-440
2100
2680
2876
4640
2780
1196
1096
1692
160
-1088
-1096
-1104
-1760
1624
2400
2724
4000
3712
1592
1200
1228
928
-1004
-956
-660
-2204
108
1972
2688
3340
4504
2236
1184
1084
1576
-388
-964
-976
-1620
-1444
1752
2692
2836
4200
3272
1344
1116
1520
712
-744
-1076
-996
-2264
1124
2228
2828
3736
4236
1936
1076
1256
1776
-540
-880
-788
-1896
-488
2112
2768
2984
4336
2644
1368
1144
1660
104
-1004
-1116
-988
-1672
1492
2576
2592
4120
3632
1484
1212
1220
1108
-968
-988
-832
-2280
520
2280
2736
3180
4388
1988
1200
1236
1628
-464
-976
-1216
-1456
-1124
1964
2532
2908
4304
3092
1340
1112
1676
540
-716
-1144
-912
-2132
1172
2464
2928
3664
4244
1684
1144
1388
1496
-720
-1032
-892
-1872
-64
2128
2540
2932
4564
2844
1452
932
1652
-72
-1160
-832
-1260
-1668
1612
2180
2772
3940
3736
1484
936
1400
860
-856
-1224
-808
-2276
280
2324
2640
3228
4504
2168
1356
988
1672
-620
-1056
-868
-1636
-1040
1932
2712
2732
4492
2928
1388
1212
1444
508
-840
-1232
-904
-1888
1552
2164
2884
3712
4156
1956
924
1552
1312
-1048
-984
-696
-1744
-24
2240
2684
3016
4600
2352
1508
944
1536
-160
-952
-1036
-1236
-1688
1732
2552
2704
4084
3440
1460
1016
1484
1020
-1084
-1008
-904
-2336
604
2232
2852
3268
4312
2060
1324
984
1724
-592
-928
-900
-1868
-628
2328
2780
2936
4460
2848
1624
848
1964
468
-1112
-1068
-1304
-1776
1712
2472
2924
3668
4144
1552
1180
1540
1184
-864
-1228
-768
-2216
116
2272
2860
2972
4340
2212
1376
1132
1688
-300
-1020
-820
-1640
-1232
1920
2412
2796
4000
3424
1524
956
1776
800
-1184
-1436
-820
-2020
1052
1992
2744
3392
4372
1844
1344
1264
1380
-712
-832
-792
-1836
-796
2172
2736
2808
4564
2784
1388
928
1704
108
-1016
-956
-1280
-1660
1604
2292
2688
3772
3940
1532
1248
1436
1088
-1040
-1180
-948
-2108
496
2136
2628
3240
4204
2216
1392
992
1784
-644
-1152
-856
-1488
-1076
2076
2568
2652
4092
3192
1696
1316
1404
408
-1072
-1288
-788
-2152
1464
2312
2760
3420
4100
2228
1284
1348
1148
-872
-956
-888
-1740
-128
2112
2716
2880
4456
2784
1184
920
1756
8
-1140
-896
-1084
-1668
1712
2364
2816
4000
3672
1664
968
1332
800
-944
-1112
-956
-2136
384
2060
2852
3152
4444
2072
1252
952
1472
-436
-1032
-832
-1632
-1152
1952
2532
2868
4492
2940
1440
1072
1556
292
-1044
-1144
-836
-2088
1368
2268
2748
3896
4344
1784
1136
1020
1280
-888
-1192
-684
-2160
60
2200
2664
3312
4700
2376
996
816
1656
-156
-732
-1040
-1432
-1588
1680
2452
2756
4200
3580
1300
1052
1192
768
-924
-1052
-848
-2472
1064
2228
2788
3304
4388
2024
1124
904
1396
-604
-1012
-824
-1852
-648
2008
2608
3024
4492
2712
1288
1068
1644
156
-960
-1100
-1064
-2000
1832
2508
2748
3960
3676
1496
1216
1452
1112
-804
-1196
-768
-2060
412
2104
2684
3080
4436
2428
1148
1172
1524
-524
-876
-928
-1536
-1360
1864
2484
2736
4392
3180
1488
980
1668
664
-1040
-1228
-604
-2200
1332
2196
2460
3776
3952
1996
1220
1180
1272
-1080
-924
-656
-1844
-184
2116
2636
2848
4560
2616
1524
968
1620
-264
-1068
-900
-1284
-1472
1864
2484
2776
4036
3772
1820
1008
1368
732
-944
-1204
-792
-2112
660
2136
2628
3336
4332
2084
1244
1020
1496
-676
-932
-804
-1724
-796
1800
2772
2836
4524
3128
1224
1100
1420
248
-828
-1016
-1000
-2152
1508
2440
2680
4020
4028
1900
956
1396
1416
-1012
-988
-576
-2044
180
2136
2956
3300
4596
2112
1372
1088
1764
-264
-1048
-920
-1444
-1192
1924
2684
2660
4088
3544
1388
1028
1496
328
-880
-1204
-860
-2072
1192
2152
2664
3528
4420
2016
784
1120
1448
-728
-928
-916
-1840
-524
2160
2484
3012
4784
2580
1328
1016
1532
28
-924
-876
-956
-1952
1712
2388
2852
4140
3820
1568
900
1448
764
-764
-1076
-692
-2028
404
2196
2720
3436
4616
2176
1224
816
1600
-784
-780
-824
-1860
-1012
1648
2876
2896
4544
3092
1084
992
1596
260
-920
-1224
-1036
-1992
1200
2320
2752
3844
4132
1712
1192
1104
1252
-836
-996
-824
-2004
92
2264
2756
2880
4800
2560
1288
960
1612
-24
-984
-1044
-1384
-1284
1684
2428
3076
4468
3580
1292
1052
1712
832
-904
-1336
-620
-2120
868
2252
2784
3480
4400
1728
1172
1244
1376
-824
-968
-772
-1944
-492
2104
2548
3044
4288
2912
1524
780
1860
-24
-880
-1076
-1304
-1828
1844
2212
2484
3988
3792
1612
1320
1164
952
-904
-1280
-572
-2092
584
2204
2736
3324
4712
1928
1352
1124
1612
-516
-1076
-864
-1536
-984
2000
2652
2720
4512
2976
1576
1076
1552
96
-980
-1020
-728
-2140
1328
2344
2660
3848
4212
1756
1032
1092
1160
-812
-992
-820
-2200
144
1944
2704
3116
4464
2580
1160
936
1512
-432
-872
-864
-1404
-1568
1980
2408
2908
4308
3460
1652
912
1528
376
-892
-1000
-636
-2164
1048
2164
2680
3792
4536
1872
1268
1068
1304
-696
-828
-668
-2040
-408
2016
2588
2952
4620
2616
1456
872
1524
-100
-732
-1048
-1268
-1640
1656
2368
2752
4296
3700
1472
988
1348
656
-896
-1292
-748
-2376
816
2204
2484
3364
4296
2004
1272
1060
1460
-724
-848
-1144
-1772
-664
2080
2832
2920
4548
2960
1348
832
1768
16
-884
-972
-1100
-1932
1808
2356
2872
3972
3980
1876
968
1396
716
-904
-880
-868
-2144
444
2108
2704
3440
4668
2140
1128
1040
1376
-500
-1016
-988
-1512
-1224
1856
2556
2692
4576
3072
1436
964
1276
460
-1008
-720
-968
-2200
1300
2120
2904
4140
4088
1528
1136
1204
1028
-780
-908
-620
-2164
148
2040
2848
3008
4564
2656
1308
996
1508
-332
-588
-1036
-1368
-1288
1856
2732
2820
4328
3528
1240
1116
1328
392
-804
-1116
-756
-2096
1100
2248
2732
3840
4384
1612
1008
1092
1312
-856
-1080
-728
-2180
-252
1928
2680
3324
4640
2476
1132
908
1648
-444
-884
-936
-1312
-1300
1596
2616
2900
4340
3580
1648
952
1356
856
-724
-948
-824
-2208
1008
2336
2864
3484
4640
1936
1188
1332
1260
-632
-1124
-816
-1948
-444
1920
2432
2824
4584
2908
1260
692
1412
-72
-944
-1028
-996
-1836
1664
2364
2736
4220
3796
1584
1040
1416
724
-912
-1072
-780
-2216
648
2232
2544
3300
4588
2260
1268
980
1564
-572
-872
-932
-1784
-488
1880
2656
2680
4612
3280
1412
1252
1636
220
-924
-1108
-864
-1916
1508
2368
2632
4040
3756
1648
1108
1328
1100
-940
-1156
-628
-2212
288
2216
2528
3312
4548
2244
1448
928
1424
-332
-944
-1028
-1640
-920
1860
2552
2492
4520
3200
1344
1012
1360
216
-984
-988
-920
-2136
1180
2320
2900
4004
3852
1540
1144
1224
1236
-984
-1084
-540
-2100
208
2100
2800
3448
4556
2260
1432
956
1724
-188
-984
-672
-1516
-1276
1916
2772
2728
4312
3192
1432
1084
1504
380
-1056
-1132
-856
-2204
1028
2280
2548
3520
4372
1960
1020
992
1420
-628
-844
-948
-2012
-148
2008
2800
2912
4544
2616
1116
944
1456
-212
-956
-824
-1320
-1556
1844
2220
2856
4160
3644
1700
1032
1300
652
-972
-992
-704
-2232
672
2320
2684
3592
4516
1920
1228
1084
1256
-624
-800
-744
-2048
-712
1912
2748
3028
4820
2660
1192
924
1524
28
-848
-856
-1196
-1960
1408
2488
2756
4252
3784
1584
1016
1100
928
-768
-1100
-664
-2388
468
2200
2688
3604
4536
2100
1216
996
1540
-560
-1008
-752
-1824
-924
1972
2680
2908
4648
2892
1268
1128
1392
320
-960
-928
-1028
-1980
1476
2048
2784
3920
4296
1880
684
1168
904
-604
-1028
-788
-2380
76
2288
2584
3260
4588
2312
1160
932
1532
-500
-816
-856
-1516
-1076
1836
2424
2808
4668
3248
1444
904
1528
300
-824
-960
-1004
-2052
1192
2416
2716
3904
4232
1768
1192
1256
1148
-948
-1036
-736
-2096
112
2092
2612
3348
4496
2508
1348
1000
1676
-260
-924
-1036
-1472
-1356
1756
2352
2788
4296
3304
1464
904
1508
396
-836
-992
-1072
-2292
896
2352
2780
3604
4364
1596
1228
1152
1248
-552
-1188
-680
-2128
-348
2180
2776
3156
4560
2548
1240
1088
1668
12
-780
-1036
-1232
-1408
1856
2600
2696
4272
3580
1800
996
1452
684
-828
-864
-836
-2124
932
2256
2748
3452
4400
2060
1196
1308
1084
-856
-916
-832
-1652
-860
1984
2672
2756
4684
2896
1416
892
1420
-128
-976
-876
-1364
-1652
1584
2156
2688
3948
3840
1748
932
1420
600
-760
-1256
-836
-1880
540
2272
2616
3376
4656
2064
1388
1160
1288
-652
-1076
-772
-1664
-748
2044
2592
2880
4572
2964
1468
1008
1508
68
-1060
-1000
-1092
-1848
1392
2488
2568
3964
3740
1620
1112
1248
880
-1100
-996
-1024
-2036
496
2184
2664
3136
4524
2408
1112
1020
1348
-556
-892
-784
-1700
-1076
1940
2624
2940
4356
3132
1620
940
1512
268
-988
-756
-1188
-1992
1548
2456
2784
3832
4220
1796
972
1236
1140
-832
-1076
-736
-2076
180
1976
2644
3428
4572
2272
1104
1388
1508
-496
-1104
-920
-1272
-1384
1824
2528
2756
4388
3160
1552
888
1616
384
-968
-968
-1076
-2112
1184
2384
2752
3648
4096
1600
1072
1196
1308
-704
-1068
-620
-2076
-132
2224
2680
3184
4448
2624
1344
1040
1608
-188
-868
-916
-1488
-1288
1864
2480
2896
4408
3452
1460
1048
1608
616
-1164
-972
-952
-2140
1116
2492
2640
3492
4116
1912
1368
1336
1376
-720
-1144
-884
-2100
-240
2216
2816
3268
4384
2620
1036
1056
1608
-100
-848
-1208
-1340
-1764
1936
2632
2600
4224
3552
1584
1016
1476
948
-876
-1132
-840
-2264
760
2560
2752
3612
4416
1892
1280
1404
1492
-748
-1224
-1004
-1824
-380
2216
2640
2788
4240
3020
1428
1112
1644
-92
-912
-1344
-848
-1812
1700
2524
2556
4200
3776
1664
1116
1352
856
-1024
-1100
-684
-2216
700
2280
2472
3216
4216
2276
1296
864
1504
-564
-1020
-1100
-1792
-812
2036
2584
2948
4464
3084
1332
1108
1504
244
-900
-1024
-1076
-1724
1332
2436
2700
3964
4336
1672
1164
1444
1156
-792
-1184
-700
-1960
120
2332
2548
3260
4464
2316
1204
920
1608
-280
-868
-796
-1584
-1296
2088
2652
2608
4380
3356
1468
968
1280
496
-956
-1168
-1024
-2200
1152
2432
2660
3628
4300
1684
1136
1488
1268
-536
-1172
-916
-1852
-244
2136
2684
3252
4596
2592
1196
1116
1648
76
-764
-740
-1416
-1608
1492
2584
2928
4260
3764
1456
1212
1504
648
-904
-1272
-644
-2144
816
2136
2652
3492
4392
2240
876
1072
1344
-632
-836
-980
-1768
-720
1824
2848
2704
4492
2892
1108
1224
1496
8
-868
-1128
-896
-1796
1508
2492
2552
3968
3952
1728
1156
1092
1020
-736
-1032
-588
-2108
204
2292
2672
3152
4500
2424
1120
1052
1416
-552
-964
-860
-1616
-1008
1656
2628
2732
4228
3360
1432
1116
1448
348
-756
-1156
-916
-2140
1240
2544
2428
3672
4052
1652
1488
1216
1120
-912
-1060
-608
-2232
-152
2084
2640
3120
4284
2652
1148
1032
1688
-100
-784
-1028
-1412
-1644
1712
2652
2536
4364
3604
1568
1012
1224
640
-664
-872
-904
-2240
668
2492
2732
3328
4508
1916
1116
1128
1328
-384
-872
-724
-1580
-764
2060
2556
3068
4600
2820
1272
1052
1664
84
-1044
-908
-1212
-2000
1408
2464
2800
3724
4000
1768
864
1248
1092
-712
-1012
-872
-2224
156
2144
2672
3200
4448
2496
1204
952
1612
-376
-896
-644
-1596
-1044
1840
2396
2792
4316
3564
1632
888
1464
556
-836
-980
-812
-2172
1128
2320
2600
3720
4256
1992
1116
1076
1228
-612
-768
-804
-2032
-336
1972
2660
2992
4548
2616
1208
888
1436
68
-1000
-884
-1168
-1924
1652
2444
2684
4120
3760
1588
860
1352
648
-648
-1104
-728
-2052
348
2484
2596
3504
4560
2160
1292
900
1496
-416
-948
-640
-1928
-756
1772
2684
2828
4408
3260
1280
1208
1464
352
-944
-1204
-796
-2180
1292
2160
2660
3828
3964
1860
1064
1088
1064
-724
-876
-812
-2048
-48
2032
2988
3072
4592
2468
1204
968
1528
-156
-980
-764
-1544
-1660
1880
2472
2884
4360
3332
1548
904
1404
824
-812
-964
-672
-2216
780
2100
2812
3764
4276
2100
1080
1208
1404
-620
-948
-580
-1460
-796
1960
2556
2880
4628
3148
1632
892
1312
96
-836
-996
-1116
-1988
1304
2456
2552
4032
3992
1712
1180
1368
900
-884
-1116
-684
-1952
172
2132
2556
3276
4440
2276
1220
836
1556
-312
-916
-1036
-1632
-1216
1900
2768
2672
4372
3168
1520
1236
1624
496
-1188
-1104
-896
-2036
1188
2244
2688
3628
4080
2272
1124
1380
1480
-848
-760
-988
-1716
-176
2104
2828
2764
4664
2724
1368
1000
1764
28
-896
-1084
-1204
-1632
1912
2604
2548
3876
3628
1624
1148
1312
884
-836
-1076
-632
-2216
544
2348
2536
3132
4416
2204
1376
1004
1552
-540
-1080
-728
-1536
-880
2028
2548
2816
4440
3268
1500
804
1612
616
-692
-1116
-1012
-1996
1264
2284
2920
3784
4112
1688
1028
1380
1144
-936
-932
-592
-2092
-276
2136
2768
3124
4516
2648
1332
864
1556
-164
-792
-896
-1480
-1396
1704
2544
2624
4044
3784
1528
896
1416
768
-824
-1016
-828
-2184
852
2080
2912
3336
4328
2104
1236
1028
1596
-716
-624
-908
-1716
-628
2144
2940
2708
4536
3200
1256
1264
1408
136
-668
-1116
-908
-1952
1420
2496
2408
3960
4048
1668
1096
1208
1064
-792
-1152
-604
-2044
84
2048
2588
3180
4480
2380
1184
980
1636
-284
-844
-1012
-1512
-1452
1672
2560
2956
4420
3416
1404
912
1464
704
-1024
-824
-772
-2384
740
2348
2728
3680
4132
1868
1176
1164
1660
-664
-928
-580
-2064
-420
2008
2692
3048
4520
2972
1148
828
1592
24
-808
-832
-1168
-1884
1408
2416
2816
4064
3776
1672
1164
1236
988
-960
-908
-644
-2344
292
2088
2696
3216
4444
2372
1260
848
1420
-248
-948
-924
-1516
-1104
1800
2388
2716
4448
3356
1492
760
1704
452
-804
-932
-896
-2064
1072
2364
2804
3608
4276
1664
1240
1160
1344
-612
-1076
-652
-2088
-488
2052
2800
3100
4472
2800
1196
876
1624
184
-856
-1148
-1324
-2004
1608
2528
2716
4264
3776
1708
760
1340
1084
-912
-1024
-916
-2220
360
2160
2616
3300
4392
1976
1212
1116
1568
-480
-944
-748
-1676
-1300
1768
2668
3052
4376
3132
1560
808
1496
732
-732
-988
-976
-2124
936
2472
2864
3836
4120
1712
988
1332
1744
-688
-1024
-856
-2048
-220
2212
3016
2960
4408
2396
1296
1084
1780
76
-984
-1252
-1192
-1780
1800
2820
2724
3856
3548
1532
1068
1500
996
-928
-1120
-824
-2332
716
2436
2888
3248
4196
2188
1240
1232
1692
-352
-1228
-856
-1668
-856
2000
2552
2812
4308
3068
1448
1060
1712
568
-904
-1212
-780
-2172
1252
2396
2648
3772
4160
1624
1124
1324
1268
-844
-1076
-584
-1876
-296
1960
2648
2808
4304
2612
1472
1004
1668
-160
-1172
-900
-1448
-1624
1824
2428
2648
3988
3512
1548
1144
1444
932
-1020
-1240
-736
-2148
704
2192
2736
3232
4300
2136
1172
1060
1500
-292
-1032
-920
-1740
-764
2044
2684
2572
4556
2876
1400
1204
1572
212
-1108
-1128
-828
-1988
1320
2256
2744
3908
4068
1804
1108
1252
1104
-944
-1288
-804
-1944
-76
2008
2528
3136
4788
2544
1140
988
1672
-236
-1008
-812
-1356
-1640
1588
2492
2940
4312
3460
1472
1008
1492
708
-696
-1148
-684
-2152
608
2364
2844
3560
4272
2164
1232
1144
1620
-640
-956
-860
-1720
-724
2040
2736
3000
4480
2832
1452
1092
1776
244
-912
-1032
-1088
-1832
1356
2612
2676
3856
3832
1504
1032
1448
1272
-704
-1140
-1020
-2160
24
2128
2844
3040
4140
2176
1100
1140
1788
-220
-1108
-960
-1664
-1524
1992
2628
2896
4252
3284
1668
1012
1696
772
-900
-904
-956
-2112
764
2472
2884
3232
4192
2020
1332
1384
1440
-524
-1152
-852
-1888
-616
2320
2536
3040
4544
2788
1292
988
1616
152
-1056
-1072
-784
-2008
1248
2532
2496
3988
3932
1576
900
1424
1276
-808
-960
-944
-2096
40
2080
2900
3008
4412
2492
1108
1180
1692
-176
-972
-824
-1332
-1228
1952
2688
2624
4296
3316
1492
1188
1696
812
-812
-1136
-852
-2144
1000
2428
2800
3708
4212
2084
1008
1232
1676
-568
-1040
-860
-1884
-580
2096
2724
3088
4484
2712
1180
1028
1696
196
-992
-1176
-1156
-2040
1416
2484
2532
3728
3840
1612
1184
1224
1328
-852
-988
-740
-2260
84
2044
2800
3264
4212
2400
1096
1388
1624
-40
-1000
-992
-1072
-1672
1864
2620
2624
4188
3468
1612
1032
1596
800
-884
-952
-836
-2320
836
2524
2688
3344
4112
2204
996
1236
1524
-528
-804
-944
-1800
-948
1928
2832
2968
4448
2912
1184
1092
1552
468
-1176
-1044
-948
-1992
1268
2464
2656
3824
3780
1712
1128
1444
1388
-640
-1244
-764
-1752
-176
2220
2628
3112
4388
2428
1432
1136
1832
-36
-980
-844
-1436
-1544
1596
2876
2780
4016
3428
1408
1348
1504
1056
-988
-1336
-804
-2220
1016
2380
2552
3388
4164
2104
1064
1292
1692
-444
-1360
-996
-1500
-1160
2236
2592
2504
4152
2820
1616
1088
1680
592
-1180
-1104
-1092
-1820
1484
2216
2688
3512
4156
1844
1036
1364
1284
-584
-1092
-696
-1984
-168
2372
2888
3012
4248
2840
1244
1428
1660
188
-984
-1240
-944
-1596
1512
2628
2464
4028
3588
1436
1108
1692
1260
-1004
-1136
-784
-2076
296
2204
2700
3060
4168
2220
1364
1440
1660
-548
-1140
-1048
-1408
-1264
1800
2772
2456
4244
3248
1404
1280
1504
768
-1108
-1148
-632
-2112
964
2528
2804
3396
4060
2104
1216
1584
1476
-584
-1032
-776
-1628
-496
2156
2732
2708
4384
2860
1496
1416
1616
396
-1128
-1200
-880
-1932
1564
2704
2240
3648
3748
2008
1256
1520
1256
-944
-1272
-976
-1916
136
2296
2600
2836
4276
2516
1448
1212
1572
108
-1348
-1208
-944
-1588
1868
2528
2428
3956
3616
1384
1316
1608
864
-768
-1292
-664
-2092
444
2412
2824
3116
4172
2180
1224
1484
1604
-292
-1368
-796
-1220
-1300
1992
2760
2612
4404
3136
1416
1236
1508
748
-1080
-1284
-796
-2120
988
2244
2756
3448
4284
1856
980
1364
1468
-620
-1148
-976
-1740
-660
2064
2684
2680
4456
2920
1488
1056
1424
216
-1080
-1056
-956
-2012
1420
2512
2668
3672
3792
1612
1084
1404
1416
-660
-960
-696
-1956
-96
2228
2668
2852
4532
2584
1344
1140
1564
28
-728
-1208
-948
-1792
1472
2768
2580
4316
3552
1472
1176
1488
1228
-760
-1184
-876
-2092
280
2124
2676
3320
4320
2012
1204
1352
1712
-208
-1020
-1044
-1516
-1300
1780
2876
2536
4088
3252
1312
1280
1476
900
-696
-1368
-788
-2108
800
2536
2736
3492
4144
2024
1020
1248
1800
-516
-872
-944
-1776
-872
2212
3052
2752
4392
2872
1192
1440
1624
580
-1012
-1276
-1024
-2008
1348
2528
2548
3528
4112
1876
1216
1264
1616
-576
-1408
-856
-1912
-188
2292
2648
2744
4076
2664
1520
1216
1832
112
-1228
-1208
-1280
-1704
1724
2612
2552
3640
3788
1500
1116
1476
1232
-668
-1444
-744
-2000
324
2432
2712
2948
4332
2452
1032
1196
1692
-36
-1240
-992
-1344
-1436
1736
2624
2768
4088
3292
1376
1332
1596
864
-936
-1160
-660
-2164
624
2284
2732
3056
4276
2128
1360
1364
1556
-492
-1288
-788
-1460
-1104
1956
2764
2516
4164
3188
1356
1096
1748
728
-928
-1392
-812
-1984
832
2540
2660
3496
4176
2000
1316
1292
1552
-460
-1208
-668
-1788
-696
2208
2740
2784
4208
2896
1432
1364
1664
324
-1208
-1016
-908
-2012
1488
2400
2668
3388
3832
1704
1120
1568
1324
-1020
-1128
-880
-1780
-32
2136
2796
2584
4260
2800
1200
1288
1696
184
-1068
-1368
-984
-1708
1880
2512
2380
3732
3624
1812
1224
1636
1032
-832
-1336
-816
-1840
288
2492
2600
2968
4244
2452
1472
1284
1920
-496
-1000
-980
-1228
-1096
1724
2892
2544
3904
3440
1424
1408
1668
668
-924
-1488
-528
-2092
812
2448
2512
3020
4044
2100
1340
1272
1620
-608
-1148
-1160
-1604
-860
2008
2564
2516
4048
3304
1496
1136
1624
476
-1140
-1092
-768
-2204
1172
2420
2692
3280
3824
2112
1344
1456
1460
-728
-1092
-712
-1536
-508
2228
2520
2540
4236
2952
1612
1304
1616
172
-1164
-1228
-840
-1488
1404
2324
2560
3412
3932
1736
1444
1464
1272
-868
-1208
-624
-1752
-168
2336
2412
2864
4568
2604
1272
1196
1608
-48
-956
-1076
-916
-1796
1500
2592
2552
3940
3820
1636
1356
1316
1044
-880
-1128
-492
-2132
348
2092
2504
3132
4276
2472
1256
1028
1640
-268
-888
-868
-1328
-1252
1840
2668
2476
3984
3528
1652
1064
1252
784
-828
-1168
-656
-2008
672
2068
2436
3180
4332
2212
1168
1088
1304
-444
-928
-732
-1520
-1084
1776
2620
2632
4348
3296
1468
908
1456
548
-940
-1224
-716
-1936
1108
2096
2716
3496
4180
2176
1012
1464
1540
-664
-896
-948
-1372
-516
2052
2576
2496
4532
2952
1488
980
1712
304
-1012
-940
-788
-1908
1436
2232
2580
3524
4012
1812
1268
1356
1020
-712
-1220
-832
-1944
-156
2404
2512
2496
4420
2796
1312
1024
1476
40
-1100
-1204
-1072
-1484
1636
2440
2448
3704
3912
1852
1196
1424
884
-644
-1080
-580
-1868
184
2412
2680
2936
4416
2276
1528
1268
1744
-84
-1184
-868
-1104
-1364
1864
2588
2656
4000
3536
1552
1004
1504
780
-964
-1136
-512
-2100
744
2328
2472
3124
4388
2124
1252
972
1552
-284
-1248
-848
-1456
-868
1844
2636
2352
4016
3308
1448
1176
1496
500
-1116
-1372
-448
-2148
1148
2312
2500
3488
3752
2128
1400
1224
1376
-912
-948
-772
-1400
-788
2100
2724
2596
4484
2892
1568
924
1716
276
-988
-1240
-980
-1884
1376
2548
2508
3620
3952
1704
1284
1132
1272
-988
-1172
-632
-1884
-184
2092
2740
2868
4388
2764
1368
1280
1560
-80
-1260
-992
-940
-1640
1536
2432
2552
3712
3864
1748
1212
1536
792
-868
-1056
-656
-1724
236
2184
2548
2884
4504
2640
1248
1040
1728
-220
-984
-972
-1172
-1312
1736
2624
2612
4112
3468
1584
1256
1452
856
-1060
-1132
-644
-2004
696
2188
2528
3044
4204
2148
1464
1204
1444
-480
-1212
-848
-1364
-1096
1944
2680
2420
4132
3080
1456
1304
1584
396
-828
-1140
-644
-1996
888
2296
2640
3200
4312
1984
1292
1356
1352
-548
-1108
-664
-1472
-496
2168
2580
2532
4456
3020
1524
1164
1636
120
-1148
-1120
-632
-1732
1176
2312
2544
3756
3912
1788
1368
1240
1304
-964
-1016
-660
-1792
-256
2124
2676
2736
4356
2688
1264
1204
1484
-112
-1140
-976
-1052
-1600
1576
2464
2780
3912
3676
1532
1000
1488
1148
-868
-1276
-744
-1936
304
2480
2752
3028
4236
2340
1588
1028
1996
-328
-1140
-1008
-1344
-1208
1900
2628
2508
4012
3324
1488
1336
1692
640
-1080
-1292
-504
-2120
700
2472
2552
2952
4408
1960
1416
1272
1356
-640
-1292
-976
-1240
-892
1916
2624
2460
3916
3080
1704
1128
1388
336
-988
-1172
-744
-1824
952
2380
2392
3416
4324
1864
1328
1144
1496
-608
-1184
-632
-1468
-480
2032
2520
2728
4484
2896
1524
1232
1524
360
-988
-988
-696
-2060
1460
2532
2572
3616
3820
1800
1048
1580
1328
-884
-1268
-880
-1696
-48
2168
2296
2628
4568
2720
1236
816
1480
116
-1240
-1116
-1096
-1752
1660
2340
2548
4076
3628
1760
1060
1360
1000
-832
-1040
-712
-1920
284
2360
2688
3120
4452
2456
1248
1120
1840
-220
-1000
-848
-1400
-1196
1900
2672
2616
3816
3628
1620
1112
1584
608
-704
-1164
-740
-2052
656
2340
2628
3272
4056
2088
1420
984
1724
-592
-1200
-852
-1488
-872
1908
2564
2432
4352
3132
1312
1216
1536
608
-1136
-1368
-868
-1852
1436
2412
2520
3228
4404
2036
1172
1472
1344
-700
-1040
-904
-1492
-640
2004
2788
2564
4480
2580
1652
1240
1704
376
-1120
-960
-1068
-1928
1620
2260
2620
3572
4140
1808
980
1368
1288
-492
-1468
-548
-1956
-84
2284
2496
2924
4364
2540
1276
1056
1660
-100
-1152
-1152
-1096
-1336
1460
2472
2536
3716
3636
1692
1332
1496
1040
-1048
-1388
-676
-1824
444
2484
2496
2848
4548
2484
1564
1184
1704
-292
-1364
-864
-1200
-1072
1840
2440
2616
3804
3308
1720
1212
1544
540
-824
-1064
-636
-2100
876
2248
2488
3104
4180
2236
1320
1292
1560
-676
-1160
-844
-1288
-872
1932
2516
2500
4104
3224
1656
1180
1576
252
-864
-1244
-664
-2176
1356
2496
2508
3480
4132
1752
1228
1392
1480
-588
-1228
-648
-1696
-404
2136
2588
2776
4252
2868
1464
984
1836
184
-972
-1088
-856
-1732
1524
2544
2536
3748
3780
1540
1272
1508
1096
-636
-1292
-776
-1972
196
2148
2720
2896
4408
2488
1256
1044
1820
-152
-1128
-1168
-1184
-1328
1940
2216
2600
3988
3484
1740
964
1412
1144
-868
-1088
-604
-2176
540
2160
2916
3076
4408
2028
1360
1236
1660
-212
-1084
-688
-1696
-1196
2152
2772
2892
4104
3264
1468
1032
1768
796
-664
-1532
-904
-2032
944
2300
2696
3560
4248
1748
1028
1248
1688
-684
-1212
-768
-1816
-600
2072
2608
2744
4004
2768
1548
1212
1632
188
-916
-1168
-904
-2180
1512
2456
2456
3652
3996
1964
976
1268
1344
-632
-1164
-800
-1844
-236
2376
2716
2788
4624
2532
1400
1264
1696
56
-996
-816
-860
-1784
1600
2472
2784
3696
3788
1664
1140
1632
788
-892
-1240
-488
-1928
164
2356
2428
2988
4304
2256
1292
1048
1436
-376
-1044
-1012
-1388
-1256
1636
2516
2660
4188
3548
1344
1212
1540
532
-1072
-1204
-564
-1972
620
2376
2624
3340
4376
2336
1300
1128
1616
-436
-1056
-716
-1516
-704
1924
2592
2780
4412
3176
1424
1036
1572
236
-776
-992
-904
-1876
1004
2384
2788
3536
4120
1668
1192
1204
1364
-740
-1240
-708
-1908
-344
2140
2620
2924
4156
2756
1204
1180
1580
-52
-1132
-988
-1144
-1744
1472
2704
2776
3648
3680
1748
1148
1484
1020
-748
-1024
-812
-1848
256
2472
2620
2976
4524
2452
1268
1164
1784
-120
-936
-1012
-1168
-1312
1716
2620
2644
4128
3288
1452
1036
1556
792
-1064
-1208
-932
-2096
520
2264
2704
3328
4512
2016
1260
1260
1424
-660
-1204
-996
-1652
-848
2076
2612
2572
4088
3328
1424
1028
1668
444
-876
-1088
-744
-1848
1072
2452
2328
3804
4004
1888
1344
1064
1496
-800
-1200
-716
-1684
-276
2188
2668
2740
4472
2816
1368
1104
1600
108
-1052
-1132
-884
-1732
1520
2428
2596
4020
3752
1704
1212
1420
1020
-836
-1344
-772
-2104
68
2260
2528
2884
4308
2392
1228
1320
1484
-280
-844
-1132
-1388
-1332
1804
2524
2516
4208
3704
1388
1140
1304
988
-740
-1212
-736
-2084
924
2256
2832
3440
4180
2288
944
1396
1784
-632
-1148
-896
-1412
-1004
2160
2656
2660
4464
3028
1400
1100
1540
456
-972
-1132
-860
-1868
1212
2420
2648
3572
3972
1644
1140
1200
1348
-620
-1176
-892
-1976
-304
2188
2716
2908
4352
2516
1404
1016
1604
152
-1116
-852
-1256
-1716
1624
2548
2704
4168
3716
1544
1088
1608
1208
-708
-1320
-732
-1996
184
2236
2660
3084
4580
2416
1308
1188
1532
-268
-976
-956
-1248
-1268
1824
2584
2572
4444
2976
1584
952
1424
864
-1324
-988
-748
-2288
1352
2228
2604
3372
4044
1800
1088
1276
1244
-568
-944
-788
-1812
-900
1980
2944
2860
4408
2664
1428
1080
1604
352
-1216
-1104
-832
-1864
1404
2532
2672
3796
3924
1596
1132
1592
1272
-776
-1144
-784
-1920
164
