# meta_json={"schema_version":4,"record_id":"20260928T181513_0800_fanA_r002","data_role":"formal","source_type":"real","device_id":"fanA","device_type":"fan","session_id":"fanA_rig01_12V_20260928","acquired_at":"2026-09-28T18:15:13+08:00","observed_condition":"added_mass","target_label":"unbalance","label_basis":"controlled_injection","label_confidence":"confirmed","fault_level":1,"fault_method":"tape_mass","tape_spec_id":"tape01","tape_count":1,"measurement_axis":"X","reference_gravity_axis":"Y","reference_gravity_sign":"+1","fixture_id":"rig01","sensor_module_id":"mpu01","sensor_mount_id":"fan_frame_top_left","installation_orientation_id":"x_measure_y_gravity","calibration_id":"uncalibrated","voltage_set_v":12.0,"firmware_build_id":"6db13e6","notes":"仅增加第1片胶带","fs_config_hz":1000,"window_samples":1024,"window_nominal_ms":1024.0,"capture_samples":20480,"capture_nominal_ms":20480.0,"afs_code":0,"frames":20,"first_seq":1,"last_seq":20,"lost_frames":0,"sample_id_gaps":0,"capture_mode":"fifo_continuous"}
3736
5736
-2156
3796
-80
-4292
3224
-2368
-1052
5804
-1168
5216
4512
-2172
4572
-1588
-3864
3396
-3616
1064
5088
-1304
6560
2700
-1872
5208
-2476
-2588
3080
-4496
2876
4456
-1332
7836
1596
-1348
4808
-4212
-752
2684
-4708
4332
2748
-568
8480
40
260
4196
-5196
568
1000
-4104
5844
1272
908
7596
-1252
1500
2596
-4788
2156
-360
-3292
5940
424
2544
7252
-2044
3100
860
-5452
3344
-1800
-1820
6308
-1032
4360
5088
-2616
4656
-480
-4308
3260
-3260
-68
5864
-1244
5900
4204
-2528
4928
-2076
-3360
3772
-4152
1896
4412
-1208
7248
2080
-988
4608
-3460
-1676
2536
-4280
3632
3432
-960
7856
412
-528
4892
-4700
-68
1480
-4604
5572
1792
324
7928
-880
932
3064
-4928
1636
352
-3736
5652
960
1684
7552
-1888
2656
1856
-5408
2744
-1488
-2368
6344
-548
4056
5652
-2180
3928
-456
-4116
3228
-2360
-744
5472
-1120
5568
4724
-2080
4688
-1868
-3752
3532
-3764
1532
5108
-1648
7120
2456
-2076
5396
-3436
-1956
2752
-4612
3504
3320
-844
8100
584
-580
4344
-4464
68
1584
-4244
4824
2160
4
7828
-368
640
3460
-5116
1204
532
-3660
6248
764
1496
7412
-1824
2940
1596
-5204
2940
-1696
-2196
6128
-452
4124
5732
-1932
3876
-216
-4404
3504
-2908
-500
5980
-1456
5760
4212
-2292
5124
-2300
-3408
3448
-3868
1452
4892
-1308
7260
2384
-1692
4740
-3096
-2076
2704
-4560
3364
3792
-1348
8148
856
-456
4484
-5088
272
1452
-4172
5120
1860
636
7692
-988
1148
3196
-5092
1820
-8
-3588
6496
0
2324
7444
-2064
3032
1096
-4992
3008
-1932
-2052
6496
-460
4232
5512
-2508
4308
-636
-4120
3468
-2912
-176
5460
-1368
6272
3748
-2096
4872
-2696
-2696
3060
-3940
2184
4372
-1252
7436
1800
-1360
5124
-4384
-912
2608
-4828
4380
2664
-164
8120
80
488
3832
-5080
700
816
-3972
5652
1332
1152
7544
-1420
1864
2324
-4860
2204
-904
-3280
6528
-332
3180
6752
-2328
3852
-288
-5036
3896
-2812
-548
5984
-1576
5488
4308
-2240
5112
-2072
-3620
3672
-4088
1460
5108
-1544
7408
2328
-1872
5168
-3584
-1732
3016
-4768
3900
3416
-760
8156
712
-296
4332
-4544
128
1504
-4372
5276
1756
680
8012
-1132
1448
2984
-5192
2036
-600
-3408
6464
52
2796
6704
-2200
3504
624
-4856
2948
-2340
-1164
6252
-1016
4800
4776
-2164
4804
-1584
-3872
3664
-3788
1172
5344
-1580
6992
2756
-1564
5100
-3420
-2184
2860
-4264
3032
3728
-940
8036
1112
-832
4520
-4544
-140
1820
-4584
5280
1768
312
8212
-1008
1108
2952
-5252
2076
-380
-3656
6508
160
2524
6884
-2160
3380
588
-5188
2980
-2212
-1420
6316
-924
4880
4992
-2460
4456
-1080
-4020
3528
-3616
908
5392
-1684
6912
3048
-1720
5168
-3388
-2224
2940
-4484
3452
3740
-772
7960
776
-720
4680
-4512
-208
1752
-4616
5360
1728
472
8564
-1172
1104
2956
-5484
2352
-828
-3464
6544
112
2860
6408
-1928
3252
652
-5080
2956
-2228
-1564
6396
-1104
5064
4936
-2768
4904
-1508
-3664
3588
-3956
1412
5108
-1472
7408
2668
-1576
4988
-3464
-1736
2572
-4260
3640
3208
-732
8032
580
-176
4388
-4844
708
872
-4128
5588
1092
1240
7500
-1000
1804
2184
-5088
1944
-740
-3104
6512
-532
3208
6592
-2424
3840
-168
-4680
3368
-3076
-288
5752
-976
5584
3980
-1732
4824
-2104
-3236
3736
-4220
1948
4548
-1248
7892
1636
-1148
5024
-4216
-692
2020
-4508
4856
2484
-92
8124
24
384
3824
-5144
1268
392
-4160
5936
696
2044
7568
-1868
2440
1516
-5360
3188
-1684
-2348
6332
-1024
4492
5652
-2688
4280
-912
-4040
3624
-3608
396
5492
-1508
7024
3136
-2040
5232
-3196
-2092
2928
-4932
3192
3636
-776
7992
1048
-724
4492
-4620
-440
1824
-4128
5220
2036
368
8008
-1048
1336
3104
-5392
1756
-640
-3404
6468
76
2820
6816
-2304
3304
256
-4616
3400
-2504
-1300
5864
-1060
5612
4676
-2364
4760
-2116
-3692
3796
-4040
1832
4760
-1476
7572
2024
-1532
5208
-3976
-1164
2424
-4648
4316
2736
-32
8328
-372
300
3744
-5124
1336
232
-3764
6028
936
1752
7648
-2012
2780
1520
-5132
2900
-1372
-2052
6424
-888
4144
5876
-2508
4532
-1044
-4092
3548
-3616
568
5624
-1360
6432
3164
-1948
4964
-3236
-2384
3360
-4300
2960
3696
-968
8228
668
-416
4504
-5132
196
1344
-3960
5396
1176
1140
7884
-876
1880
2052
-5080
2060
-908
-2996
6240
40
3176
6540
-2336
3888
-68
-4800
3704
-3152
-664
5992
-1252
6228
3972
-2364
4824
-2552
-3000
3364
-3876
1900
4600
-1392
7436
1964
-1248
5004
-4548
-1020
2352
-4860
4904
2236
68
8264
-876
1044
3256
-5228
1352
40
-3308
6188
360
2288
7156
-1652
3008
1064
-5216
3380
-2512
-1672
6676
-1104
5476
4656
-2464
4556
-1956
-3328
3628
-3784
1092
4864
-1216
7364
2548
-1660
5168
-3812
-1748
2680
-4560
4000
3060
-560
8108
120
216
3988
-5100
720
664
-4108
5808
912
1460
7568
-1624
2384
1996
-5416
2844
-1624
-2208
6448
-748
4168
5756
-2380
4644
-892
-4440
3416
-3232
408
5472
-1452
6568
3416
-2196
5172
-3200
-2588
3112
-4588
3252
3892
-1272
7892
832
-548
4432
-5348
-48
1576
-4336
5548
1220
496
7904
-1124
2032
2356
-5664
2144
-1052
-2784
6336
-128
3340
6512
-2348
3640
208
-4584
3484
-2896
-328
6068
-1340
5888
3992
-1816
5104
-2628
-2948
3040
-4164
2332
4692
-1072
7636
1356
-1164
4848
-4424
-548
1808
-4584
4860
2036
204
8328
-944
1148
3076
-5632
2028
-632
-3184
6436
-272
2840
6804
-2028
3336
564
-5056
3148
-2352
-1272
6500
-1316
5340
4932
-2608
5008
-2348
-3332
3672
-4328
2060
4680
-1440
7924
1788
-1344
4948
-4208
-1320
2204
-4420
4488
2888
-132
8020
-608
852
3500
-5408
1448
-32
-3496
5968
660
2352
7308
-1924
2720
940
-5124
3192
-2044
-1376
6304
-1256
5056
4948
-2272
5016
-1752
-3696
3680
-4464
1588
5244
-1320
7576
2168
-1580
4876
-3740
-1576
2816
-4528
3912
2964
-700
8456
352
168
4172
-5308
776
624
-3996
6320
1072
1488
7240
-1640
2480
1628
-5344
2848
-1952
-2012
5776
-496
4408
5768
-2280
4048
-1168
-4228
3760
-3596
788
5736
-1520
6684
2928
-1988
5384
-3192
-2528
3152
-4964
3664
3868
-1012
8600
288
-348
4616
-5272
700
1128
-4436
5744
1296
1304
8088
-1464
1996
2224
-5476
2460
-888
-2968
6668
-588
3792
6176
-2532
4276
-716
-4508
3548
-3512
60
5764
-1228
6184
3592
-2360
4888
-2824
-2872
3332
-4364
2828
4156
-1404
8100
1092
-584
4896
-5024
-132
1536
-4268
5192
1848
572
8160
-960
1120
3304
-5384
1788
-196
-3412
6592
-112
2936
6984
-2244
3760
372
-4736
3392
-2804
-756
5984
-1224
5436
4468
-2416
4940
-2228
-3496
3520
-4212
1980
4852
-1276
7748
1468
-1580
5324
-4160
-796
2244
-5084
4648
2352
108
8360
-588
716
3500
-5232
1240
364
-3460
6116
708
1772
7020
-1820
3048
1452
-5028
2884
-2172
-1728
6372
-724
4852
5212
-2256
4364
-1284
-4036
3668
-3596
812
5400
-1764
7320
2548
-1672
5200
-3744
-1892
2608
-4616
3688
3380
-600
7644
544
-348
4312
-4724
116
1268
-4548
5628
1224
1368
7864
-1480
2084
2140
-5236
2412
-892
-2668
6340
-504
3604
6320
-2176
4092
-412
-4396
3520
-3324
208
5696
-1200
6304
3472
-1912
5088
-2828
-2716
3040
-4164
2712
4156
-1252
8124
1204
-1020
4800
-4768
-192
1544
-4520
5244
1756
480
8044
-844
1088
3060
-5200
1872
-56
-3868
6496
116
2552
7368
-2444
3696
320
-5224
3768
-2652
-1084
6184
-988
5340
4356
-2144
4968
-1700
-3572
3272
-3916
1352
4984
-1284
7604
1984
-1692
5188
-4212
-1220
2352
-4476
4196
2568
-360
8068
-44
268
4000
-5000
640
460
-3992
5944
1228
1664
7376
-1608
2164
1800
-4848
2588
-1668
-2380
6420
-516
4132
5840
-2216
4384
-936
-4252
3520
-3232
460
5612
-1228
6504
3296
-1956
5228
-2988
-2244
2876
-4664
3196
3900
-652
7968
776
-532
4196
-4800
-188
1732
-3992
4980
1840
208
7928
-716
1316
2908
-5572
1948
-700
-3428
6428
-56
3136
6872
-2496
3316
-64
-4800
3724
-2644
-576
5980
-1628
5508
4292
-1724
5200
-2652
-3360
3496
-4020
2024
4816
-1480
7768
1540
-1308
4952
-3864
-1004
2364
-4604
4504
2420
-200
8212
-88
588
3484
-5096
1196
356
-3656
6404
728
2092
7236
-2104
2792
1448
-4888
2792
-1984
-2128
5888
-760
4604
5504
-2340
4248
-1164
-4128
3640
-3604
888
5464
-1636
6920
2720
-1624
5188
-3724
-1928
2864
-4564
3632
3456
-352
8204
236
-128
4188
-4472
248
1204
-4012
5288
1240
1140
8124
-1100
1800
2112
-5440
2392
-1156
-2552
6416
-528
3584
6100
-2160
3832
-456
-4448
3364
-3196
-112
6012
-1436
6288
3724
-2492
5328
-3052
-2428
3268
-4560
2868
3836
-720
8124
1052
-500
4316
-4724
-152
1640
-4340
5440
1704
376
7960
-1000
1424
3208
-5284
1700
-540
-3216
6408
428
3016
6588
-2272
3364
356
-4636
3356
-2832
-956
5884
-1284
5884
4616
-2436
4908
-2412
-3360
3400
-4180
1932
4904
-1572
7628
1844
-1344
4940
-4172
-1092
2208
-4864
4532
2776
-124
8424
-456
476
3588
-5332
1408
232
-3708
6184
320
2552
7152
-1992
3160
1020
-5220
3328
-2652
-1368
6340
-1088
5208
4908
-2352
4572
-1588
-3508
3456
-3876
1092
5092
-1176
7052
2328
-1648
4884
-3792
-1392
2524
-4496
4076
2824
-360
8052
-80
344
3944
-5044
500
756
-3500
5844
844
1620
7636
-1796
2740
1472
-4968
2996
-2288
-1532
6364
-788
4984
5176
-2056
4684
-1792
-3852
3400
-3592
1040
5064
-1248
7140
2552
-1836
5188
-3840
-1636
2888
-4708
3656
3196
-628
8288
96
56
4228
-5288
464
932
-3908
5784
1104
1228
7516
-1276
2268
1820
-5520
2744
-1584
-2292
6480
-536
4208
5696
-2484
4412
-816
-4212
3684
-3472
736
5428
-1656
6964
2988
-1672
5156
-3780
-2296
2784
-4500
3476
3460
-556
8132
528
-356
4296
-4864
188
1172
-4400
5904
872
1440
7912
-1552
2292
1680
-5336
2804
-1712
-2312
6536
-820
4352
5620
-2284
4160
-752
-4240
3440
-3228
288
5484
-1604
7020
3308
-1840
5132
-3436
-2172
3184
-4744
3788
3504
-760
8124
520
-316
4288
-5104
468
988
-4376
5684
1144
1544
7796
-1520
2044
1704
-4956
2592
-1328
-2644
6208
-680
4240
6292
-2600
4416
-916
-4624
3664
-3788
840
5612
-1476
6776
2864
-1816
5232
-3368
-2212
2976
-4648
3624
3424
-492
8504
276
-204
4112
-5036
860
772
-3948
5912
1068
1388
7904
-1364
2748
1664
-5324
2540
-1408
-2052
6412
-484
4168
5420
-2360
4472
-1096
-4032
3644
-4004
912
5144
-1532
7232
2868
-1548
4752
-3708
-1896
2656
-4436
3696
3388
-496
7908
188
76
4092
-5092
656
540
-4080
5936
920
1976
7396
-1588
2372
1716
-4876
2688
-1468
-1988
6260
-724
4872
5460
-2452
4548
-1620
-3432
3244
-3708
1112
4652
-1084
7152
2692
-1376
4648
-4188
-1728
2536
-4584
4348
2520
-444
8264
-244
508
3848
-5368
1244
20
-3928
6172
552
2216
7516
-1776
2568
1068
-5164
3352
-1892
-1640
6568
-1384
5336
5024
-2204
5044
-2252
-3540
3576
-3992
1920
4740
-1048
7408
1988
-1200
4636
-3872
-1248
2192
-4596
4460
2564
160
8168
-304
928
3092
-5388
1496
-44
-3320
6156
28
2628
6904
-1976
3360
232
-4972
3380
-2548
-664
6044
-1268
5776
4096
-2064
4976
-2548
-3120
3176
-4120
2280
4240
-860
7828
1628
-1092
4660
-4556
-688
1976
-4892
5444
1964
436
8392
-1140
1436
2644
-5392
2168
-612
-2888
6108
-316
3420
6424
-2216
3948
-596
-4780
3552
-3384
480
5884
-1604
6740
3196
-2088
5076
-3512
-2156
2744
-4824
3228
3552
-744
8192
684
-220
4232
-5212
392
1208
-3988
5760
1160
1264
7808
-1564
2360
1828
-5148
2868
-1980
-2148
6296
-764
4828
5156
-2260
4340
-1232
-3988
3572
-3636
964
5148
-1548
7428
2536
-1712
5128
-4124
-1504
2564
-5068
4508
2664
-152
8300
-496
568
3420
-5084
1024
204
-3672
6040
476
2256
7024
-1716
3184
676
-5064
3036
-2532
-948
6188
-1260
5632
4380
-2076
4804
-2288
-3208
3256
-4328
2232
4676
-1280
7892
1564
-1140
4976
-4568
-444
1764
-4396
5156
1672
556
7976
-584
1360
2492
-5096
1616
-556
-2988
6316
-320
3388
6628
-2512
4096
-1056
-4532
3828
-3540
660
5188
-1436
6856
3332
-1524
4992
-3300
-2756
2788
-4556
3756
3988
-988
8420
264
-244
4748
-5368
1220
540
-4192
6032
980
2212
7764
-1864
2336
1356
-5112
2940
-1692
-1708
6228
-1060
4852
4748
-2292
4828
-1996
-3712
3136
-3996
1780
4540
-1196
7660
1704
-1456
4840
-4496
-972
1880
-4444
5168
2016
72
8412
-900
1540
3000
-5444
2032
-948
-2960
6372
-124
3604
6448
-2096
3592
-76
-4572
3536
-3064
-252
6136
-1692
6720
3612
-1964
5396
-3828
-2180
2820
-4712
3560
3472
-420
8068
448
-72
3940
-5144
672
612
-3984
5816
628
2032
7564
-1712
2808
1148
-5268
2816
-2300
-1428
6404
-936
5072
4940
-2444
4752
-1820
-3564
3624
-4324
1932
4880
-1296
7892
1524
-1004
4892
-4648
-588
1992
-4664
5112
1892
584
8300
-1252
1376
2852
-5168
1940
-936
-2964
6464
-268
3536
6400
-2184
4060
-556
-4788
3764
-3572
200
5848
-1412
6936
2960
-2184
5412
-3392
-2136
3004
-4800
3556
3652
-704
8640
152
-116
3824
-5244
820
768
-3900
5912
820
1940
7784
-1736
2732
1172
-5328
2992
-2180
-1416
6672
-1260
5228
4752
-2572
5380
-2476
-3156
3632
-4960
2352
4360
-940
8056
1168
-1100
4448
-4376
-996
1892
-4528
5068
1864
628
7980
-1164
1576
2372
-5172
2168
-1044
-2808
6288
-608
3916
6268
-2280
4236
-872
-4648
3728
-3524
440
5692
-1376
6920
3060
-1992
5132
-3448
-1792
2656
-4592
3540
3024
-280
8536
144
344
3392
-5280
896
600
-3460
5932
440
2048
7312
-1716
2832
1256
-5084
3068
-2468
-1364
6272
-988
5548
4912
-2620
4556
-2156
-3284
3604
-4168
2056
4264
-1248
7976
1472
-660
4968
-4800
-568
1576
-4464
5404
1736
1100
8168
-1364
1444
2448
-5108
2464
-1000
-2700
6224
-856
4008
6472
-2236
4328
-1136
-4436
3752
-3752
732
5416
-1364
7012
2748
-1940
4864
-3640
-1852
2700
-4768
4144
2808
-484
8632
-152
516
3472
-5668
1712
-48
-3536
6112
144
2860
6828
-1716
3164
740
-4976
3040
-2504
-1076
6240
-1104
5772
4604
-2380
4708
-2324
-3060
3860
-4916
2544
4356
-1104
8200
1040
-936
4836
-4776
-456
1604
-4772
5892
1252
788
8076
-1252
1884
2216
-5660
2496
-1412
-2584
6188
-340
4176
5844
-2544
4176
-872
-4328
3484
-3564
556
5188
-1544
7276
3200
-2028
5176
-4212
-1516
2888
-5136
4932
2324
76
8260
-488
956
3424
-5192
1256
128
-3528
6120
548
2540
7168
-2192
2900
944
-5040
3316
-2704
-996
6272
-1380
5916
4188
-2268
5068
-2632
-3020
3400
-4792
2908
3964
-1088
8080
984
-500
4524
-5036
20
1364
-4224
5560
1132
1412
8068
-1148
1808
1876
-5300
2652
-1452
-1984
6192
-752
4296
5760
-2232
4436
-1208
-4168
3488
-3692
1160
5428
-1436
7404
2468
-1696
5268
-4312
-1252
2464
-4576
4344
2212
188
8056
-332
584
3304
-5344
1328
-40
-3592
6600
4
2780
7156
-2256
3636
60
-4960
3436
-2868
-332
5700
-1208
6288
3836
-2032
5048
-2760
-2788
2820
-4748
3012
4188
-760
8044
764
-676
4364
-4908
448
1384
-4352
5712
900
1592
7800
-1776
2524
1608
-5212
2596
-2052
-1532
6196
-796
4920
5188
-2416
4216
-1760
-3724
3500
-4092
1724
4688
-1208
7848
1908
-1520
5140
-4604
-912
1992
-4724
5184
1976
356
8344
-1108
1480
2736
-5560
2332
-704
-2804
6440
-420
3828
6484
-2424
4056
-472
-4528
3540
-3520
272
5792
-1456
6952
3288
-2232
4988
-3488
-2140
3048
-4692
3804
2952
-760
8540
56
336
3740
-5492
968
-68
-3876
6404
508
2388
7244
-1856
2824
656
-4420
3068
-2484
-1456
6104
-1012
5756
4276
-2220
5196
-2884
-3040
3552
-4560
2744
4272
-1008
8316
732
-588
4780
-4516
-276
1624
-4504
5344
1572
1008
8124
-1576
1940
2084
-5500
2744
-1732
-1908
6144
-748
4616
5384
-1976
4344
-1264
-4072
3184
-4048
1312
5320
-1312
7460
2196
-1628
5100
-4164
-1116
2176
-4668
4864
2348
112
8292
-520
1020
3060
-5196
1356
-376
-3280
6652
-52
3448
6392
-2444
4036
-196
-4408
3580
-3604
148
5588
-1028
6720
3260
-1892
4936
-3396
-2336
3064
-4376
3580
3216
-820
8404
280
32
4332
-5736
1140
160
-4012
6568
316
2676
7192
-2228
3300
520
-4752
2980
-2120
-1108
5772
-952
5444
4616
-2052
5036
-2436
-3316
3384
-4524
3012
4084
-1100
8276
756
-560
4536
-4864
228
1116
-4432
5732
1224
1500
7844
-1648
2332
1920
-5604
2736
-1996
-2160
6552
-924
5252
5072
-2640
4756
-2020
-3568
3256
-3892
1940
4620
-1340
7552
1736
-1104
4752
-4756
-504
1876
-4568
5192
1764
908
8036
-1220
1632
2500
-5284
2148
-1204
-2568
6396
-572
4212
5944
-2596
4500
-1360
-3892
3748
-4184
1332
4828
-1352
7644
2244
-1232
4732
-4340
-1560
2244
-4584
4692
2696
-396
8428
-808
1084
3420
-5728
1884
-1128
-3000
6376
-240
3804
6480
-2420
3752
-612
-4364
3696
-3412
248
5624
-1504
6860
3272
-1900
5460
-3980
-1988
2600
-4804
4380
2836
72
8356
-236
460
3480
-5088
1324
-12
-3780
6336
44
3148
7004
-2420
3708
-20
-4812
3540
-3520
-12
5944
-1140
6492
3432
-2080
4884
-3292
-2200
2924
-4464
3412
2948
-304
8248
360
236
4004
-5464
856
104
-3664
6436
584
2588
6916
-2020
3148
920
-4872
3112
-2784
-1220
6128
-1128
6132
4320
-2504
4996
-3256
-2672
3504
-4748
3548
3548
-1032
8320
236
276
4036
-5324
476
608
-4108
5964
856
2316
7360
-2476
2812
1148
-4988
3420
-2748
-1132
6020
-1296
5728
4832
-2332
4568
-2720
-3412
3688
-4700
3304
4100
-1184
8304
504
48
4576
-5408
784
648
-4048
5720
760
2488
7636
-1728
2408
1112
-5048
2944
-1928
-1484
6392
-1428
5512
4908
-2256
5068
-2756
-3128
2980
-4716
2876
4428
-932
8040
792
-752
4660
-5068
340
1012
-4552
5732
1140
1600
7784
-1668
2316
1576
-5656
2956
-1996
-1596
6432
-1232
5340
4792
-2204
5032
-2332
-3160
3180
-4424
2368
4396
-728
7912
1004
-604
4468
-4636
-392
1524
-4568
5516
1448
1076
8420
-1616
2028
2236
-6016
3092
-2120
-1936
6744
-1212
4896
5104
-2292
4784
-2108
-3752
3240
-4108
1680
4768
-1124
7764
1784
-1520
4888
-4940
-404
1936
-4656
5480
1524
988
8136
-1276
1876
2300
-5468
2460
-1620
-2268
6660
-736
4616
5432
-2208
4468
-1300
-3884
3580
-4084
1464
4624
-1096
7672
1672
-1100
4808
-4508
-876
1808
-4440
5128
1808
556
8360
-1080
1572
2320
-5576
2484
-1272
-2748
6812
-804
4304
5836
-2544
4692
-1520
-3960
3612
-4104
1460
4952
-1204
7644
2424
-1428
4884
-4332
-1352
2468
-4468
4980
2104
124
8384
-728
1324
3032
-5600
2068
-1088
-3004
6712
-636
4236
6280
-2584
3924
-1056
-4116
3876
-3888
896
5012
-1544
7216
2748
-1396
5008
-4272
-1504
2188
-4792
4668
2744
96
8288
-1040
1104
3252
-5636
2096
-756
-3184
6588
-644
3532
6836
-2140
4256
-992
-4676
3572
-3816
584
5768
-1060
6840
2912
-2144
5144
-3328
-2032
3072
-5092
4160
2656
-368
9204
-624
1060
3232
-5900
2068
-1048
-3164
6784
-340
3452
5956
-2080
3812
-188
-4304
2864
-2808
-412
5764
-1260
6576
3672
-2364
5616
-3724
-2192
2908
-5008
4328
2792
-328
8296
0
644
3264
-4992
1228
-104
-3400
6156
132
2788
7156
-1944
3568
-40
-5076
3428
-3152
-128
6124
-1576
6548
3504
-1792
5180
-3468
-2288
2776
-4936
3520
3264
-352
8572
-120
92
3636
-5608
1276
276
-3896
6284
-108
2712
7212
-2440
3780
0
-5068
3876
-3344
-40
5768
-1176
6436
3572
-1820
4728
-3124
-2512
2796
-4348
3468
3668
-644
8208
416
192
4000
-5648
1328
-60
-3696
6200
72
2952
7284
-2316
3396
508
-5068
3344
-2916
-608
6276
-1476
6120
3984
-2044
5060
-3500
-2580
3320
-5112
3700
3288
-716
8392
-8
248
3764
-5056
668
472
-3880
6188
472
2380
7676
-2188
3224
532
-5228
3688
-2844
-632
6000
-1420
6028
4336
-2284
5080
-2812
-2772
3004
-4732
3288
3692
-664
8272
172
8
3928
-5372
944
484
-4056
6068
508
2232
7556
-1824
2936
640
-5328
3232
-2488
-1144
6468
-1420
5864
4424
-2448
5140
-2776
-2932
3324
-5036
3256
3856
-604
8288
740
-16
3848
-5100
400
856
-3808
5924
668
2044
7488
-1904
3052
1192
-5036
3348
-2968
-1292
6272
-1212
6332
4352
-2172
4516
-2532
-2836
3156
-4408
2884
3924
-1072
8076
708
-272
4324
-5368
740
472
-4344
5964
780
2508
7424
-1784
2656
996
-4992
3016
-1944
-1416
6288
-1196
5504
4924
-2292
5056
-2536
-3048
3332
-4516
2508
4332
-712
8252
996
-628
4584
-4976
224
1332
-4328
5480
1188
1128
8160
-1672
2428
1692
-5532
2872
-2196
-1688
6460
-936
5072
4988
-2456
4368
-1952
-3616
3740
-4264
2120
4244
-1272
8044
1120
-600
4700
-4952
-124
932
-4112
5428
1400
1620
7592
-1316
2056
1924
-4992
2364
-1676
-2076
6448
-740
4652
5640
-2232
4384
-1772
-3996
3472
-4032
1768
4664
-1368
7744
1632
-1064
5168
-4908
-656
1748
-4788
5400
1764
880
8152
-1260
1524
2532
-5452
2252
-1296
-2648
6652
-768
4500
5660
-2380
4488
-1216
-4004
3800
-4312
1280
5240
-1676
7740
2240
-1280
5012
-4724
-988
2168
-4740
5232
1912
552
8180
-1340
2304
2720
-5580
2276
-1688
-2488
6464
-464
4344
5924
-2472
3968
-892
-4072
3396
-3968
1004
5056
-1224
6984
2468
-1340
4912
-4244
-1644
2420
-4776
4664
2584
112
8368
-708
904
3320
-5272
1884
-536
-3212
6232
-352
3624
6724
-2284
4036
-372
-4812
3904
-3840
836
5740
-1600
7484
2480
-1592
5040
-3876
-1708
2464
-4672
4148
3328
-392
8304
-124
156
4088
-5832
1828
-172
-3804
6532
-156
3364
6672
-2124
3576
-216
-4632
2940
-2792
-20
5772
-1568
6408
3540
-2108
5484
-3468
-2084
2712
-4996
3656
3436
-232
8652
200
-24
3524
-5120
1184
604
-3632
5924
416
2324
7596
-2188
3616
544
-5436
3456
-3168
-668
6280
-1536
6264
3816
-2304
5152
-2704
-2964
3228
-4564
2644
3844
-1068
8412
852
-676
4448
-5424
404
896
-4084
6088
732
1500
7452
-1600
2792
1336
-5040
2908
-2220
-1580
6224
-720
5448
4996
-2480
4728
-2104
-3684
3928
-4440
2276
4536
-1680
8236
1224
-456
4852
-5084
-272
1264
-4432
5396
1676
908
7980
-1560
1580
2676
-5384
2656
-1476
-2892
6540
-796
4468
5984
-2660
4540
-1348
-4096
3820
-4012
1356
5092
-1580
7620
2036
-1212
4944
-4056
-1656
2320
-4564
4948
2376
-100
8456
-868
1196
3144
-5508
2164
-952
-2968
6780
-448
3496
6392
-2048
3952
-368
-4616
3540
-3380
132
5848
-1420
6836
3052
-2076
5428
-3668
-2124
2388
-4872
4096
3328
-552
8268
-68
308
3876
-5340
968
564
-3796
6004
280
2480
7460
-1984
3384
700
-5172
3420
-2832
-804
6352
-1492
5848
4416
-2264
5104
-2412
-3192
3512
-4464
2744
4144
-1044
8360
728
-548
4476
-5180
452
1080
-4404
5772
1240
1604
7752
-1816
2348
1724
-5152
2536
-1856
-2056
6428
-1032
5136
5472
-2804
4760
-2000
-3520
3660
-4484
1824
4724
-1220
7956
1580
-1036
4624
-4444
-972
1916
-4364
5232
2084
308
8160
-1076
1724
2832
-5332
2120
-1432
-2512
6648
-640
4284
5784
-2384
4008
-932
-4088
3712
-3728
772
5368
-1800
7672
2444
-1656
5088
-4388
-1472
2240
-4764
4720
2508
168
8136
-644
876
3072
-5208
1400
-120
-3444
6580
-304
3216
7012
-2672
4168
-192
-4668
3528
-3496
-56
5880
-1344
6580
3732
-2060
4916
-3036
-2660
3076
-4636
3760
3544
-744
8356
240
180
3980
-5384
1276
232
-3820
5880
536
2396
7336
-1896
3020
892
-5172
3040
-2512
-1080
6228
-1368
5620
4228
-2228
4988
-2344
-3348
3348
-4672
2860
4108
-936
8188
1036
-868
4492
-4896
-96
1800
-3804
5472
1052
888
7796
-1128
2568
2452
-5460
2288
-2004
-2172
6664
-580
5024
5396
-2756
4316
-1260
-3720
3724
-4092
1356
4856
-1544
7968
1996
-848
4784
-5020
-1052
1876
-4404
5588
1796
68
7856
-1020
1340
3108
-4940
1700
-828
-3352
6024
132
3404
6528
-2120
3732
-516
-4836
3700
-2980
612
5464
-1888
6824
3280
-1588
5488
-3856
-2040
2584
-4672
4172
3300
-156
8148
160
-156
3800
-5320
1100
348
-3856
6224
356
2360
7296
-1888
3552
476
-5604
3404
-2648
-752
6152
-1548
6036
3932
-2556
4968
-2684
-3208
3172
-4580
3016
3904
-1000
8344
976
-544
4304
-4832
104
1256
-4468
5856
1176
1448
7984
-1464
2264
1752
-5380
2604
-1644
-1924
6504
-904
4936
5220
-2416
4984
-1840
-3660
3504
-4468
1860
4848
-1272
7848
1604
-1276
4756
-4408
-680
2036
-4544
4716
1952
784
7996
-656
1676
2496
-5400
1500
-588
-2696
6476
-372
3652
6468
-2512
4132
-748
-4016
3532
-3872
700
5212
-1048
6948
3020
-1404
4624
-3428
-2264
2892
-4296
3660
3124
-504
8388
148
184
3956
-5516
968
196
-3888
6652
452
2412
7064
-2424
3476
636
-5108
3440
-2928
-828
5876
-1368
6228
4060
-2140
4636
-2692
-2808
2960
-4284
2920
4028
-892
8028
624
-140
4364
-4936
480
588
-4264
5904
1180
1984
7524
-1792
2420
1732
-5168
2812
-1816
-1860
6356
-1308
5224
5120
-2396
4872
-1968
-3432
3416
-4592
2244
4712
-1248
7824
1372
-1056
4756
-4612
-680
1744
-4680
5212
1500
748
8284
-1432
1836
2516
-5716
2532
-1480
-2352
6672
-756
4496
5608
-2176
4220
-1064
-4048
3248
-3608
800
5436
-1468
7248
2412
-1596
5336
-3928
-1372
2360
-4948
4884
2636
88
8516
-772
1108
3192
-5408
1672
-368
-3188
6232
-152
3280
6564
-2368
3940
-260
-4752
3404
-3432
228
5596
-1352
6904
3336
-2168
4932
-3392
-2136
2948
-4492
3848
3216
-548
8308
28
480
3840
-5268
1268
4
-3768
6248
364
2596
7136
-1804
3104
520
-4992
3192
-2412
-952
6256
-1544
6260
4040
-2364
5400
-3152
-2772
3148
-4792
3464
3568
-700
8396
476
-256
3984
-4808
544
956
-4300
6092
648
1788
8096
-2080
2956
964
-5528
3240
-2512
-1224
6364
-1048
5284
4648
-2476
4848
-1872
-3484
3428
-4736
2252
4580
-1076
8228
1100
-696
4680
-4876
-228
1468
-4176
5744
1204
1316
7804
-1400
1904
1944
-5096
2572
-1732
-2424
6744
-1260
4920
5552
-2560
4968
-2256
-3932
3776
-4200
1700
4616
-1424
7832
1628
-1172
5016
-4504
-1056
2004
-4880
5244
2012
892
8344
-1468
1724
2356
-5024
2528
-1272
-2444
6236
-628
4448
6016
-2168
4220
-1304
-4200
3652
-3832
1156
5408
-1596
7720
2216
-1328
5144
-4108
-1500
2112
-4896
4900
2644
112
8300
-884
1032
3068
-5592
2036
-484
-3400
6612
-564
3700
6572
-2688
4204
-744
-4364
3656
-4148
692
5344
-1284
7496
2624
-1640
5020
-3840
-1524
2764
-4452
3936
2760
-160
8608
-236
760
3540
-5524
1532
-560
-3204
6576
160
3032
6836
-2176
3548
144
-4780
3536
-3328
-316
5988
-1528
6628
3280
-1836
5284
-3660
-2588
2876
-4764
4168
2968
-508
8372
-80
240
4156
-5308
1400
-112
-4164
6576
380
2916
7248
-2052
3056
432
-4740
3404
-2788
-464
6076
-1660
6492
3872
-2112
5244
-3324
-2476
2876
-4752
3660
3916
-452
7880
468
-132
3872
-4764
312
716
-4172
5876
1020
1988
7612
-2048
3052
736
-5380
3424
-2912
-1088
6224
-1304
6096
4124
-2248
4896
-2488
-3020
3128
-4544
2868
4212
-1040
8188
860
-612
4636
-5408
616
836
-4512
6128
968
1864
7588
-1996
2684
1384
-5444
2960
-2216
-1164
6392
-1328
5620
4428
-2388
5092
-2444
-3184
3276
-4888
2912
4196
-880
8228
976
-612
4644
-4860
-96
1080
-4472
5872
1316
1364
7876
-1696
2336
1816
-5788
3324
-2228
-1924
6856
-1504
5292
5064
-2304
4636
-2040
-3420
3480
-4048
2040
4664
-1304
7776
1856
-1032
4844
-5076
-396
1728
-4616
5620
1432
1288
8040
-1560
1956
1980
-5512
2560
-1608
-2356
6340
-1020
4856
5440
-2212
4824
-1856
-3856
3404
-4436
2072
4716
-1536
7900
1632
-1168
4964
-4396
-732
1692
-4756
5268
1964
824
8308
-1256
1724
2256
-5256
2752
-1664
-2444
6320
-816
4720
5728
-2356
4404
-1428
-4312
3848
-3912
1100
5188
-1368
7664
2204
-1528
5112
-4436
-912
1796
-4668
5188
1956
548
8224
-1140
1488
2556
-5460
2360
-976
-2976
6340
-524
4044
6164
-2712
4320
-1116
-4004
3588
-4048
764
5180
-1028
7308
2456
-1652
4916
-4128
-1316
2596
-4692
4928
2116
372
8284
-936
1152
3100
-5112
1664
-768
-3040
6372
-60
3472
6692
-2368
4000
-644
-4616
3788
-3852
680
5376
-1324
6932
2836
-1452
4912
-3676
-2108
2484
-4600
4700
2640
-100
8136
-444
612
3308
-5348
1608
-428
-3584
6312
-24
3236
6844
-2132
3532
-92
-5108
3688
-3008
-240
5972
-1816
6608
3788
-2212
5552
-3580
-2184
2852
-5132
3948
3256
-56
8396
-228
496
3396
-5092
1300
264
-3596
5824
208
2432
7320
-2160
3400
300
-5212
3344
-3076
-492
6180
-1684
6452
3632
-2164
5388
-3404
-2376
2948
-5092
3544
3712
-432
8492
192
16
4004
-5044
708
804
-4004
6092
428
2360
7676
-2276
3496
972
-5184
3220
-3100
-796
6468
-1056
6044
4112
-2368
4932
-2548
-3032
3204
-4496
2624
4064
-956
8136
748
-420
4220
-5128
252
624
-4204
5864
1208
1820
7544
-2020
2768
1180
-5252
3104
-2296
-1608
6444
-1184
5584
4844
-2536
5220
-2332
-3440
3316
-4680
2916
4388
-968
8264
724
-408
4464
-4776
188
1208
-4476
5792
1108
1612
8000
-1748
2504
1596
-5440
2692
-2076
-1684
6424
-1188
5024
4888
-2324
4788
-1928
-3452
3016
-4160
1900
4536
-1000
7936
1332
-1024
4516
-4880
-124
1504
-4448
5320
1628
1084
7992
-1384
2052
2320
-5688
2700
-1408
-2508
6688
-452
4472
5700
-2652
4596
-1208
-3812
3712
-3964
1152
5188
-1208
7852
2064
-1368
4864
-4508
-1204
2112
-4540
5200
2080
216
8140
-1176
1636
2836
-5724
2160
-1124
-3016
6612
-576
3876
6056
-2304
4188
-1056
-4596
3408
-3764
872
5416
-1416
7132
2212
-1304
5160
-4096
-1324
2204
-4812
4856
2448
408
8412
-784
848
2924
-5200
1856
-508
-3216
6612
-408
3520
6740
-2296
4188
-664
-4564
3532
-3300
312
5808
-1640
7132
2964
-1960
5160
-3600
-1848
2552
-4712
3944
3108
-472
8376
-92
608
3524
-5668
1396
-20
-3688
6340
116
2908
6808
-2012
3660
312
-4960
3268
-2808
-500
6244
-1248
6580
3688
-2320
5244
-3160
-2268
3056
-4828
3588
3076
-168
8428
252
332
3484
-4908
532
588
-3892
5980
432
1940
7804
-2228
3284
736
-5388
3512
-3108
-880
6452
-1184
6092
3884
-2244
4712
-2632
-2836
3328
-4540
2720
3792
-1152
8456
1036
-500
4424
-5152
316
1036
-4336
5992
1336
1644
7884
-1904
2588
1568
-5148
2772
-1928
-2004
6480
-1116
5364
5176
-2664
4956
-2472
-3348
3552
-4628
2300
4328
-1244
8124
1280
-804
4580
-4672
-640
1752
-4280
5268
1616
640
8132
-1184
1680
2576
-5436
2292
-1484
-2816
6904
-640
4624
5692
-2216
4552
-1292
-3888
3348
-3528
1368
4900
-1272
7696
2232
-1440
5140
-4516
-832
2132
-4788
4904
2052
508
8340
-712
1268
2964
-5164
1572
-552
-2936
6140
-284
3352
6524
-2268
3928
-632
-4716
3504
-3584
412
5516
-1384
6804
2964
-1964
5024
-3432
-2048
2756
-4820
3884
2944
-344
8384
-156
392
3700
-5224
1280
140
-3776
6412
236
2676
6944
-1968
3428
392
-4924
3032
-2668
-736
6140
-1388
6344
3616
-2228
5248
-3144
-2448
2980
-4768
3396
3488
-908
8208
576
-272
4356
-4860
220
1184
-4280
5748
1180
1312
7844
-1760
2580
1348
-5300
3216
-2220
-1460
6232
-1056
5648
4616
-2156
4808
-2208
-3440
3356
-3812
1840
4396
-1296
8140
1724
-1208
4908
-4908
-220
1460
-4796
5628
1512
1148
7916
-1164
1732
2112
-5076
2308
-924
-2704
6340
-812
4200
6208
-2276
4424
-1088
-4608
3468
-3764
1160
5432
-1632
7148
2596
-1964
5412
-3764
-1244
2464
-5232
4496
2732
100
8640
-536
1068
2728
-5836
1864
300
-2916
6600
-676
2920
6568
-2088
4156
-52
-4452
3400
-3776
-228
5776
-892
6936
3132
-2392
4608
-2908
-2028
3304
-4556
3168
3036
-804
8456
516
48
3960
-5396
976
564
-3896
6296
388
2056
7116
-2080
2824
1128
-4600
3100
-2596
-1608
6228
-1200
5812
4756
-2356
4864
-2684
-3336
3648
-4184
2456
4232
-1200
7952
772
-548
5036
-4556
204
940
-4524
5884
1256
1652
7568
-1656
2348
1860
-5016
2660
-1548
-2192
6244
-880
4548
5556
-2420
4692
-1460
-4184
3776
-4252
1708
5048
-1592
7276
1980
-1564
5204
-4316
-960
2092
-4820
4824
1824
500
8292
-832
1276
2660
-5308
2116
-616
-2716
6436
-416
3496
6304
-2188
4256
-308
-4452
3528
-3488
352
5364
-1524
6896
2808
-1920
5024
-3408
-1844
2860
-4592
3748
3108
-304
8356
-60
416
3488
-5168
1232
472
-3672
6080
100
2396
7232
-2320
3612
492
-5032
3212
-3060
-600
5908
-1104
6080
3928
-2332
4940
-2848
-2688
3660
-4480
3012
3696
-1072
8288
884
-184
4292
-4768
-56
1240
-4028
5632
1224
1412
7656
-1640
2364
2052
-5272
2836
-1976
-1972
6580
-1156
5176
5200
-2496
4732
-2016
-3368
3420
-4508
2076
4400
-1116
7532
1476
-984
4956
-4344
-828
2116
-4460
4996
2072
364
8168
-1052
1604
2800
-5268
2348
-936
-2728
6264
-372
3364
6388
-2440
4156
-380
-4452
3872
-3600
80
5928
-1712
7324
2820
-1900
5492
-3720
-1736
2848
-4640
4092
2808
-524
8252
16
364
3768
-5220
1172
152
-3796
6436
68
2604
7004
-2288
3320
528
-4604
3532
-2580
-752
5904
-1264
5776
4196
-2204
4856
-2468
-3040
3396
-4460
2760
3932
-948
8032
1024
-872
4700
-4792
-112
1568
-4468
5580
1244
952
7976
-1612
1984
2192
-5188
2920
-1556
-2492
6392
-1024
4500
5636
-2384
4452
-1408
-3952
3716
-3876
1200
4992
-1392
7136
2332
-1456
5036
-3924
-1296
2308
-4588
4332
2344
48
8260
-400
568
3612
-5320
1712
16
-3212
6476
-420
3156
6588
-2024
3836
224
-4492
3344
-3104
-396
5972
-1352
6236
3804
-2044
5108
-2804
-2776
3376
-4476
3132
3676
-1044
7952
496
-416
4396
-4728
136
1140
-4480
5676
1128
1432
8032
-1740
2264
1720
-5092
3084
-1700
-1860
6352
-1260
4688
5160
-2156
5052
-1932
-3676
3648
-4356
1756
4960
-1268
7664
1772
-1488
5216
-4140
-932
2240
-4584
4952
2340
68
8272
-664
1132
3324
-5120
1960
-616
-3124
6316
-136
3168
6512
-2288
3836
48
-4544
3356
-3060
-428
6088
-1716
6524
3636
-2108
5436
-3548
-2388
3252
-4704
3636
2984
-676
8284
372
-52
3988
-4820
248
1188
-4128
5308
1176
1340
8028
-1992
2556
1840
-5360
3120
-2084
-1724
6796
-1432
5084
5100
-2484
4960
-1760
-3384
3284
-3948
1428
4708
-972
7240
2344
-1776
4792
-4028
-1336
2500
-4536
4632
1988
-36
8176
-652
992
3060
-5484
1864
-396
-3232
6348
-376
3476
6816
-2360
3528
184
-4392
3660
-2928
-568
5868
-1556
6512
3788
-2248
5300
-3052
-2500
3092
-4888
3444
3592
-552
8056
460
-204
4132
-4428
56
1312
-4204
5520
1160
1132
7968
-1900
2352
1740
-4984
3108
-2188
-1896
6292
-1100
4700
5192
-2196
4356
-1624
-3816
3980
-4128
1312
4828
-1364
7760
1788
-1436
5456
-4168
-664
2244
-4996
4828
2168
528
8404
-776
1144
2980
-5216
1752
-244
-3044
6236
-120
2788
6748
-2284
3868
356
-4576
3136
-2956
-452
6164
-1212
5992
3736
-2260
5296
-2996
-2336
3056
-4652
3396
3348
-760
7936
624
-32
4156
-4848
112
1232
-4192
5976
1180
1036
7704
-2032
2684
2136
-5240
3168
-2044
-2080
6328
-944
4924
5608
-2304
3980
-1188
-3928
3604
-3304
1220
5156
-1684
7012
2440
-1396
5180
-3624
-1620
2224
-4764
4600
2860
56
8028
-1004
596
3752
-5260
1984
-468
-3536
6060
-224
2864
6896
-2112
3352
312
-4852
3280
-2396
-836
5984
-1260
5400
4256
-2300
5228
-2244
-3132
3404
-4760
3044
4008
-920
7976
744
-556
4512
-4812
208
1512
-4368
5272
1356
932
8064
-1232
2072
2300
-5288
2704
-1284
-2420
6596
-816
4432
5568
-2516
4220
-944
-3884
3544
-3884
560
5272
-1436
6760
2948
-1956
5260
-3744
-1996
3028
-4628
4108
2848
-532
8440
-208
468
3848
-5088
1320
180
-3708
6024
296
2424
7056
-1836
2628
1088
-4788
2868
-1972
-1400
6384
-1316
5384
4652
-2300
5328
-2616
-3244
3372
-4224
2156
4492
-1208
7600
1436
-1260
5160
-4320
-720
1832
-4492
5172
2032
408
8156
-1116
1192
2844
-5252
2412
-696
-2940
6196
-552
3520
6324
-2000
3820
-116
-4620
3388
-3044
112
5784
-1636
6588
3380
-2056
5128
-2984
-2260
3172
-4536
3344
3428
-880
8148
628
-276
4292
-5088
488
812
-4148
6072
716
1272
7464
-1788
2648
1752
-5236
2892
-1716
-2476
6352
-808
4524
5816
-2892
4340
-1088
-4156
3876
-3512
828
5056
-1808
6976
2652
-1720
5372
-3832
-1444
2372
-4668
4380
2760
-8
8188
-440
268
3508
-4856
1464
632
-3856
5904
232
2480
7164
-1748
3292
600
-4952
3040
-2440
-1028
6060
-1188
5304
4492
-2412
4884
-1896
-3216
3620
-4676
1856
4560
-1292
8120
1204
-880
4524
-4552
-688
2268
-4428
4588
2016
76
8344
-840
1120
3432
-5256
1984
-596
-3348
6504
-16
3260
6608
-2200
3300
52
-4404
3552
-2628
-608
5456
-1392
5932
3896
-1904
5188
-2736
-2836
3340
-4348
2268
4012
-1224
8000
1220
-1076
4864
-4552
-400
1976
-4576
4940
1788
564
8084
-1108
1384
2940
-5600
2548
-1020
-2936
6556
-680
3832
5928
-1916
3824
-388
-4304
3340
-2712
-252
5520
-1260
6148
3848
-2224
5124
-3028
-2716
3336
-4400
3096
3900
-1216
7840
1132
-720
4580
-4684
-152
1736
-4444
5472
1488
564
7880
-1344
2096
2232
-5372
2436
-956
-2880
6028
-224
3672
6000
-2420
3628
-120
-4748
3732
-3112
-116
5712
-1564
6392
3656
-2284
5120
-2852
-2696
3360
-4596
2964
3972
-1248
8056
720
-744
4716
-4944
368
1652
-4724
5252
1264
1132
7656
-1040
1676
2448
-5224
2004
-484
-2784
6144
-252
3340
6308
-2592
4072
-188
-4440
3588
-3640
-120
5904
-1304
6244
3508
-2248
5308
-3076
-2640
3504
-4364
2900
3976
-1196
7724
1008
-896
4868
-4456
-192
1552
-4376
5440
1532
724
7812
-1188
1820
2432
-5104
2204
-648
-3012
6116
-176
3060
6616
-2340
3660
212
-4584
3320
-2492
-960
6228
-1568
5844
4232
-2508
5480
-2796
-2876
3460
-4552
2584
4352
-1228
7712
1164
-792
4744
-4128
-728
2236
-4704
4756
2304
-32
8272
-908
1292
3332
-5444
1940
-508
-3228
6260
-60
3028
6440
-1996
3232
808
-4704
3352
-2388
-1264
6108
-1316
5272
4664
-2280
4976
-2284
-3176
3536
-3848
1784
4460
-852
6952
1992
-1084
4640
-3880
-1372
2768
-4448
4088
2648
-512
8292
-344
532
4116
-5528
1512
256
-3712
6424
236
2068
7464
-2016
3020
1296
-4876
3384
-1856
-2088
6228
-852
4752
5332
-2324
4624
-1460
-3876
3540
-3420
884
5068
-1504
6924
2592
-1748
5168
-3368
-1972
3008
-4824
3648
3540
-904
8252
68
-104
4412
-4872
444
1032
-4160
5564
1236
752
7856
-1328
1992
2016
-5384
2640
-1120
-2576
6192
-440
3544
5988
-2280
4492
-384
-4480
3464
-3240
276
5840
-1408
6152
3684
-2100
5184
-2640
-2580
3168
-4288
2396
4256
-992
7632
1420
-1068
4940
-4604
-708
2104
-4268
4992
1924
124
8048
-984
1380
3176
-5024
1468
-124
-3432
5992
248
2548
7040
-2148
2728
1004
-4908
3564
-2376
-1436
6264
-1192
5224
4580
-2276
4840
-1652
-3688
3476
-3672
1268
5068
-1492
7380
2328
-1496
5328
-4104
-1288
2660
-4444
4304
2952
-596
7988
40
440
3980
-5208
708
604
-4076
5728
888
1456
7364
-2084
2380
2068
-5092
3088
-2072
-2172
6124
-856
4240
5820
-2152
4076
-972
-4104
3408
-2960
284
5404
-1416
5964
3608
-1820
5252
-2892
-2548
3396
-4432
2996
3868
-1124
8328
596
-364
4604
-4612
-16
1440
-3908
4852
1792
424
7696
-680
1260
2964
-5224
1784
-436
-3464
6232
196
2708
6464
-2072
3212
692
-4776
3200
-2268
-1320
5840
-1368
5228
4936
-2296
4704
-2068
-3524
3592
-3836
1564
4956
-1684
7332
2312
-1612
5188
-3768
-1480
2928
-4512
4076
2876
-544
8212
208
216
3908
-5128
932
816
-3868
6016
732
1584
7252
-1816
2620
1664
-4932
2584
-1600
-2088
5992
-664
4124
5440
-2336
3952
-612
-4036
3696
-3436
140
5276
-1364
6612
3200
-1804
5124
-3168
-2476
3224
-4328
3220
3776
-1300
7736
1060
-608
4864
-4440
28
1368
-4312
4876
2124
484
7944
-932
1336
2888
-5400
2080
-272
-2732
5796
-252
2824
6536
-1844
3572
608
-4876
3324
-2704
-912
6112
-1376
5216
4572
-2452
4832
-2116
-3352
3836
-4112
1676
4588
-1360
7176
2160
-1256
4724
-3544
-1532
2816
-4404
3848
3020
-712
8228
-188
264
4032
-5196
1196
988
-3704
5736
620
1672
7524
-1424
2316
1904
-4956
2648
-1316
-2216
6304
-864
3992
5900
-2516
4184
-596
-4344
3824
-3512
-116
6000
-1584
6516
3440
-2264
5336
-3192
-2504
3456
-4380
2852
3564
-1088
7932
1012
-664
4864
-4704
-464
1676
-4228
5344
1928
312
8056
-956
1184
3108
-4908
2172
-304
-3148
5872
160
2584
6980
-1852
3288
620
-5124
3740
-2668
-1004
6360
-1472
5300
4544
-2476
5164
-1756
-3508
3724
-4012
1292
4752
-1464
7308
2232
-1540
4904
-3800
-1484
2404
-4508
4072
2904
-704
7960
40
396
4104
-5064
840
624
-3992
5576
1036
1544
7688
-1468
2100
1880
-5144
2748
-1332
-2152
6120
-848
4016
5868
-2160
4256
-788
-4072
3588
-3304
132
5492
-1232
6240
3272
-2176
5140
-2832
-2448
3308
-4516
2860
3812
-1088
8200
800
-720
4668
-4472
-260
1800
-4548
5212
1760
320
7980
-836
1252
2916
-5104
1828
-340
-3048
6368
68
2776
6564
-2276
3576
652
-4704
3272
-2552
-1076
6144
-1108
5580
4468
-2216
4852
-2028
-3276
3688
-3752
1772
4628
-1644
7452
2100
-1292
5064
-4136
-1132
2388
-4584
4372
2580
-236
8272
-448
512
3492
-5080
1568
476
-4020
5856
376
2080
7284
-1800
2928
1188
-4984
3004
-1944
-1596
6392
-424
4448
5324
-2508
4472
-556
-4176
3700
-3736
620
5424
-1560
6912
3108
-1660
4944
-3348
-2016
3164
-4288
3464
3496
-764
7936
184
-168
4528
-4556
168
1100
-4280
5144
1496
1060
7780
-1200
1340
2572
-5256
2348
-796
-2716
6088
-720
3180
6112
-2008
4028
-120
-4520
3380
-2944
-432
6060
-1604
6104
3680
-2216
5144
-2932
-2432
3276
-4100
2288
4132
-884
7440
1632
-1116
4668
-4176
-868
2248
-4568
4940
1812
-32
8208
-940
1620
3064
-5160
1836
-400
-3560
5960
612
2444
6984
-2128
2976
828
-4760
3216
-1912
-1360
5796
-1376
5076
5300
-2416
4956
-2056
-3584
3508
-3968
1640
4796
-1196
7248
2352
-1404
5024
-3488
-1516
2800
-4444
3876
2980
-448
8196
180
-12
4048
-4808
660
944
-4040
5904
1196
1220
7388
-1652
2072
2288
-5044
2584
-1480
-2720
6132
-724
4332
5756
-2464
4080
-924
-4084
3412
-2976
172
5680
-1604
6152
3348
-1964
5400
-3020
-2500
3200
-4540
3084
3868
-804
7892
844
-768
4808
-4256
-260
1736
-4312
5340
1688
388
8136
-1068
1732
2536
-5268
2392
-824
-2676
5840
-196
3344
6224
-2216
3648
160
-4644
3428
-2836
-768
5800
-1496
5800
4136
-2508
4984
-1940
-3144
3448
-4416
1976
4612
-1372
7576
1604
-1320
4856
-4244
-892
2136
-4528
4620
2248
108
7968
-296
632
3504
-4812
932
488
-3668
6180
540
2120
7152
-2064
2860
1008
-4876
3376
-2476
-1388
6116
-816
5048
4712
-2144
4560
-1428
-3868
3740
-3912
1272
4916
-1484
7220
1984
-1500
5256
-3768
-1596
2636
-4636
4244
2580
-480
8172
24
280
3668
-4832
960
668
-3988
5784
1000
1544
7032
-1608
2600
1964
-4856
2764
-1724
-1916
6128
-612
4348
5600
-2224
4420
-784
-4176
3816
-3280
548
5656
-1956
6752
3220
-2000
5404
-3684
-2140
2948
-4740
3840
3360
-580
7764
244
-340
4388
-4552
280
1292
-4300
5296
1328
996
8060
-1664
1960
2380
-5240
2660
-1440
-2520
6512
-612
4124
5980
-2292
4064
-544
-4124
3644
-3028
24
5524
-1660
6448
3476
-1828
5236
-3088
-2388
3292
-4312
3004
3572
-588
8192
608
-812
4180
-4712
268
1560
-4348
5536
1164
720
7908
-1180
2188
2384
-5308
2312
-1300
-2504
6256
-356
3676
5844
-2204
3800
-280
-4196
3424
-2912
-440
5520
-1264
6256
3852
-1988
5184
-3184
-2392
3196
-4332
3360
3724
-956
7920
716
-500
4460
-4512
-100
1432
-4424
5448
1492
836
7760
-1284
1960
2068
-4936
2248
-956
-2292
6004
-400
3456
5788
-2264
3916
-264
-4396
3344
-3020
-68
5548
-1484
6528
3528
-1880
5044
-3164
-2364
2824
-4248
3236
3728
-988
7848
672
-220
4648
-4660
48
1292
-4192
5540
1416
960
7836
-1264
1672
2408
-4820
2160
-980
-2724
6180
-352
3644
6276
-2300
4020
-708
-4360
3836
-3312
256
5252
-1684
6676
3220
-1812
5124
-3592
-2168
2860
-4432
3164
3512
-848
8036
712
-560
4412
-4784
-100
1716
-4120
5380
1560
580
8096
-1324
2096
2508
-5568
2612
-1272
-2452
6476
-500
4140
5840
-2524
3896
-220
-4372
3808
-3380
-92
5604
-1908
6616
3208
-1684
5232
-3512
-2288
2792
-4268
3156
3852
-836
7944
228
-540
4564
-4740
432
952
-4300
5608
752
1584
7908
-1616
2160
1840
-4864
2732
-1452
-2388
6384
-772
4224
5884
-2456
4528
-872
-4192
3924
-3544
412
5536
-1644
7180
2580
-1772
5308
-3600
-1976
2840
-4116
3764
2992
-724
8156
320
-228
4100
-5076
784
704
-4168
5912
676
1764
7096
-1708
2240
1720
-4984
2824
-1480
-2008
6368
-1232
4516
5512
-2176
4360
-1344
-3956
3668
-3692
1316
5036
-1276
7024
2204
-1544
5204
-3704
-1220
2624
-4840
3776
2832
-252
8512
-224
296
3784
-5212
1120
548
-3384
5944
248
1936
7332
-1508
2972
1080
-5136
3052
-2484
-1512
6300
-1140
5208
4604
-2364
4544
-1644
-3704
3696
-3912
1256
4900
-1716
7892
2188
-1500
5328
-4656
-944
2332
-4680
5152
2108
-172
7860
-552
1208
3344
-5216
1768
-280
-3496
5980
484
2972
6756
-1888
3140
352
-4800
3340
-2244
-772
5912
-1396
5628
4380
-2020
5036
-2380
-3380
3276
-4336
2292
4544
-1116
7832
1360
-1024
4616
-4456
-884
2200
-4452
4984
2008
-40
8124
-1064
1500
2824
-5412
2092
-564
-2624
6568
-452
3144
6196
-2108
4076
164
-4576
3384
-3472
-240
6056
-1456
6652
3536
-2208
5180
-2968
-2336
3344
-4332
2856
3824
-1168
7956
1140
-724
4676
-4688
-380
1268
-4264
5444
1724
620
7900
-1260
1716
2432
-5308
2500
-996
-2760
6348
-1056
3900
6076
-2400
4408
-820
-4420
3616
-3640
844
5296
-1424
6500
3244
-1724
4912
-3172
-2152
3004
-4540
3576
3276
-600
8264
92
296
4048
-4912
824
788
-4076
6012
912
1808
7580
-2104
2788
1432
-4880
3072
-2016
-1820
6244
-1052
4744
5360
-2188
4276
-1640
-3668
3712
-4068
1020
5096
-1592
7380
2140
-1640
5036
-4232
-1128
2528
-4592
4144
2648
16
8076
-132
564
3232
-4952
1288
236
-3328
5796
288
2496
6756
-1824
3300
472
-4644
3240
-2636
-952
6068
-1400
5828
4196
-2320
5148
-2356
-2952
3516
-4324
2308
4192
-1344
7712
1596
-1056
4604
-4440
-760
2096
-4464
4916
1892
356
8024
-1188
1492
2888
-5424
2168
-592
-3092
6304
-268
3420
6696
-2368
3712
-12
-4640
3800
-3128
-240
5748
-1628
6652
3664
-2176
5372
-3280
-2384
3444
-4536
3324
3680
-980
8176
628
-352
4500
-4748
-24
1144
-4152
5620
1344
1120
7648
-1684
2116
1932
-5176
2500
-1692
-2152
6164
-644
4204
5632
-2280
4224
-1100
-3992
3752
-3776
996
5344
-1360
7236
2664
-1640
5232
-3732
-1656
2664
-4460
3860
2956
-268
8136
36
472
3704
-5156
1224
308
-3604
5816
700
2092
7208
-1572
2776
1056
-5040
2964
-2044
-1648
6108
-1192
5124
5052
-2720
4820
-2196
-3376
3784
-4624
2192
4348
-1564
7940
1680
-952
4688
-4516
-744
2172
-4464
4872
2128
176
7920
-928
1244
3196
-5032
1956
-616
-3120
6292
108
3216
6264
-2236
3448
144
-4548
3676
-3032
-560
5824
-1392
6300
3672
-2032
5144
-2720
-2576
3148
-4416
2712
3912
-840
7784
1032
-708
4708
-4944
116
1396
-4388
5556
1224
1108
7828
-1476
1928
2160
-5180
2628
-1360
-2396
6480
-916
3852
5876
-2404
4484
-712
-4252
3576
-3496
672
5484
-1512
7040
2608
-1784
5128
-3088
-1848
2792
-4524
3596
3336
-760
8092
532
-76
4160
-5032
864
748
-4200
6216
776
1936
7064
-2096
2892
1388
-4776
2916
-2168
-1856
6076
-904
5132
4928
-2632
4980
-2008
-3412
3600
-4356
1836
4536
-1236
7528
1772
-1296
4880
-3760
-1200
2308
-4508
4328
2676
-28
8224
-720
824
3640
-5212
2016
-228
-3448
6160
-32
2972
7048
-2228
3508
276
-4680
3668
-2696
-676
5900
-1360
5632
4044
-1944
5000
-2600
-3104
3348
-4416
2564
4228
-1176
7844
832
-848
4748
-4476
-308
1704
-4436
4944
1712
552
7924
-964
1528
2532
-5284
2052
-668
-2672
6468
-420
3436
6068
-2112
4432
-664
-4280
3484
-3336
24
5492
-1164
6860
3316
-2240
5068
-3220
-2208
3328
-4700
3260
3392
-1216
8272
800
-240
4356
-4832
100
1288
-4240
5640
1204
948
7644
-1572
2204
1780
-5160
2912
-1464
-2300
6064
-724
4444
5804
-2272
4112
-908
-4184
3924
-3396
580
5236
-1760
7300
2808
-1672
5176
-3712
-1488
2724
-4572
3820
3004
-656
8292
4
524
3768
-4944
648
820
-3828
6100
684
1940
7664
-2204
2548
1364
-5020
3376
-2260
-1884
6396
-1256
5276
4716
-2132
4576
-1792
-3520
3416
-3788
1288
4832
-1692
7412
2316
-1140
4880
-4148
-1252
2424
-4260
4116
2660
-68
8268
-416
204
3740
-5084
1756
152
-3936
6288
-108
2480
7240
-1876
3328
412
-4948
3168
-2568
-724
6052
-1160
5020
4340
-2276
5052
-1968
-3252
3664
-4740
1864
4808
-1436
8024
1452
-1268
4916
-4620
-708
2416
-4444
4668
2128
-76
8232
-696
1056
3280
-5388
1764
-408
-3344
6384
112
3128
6364
-2228
3320
456
-4276
3196
-2584
-772
5952
-996
5696
4032
-2036
5164
-2648
-2828
3328
-4332
2344
3924
-976
7972
900
-968
4596
-4032
-600
1724
-4684
5052
1996
204
8348
-972
1496
2680
-5440
2124
-652
-2840
6300
-356
3460
6176
-2296
3520
260
-4208
3448
-2856
-528
6104
-1824
6236
3968
-2108
5208
-3392
-2432
3420
-4408
2984
3692
-752
8024
712
-392
4524
-4348
-340
1520
-4072
4876
1680
564
8116
-900
1284
2548
-5196
2292
-792
-2768
6340
-148
3080
6248
-2352
3860
-324
-4344
3484
-3212
-104
5540
-1268
6364
3472
-1824
4984
-2740
-2484
3184
-4092
2820
3704
-920
8192
648
-512
4752
-5088
544
1472
-4228
5516
1388
1024
7884
-1300
1992
2532
-5076
2360
-1108
-2728
6236
-368
3844
6016
-2412
3816
-456
-4388
3564
-3012
-80
5484
-1780
6356
3548
-1784
5076
-3288
-2308
2964
-4384
3012
3916
-1100
8240
672
-652
4548
-5024
480
1568
-4380
5336
1168
932
8032
-1344
2072
2352
-5236
2040
-796
-2468
6632
-544
3560
6072
-2596
4240
-364
-4084
3500
-3656
152
5488
-1048
6508
3292
-1804
4756
-3148
-2240
3292
-4272
3108
3636
-976
8064
424
-284
4640
-4964
540
760
-4344
5492
1380
1280
7688
-1196
1612
2328
-5204
2524
-844
-2648
6496
-748
3788
6044
-2452
4508
-428
-4464
3580
-3460
324
5620
-1456
6744
3128
-2036
5004
-3176
-2188
3132
-4136
2936
3868
-1128
7884
940
-584
4504
-4680
20
1240
-4312
5488
1616
896
7744
-1332
1504
2504
-5200
2376
-812
-3008
6348
-508
3660
6144
-2516
4160
-588
-4420
3804
-3580
324
5500
-1404
6564
2884
-1580
5016
-2860
-2320
3004
-4364
2796
4080
-836
7988
984
-1060
4580
-4340
316
1716
-4580
5020
1596
804
7912
-1088
1728
2452
-5464
2316
-832
-2856
6492
-696
3472
5920
-2332
4096
-144
-4380
3376
-3008
-360
5732
-1312
6448
3724
-2636
5088
-2900
-2292
3424
-4316
2740
3664
-1216
8036
1496
-580
4476
-4456
-516
1848
-4436
5500
1788
436
7828
-1196
1580
2864
-5208
2092
-980
-3060
6544
-324
3444
6268
-2388
3864
-96
-4324
3472
-3032
-380
5752
-1400
6016
3924
-2244
4976
-2544
-3040
3560
-4416
2676
3964
-1256
7812
1104
-856
5056
-4676
-284
1932
-4480
5188
2048
204
8044
-820
1156
2996
-5108
2080
-348
-3520
6292
-220
2948
6536
-2096
3688
420
-5020
3580
-3116
-492
5944
-1412
5900
4028
-2368
4824
-2120
-2856
3624
-4396
1884
4484
-1304
7732
1708
-1444
4956
-4592
-640
2276
-4644
4728
2144
12
8220
-720
1028
3380
-5308
1836
-360
-3364
6408
96
2516
6868
-2236
3392
552
-4536
3364
-2584
-1048
5924
-928
5544
4524
-2064
4628
-1868
-3340
3472
-3756
1944
4676
-1424
7428
1800
-1172
5456
-4100
-1012
2116
-4856
4676
2444
216
8020
-612
376
3716
-4944
1456
420
-3648
6192
248
2052
6908
-1732
3256
960
-4936
2972
-2092
-1384
6248
-1168
5032
4700
-2476
4780
-1696
-3320
3460
-4044
1548
4872
-1224
7108
2168
-1388
4944
-3692
-1400
2704
-4424
4176
2520
-360
8132
-452
692
3740
-5232
1216
-112
-3856
6336
596
2036
6992
-1904
3068
1248
-4868
3020
-2036
-1896
6304
-1068
4764
5364
-2712
5112
-1856
-3792
3836
-4128
1600
5044
-1260
7212
1852
-1328
5028
-3764
-1380
2508
-4208
3876
2712
-508
8164
332
328
3804
-5320
1000
584
-3872
6352
540
1604
7328
-2016
2916
1304
-5088
3224
-2004
-1880
6144
-956
4864
4988
-2252
4384
-1704
-3800
3740
-3612
1308
4928
-1792
6928
2672
-1364
5144
-3684
-2148
2840
-4724
3988
3124
-496
8228
-196
44
4104
-4952
1224
704
-3984
5728
708
1624
7776
-1432
2188
1600
-5424
3028
-1320
-2060
6276
-1036
4320
5384
-2408
4868
-1256
-3900
3304
-4052
1312
4788
-1100
7076
2408
-1496
4776
-3492
-1836
3028
-4496
3820
2944
-696
8196
280
300
3964
-4912
772
548
-3748
6020
832
1328
7468
-1936
2592
1920
-5120
2928
-1748
-1952
6044
-652
4524
5616
-2392
4220
-888
-4016
3472
-3704
868
5164
-1244
6668
2840
-1808
4812
-3156
-1880
3052
-4724
3516
3068
-700
8148
400
-108
3984
-4760
596
676
-3944
5676
1104
1140
7592
-1336
2456
2164
-5200
2552
-1332
-2228
6376
-484
4192
5720
-2508
4232
-804
-4180
3628
-3572
560
5384
-1456
6640
3348
-1804
4884
-3040
-2424
3252
-4640
3556
3504
-1036
8072
196
-36
4244
-4704
408
944
-4440
5504
1028
1276
7688
-1320
2212
1724
-5100
2336
-1008
-2464
6056
-784
3796
6016
-2388
4364
-936
-4072
3712
-3892
652
5488
-1456
6612
3004
-1868
5052
-3068
-2328
3344
-4624
3388
3496
-984
8216
408
-380
4360
-4796
452
968
-4120
5644
1288
1064
7536
-1160
1876
2008
-5224
2600
-1200
-2700
6284
-404
3908
5952
-2616
4248
-816
-4324
3748
-3860
668
5428
-1292
6676
2968
-1716
4796
-2944
-2240
3024
-4476
3296
3368
-736
7804
784
-132
4204
-4688
584
968
-4248
5764
1116
1304
7472
-1656
2344
2052
-4736
2452
-1360
-2388
6208
-872
4128
5772
-2336
4452
-1124
-4216
3756
-3404
712
5556
-1752
6296
3320
-1852
5248
-3056
-2444
2864
-4496
3288
3552
-528
7944
256
-244
4148
-4684
812
876
-3984
5772
896
1116
7836
-1496
2452
2036
-5208
2772
-1596
-2224
6624
-432
4284
5492
-2488
4336
-504
-3944
3708
-3864
384
5452
-1440
7020
3028
-1964
4816
-3220
-2096
2724
-4368
3368
3440
-1028
7888
692
-220
4416
-4920
412
1116
-4292
5848
964
1344
7668
-1772
2636
1860
-5148
3008
-1944
-2128
6352
-1036
4616
5520
-2256
4100
-1088
-4268
3884
-3504
516
5520
-1684
6920
2744
-1740
5580
-3516
-1940
2592
-4636
3888
2964
-352
8268
-16
-8
3628
-4700
820
976
-4096
5636
912
1300
7620
-1424
2648
1736
-5456
2668
-1824
-1928
6292
-464
4440
5112
-2444
4340
-884
-3604
3532
-3388
508
5004
-1412
7228
2692
-1632
5236
-3724
-1524
2436
-4424
4444
2800
-196
7752
-240
504
3724
-4588
804
556
-3860
5716
792
1792
7372
-1640
2472
1264
-5320
3368
-2196
-1216
6360
-1304
4904
4788
-2132
4736
-1584
-3568
3444
-4040
1264
5084
-1300
7336
2016
-1704
4976
-3952
-1116
2612
-4692
4420
2196
-64
8168
-296
1088
3216
-5100
1244
-148
-3256
6048
552
2576
6560
-1964
2908
1164
-4788
3272
-2420
-1468
6224
-1440
5724
4524
-2484
5060
-2300
-3108
3488
-4396
2320
4296
-1464
7512
1580
-1188
4924
-4164
-1008
2288
-4408
4776
2320
168
8024
-896
1216
3328
-5100
1720
-672
-3136
6024
156
2752
6436
-1928
3344
660
-4616
3260
-2388
-1108
6276
-1240
5520
4280
-2172
4980
-2032
-3232
3204
-4004
2184
4232
-1148
7224
1796
-1064
4704
-4116
-888
2160
-4728
5196
2016
444
8076
-1064
1168
3040
-5256
1940
-440
-3080
5972
-280
3056
6588
-2012
3372
452
-4740
3228
-2628
-1140
6460
-1580
5620
4352
-2380
5404
-2404
-3292
3884
-4432
2460
4320
-1436
8020
1376
-984
4780
-4500
-500
1920
-4616
4896
1996
324
7912
-676
944
3344
-5032
1540
-20
-3464
6208
0
2352
7056
-2324
3536
496
-5148
3388
-2748
-864
6260
-1652
5524
4276
-2364
4744
-2168
-3192
3284
-3948
1920
4460
-980
7492
1768
-1148
4736
-3756
-1060
2280
-4256
4656
2484
-372
8388
-836
960
3340
-5192
1964
-200
-3324
6208
124
2280
7044
-1708
3228
800
-5200
3244
-1856
-1600
6512
-1532
5208
4688
-2972
5228
-1852
-3352
3552
-4168
1652
4512
-1384
7404
2064
-1304
4564
-3864
-1252
2368
-4388
4624
2580
-536
8140
-116
768
3652
-5552
1620
152
-3448
6356
188
2400
6992
-1864
3016
1044
-4588
3116
-2128
-1456
6164
-1036
5064
4916
-2192
4868
-1708
-3576
3548
-4096
1532
4788
-1328
7376
2056
-1464
4808
-3920
-1348
2472
-4268
3996
2540
-576
7788
172
544
3816
-4972
664
504
-3636
6112
904
1424
7404
-1756
2692
1720
-4996
3236
-1892
-2040
6136
-868
4716
5436
-2592
4608
-1580
-3876
3764
-3744
1192
5168
-1624
6972
2668
-1692
5164
-3532
-1912
3024
-4836
3592
3216
-744
8044
312
-200
4268
-5092
504
1012
-4360
5904
812
1072
7672
-1704
2476
1976
-5168
2592
-1360
-2212
6108
-548
4052
5808
-2380
4124
-656
-4156
3728
-3272
476
5376
-1600
6440
3428
-1852
4952
-2940
-2680
3040
-3856
2888
3948
-1236
7608
1020
-648
4760
-4308
-196
1268
-4336
5472
1524
804
7768
-1324
1520
2048
-4792
2320
-812
-3032
6200
-336
3092
6464
-2368
4140
-124
-4896
3876
-3344
-36
5872
-1652
6064
3648
-1912
5072
-2400
-2768
3320
-4064
2156
4204
-1120
7820
1492
-836
4608
-4388
-340
2052
-4444
4748
1816
348
7888
-536
932
3004
-4996
1424
-72
-3368
6384
-52
2324
6764
-1984
3592
540
-4856
3404
-2992
-1052
6176
-1184
5656
4448
-2468
4816
-1888
-3372
3832
-4020
1348
4816
-1648
7476
2160
-1604
5172
-4060
-1364
2436
-4396
4452
2908
-440
7984
-196
236
4044
-4924
1172
204
-4236
5948
544
1840
7260
-1728
2824
1068
-5040
2944
-1568
-1728
6144
-1000
4160
5176
-2308
4912
-960
-4036
3248
-3928
532
5600
-1400
6916
2836
-2348
4992
-3356
-1732
3288
-4588
3264
3064
-852
8124
636
-52
4332
-5292
288
1260
-4140
5980
948
952
7724
-1816
2332
2292
-5184
2616
-1392
-2696
6264
-524
3848
6112
-2216
4136
-524
-4536
3360
-3040
8
5800
-1660
5892
3540
-1968
5308
-2932
-2632
3260
-4408
2536
4168
-1124
7352
1036
-692
4704
-4228
-560
1800
-4460
4748
2144
284
8204
-860
1264
3148
-5552
2252
-452
-2904
6276
-180
2664
6508
-1748
3580
1068
-5084
3156
-2592
-1272
6372
-1052
5304
4688
-2620
4732
-1928
-3488
4040
-4136
1532
4724
-1568
7200
2148
-1064
5088
-4156
-1444
2244
-4464
4200
2752
-260
7956
-324
312
4016
-4844
1128
448
-4232
6036
592
1880
7436
-1936
2892
1692
-5296
3000
-1600
-1724
6448
-1036
4200
5468
-2508
4556
-616
-4080
3700
-3808
740
5556
-1356
6840
2828
-1836
5144
-3396
-1968
2952
-4668
3592
3452
-920
8024
200
-428
4392
-4844
612
1212
-4548
5492
1108
1016
7896
-1496
2120
2080
-5256
2484
-908
-2616
6184
-368
3572
5892
-2140
4024
-232
-4444
3380
-3044
128
5528
-1344
6420
3588
-2064
5080
-2760
-2628
3272
-4408
2716
3868
-1336
7912
1172
-796
4792
-4748
-256
1948
-4680
5252
1864
272
8200
-912
1444
2896
-5272
1520
-140
-3216
6364
-88
2488
6816
-2220
3452
776
-4656
3460
-2748
-1168
6012
-1048
5512
4712
-2364
4728
-1708
-3612
3740
-3820
1800
4836
-1684
7452
2108
-1256
5184
-3940
-1368
2604
-4588
4324
2868
-348
8304
-540
288
3980
-5164
1500
348
-3884
5908
284
2060
7240
-1504
2740
1112
-4952
2584
-1396
-1868
6104
-1044
4264
5460
-2628
4624
-852
-3792
3440
-3876
920
5484
-1524
6984
2692
-1800
4892
-3464
-1908
3268
-4488
3324
3380
-976
8020
692
-448
4728
-4804
228
1164
-4312
6012
1204
1024
7824
-1376
1852
2500
-5124
2428
-1076
-2760
6208
-620
3476
6304
-2284
4204
-404
-4476
3528
-3364
368
5520
-1444
5840
3372
-1760
4904
-2744
-2712
3152
-4176
2432
4156
-1020
7840
1172
-1040
4832
-4400
-340
1988
-4740
5272
1680
288
8128
-852
1508
2660
-5144
1864
-240
-3092
6136
156
2480
6828
-2192
3288
884
-4864
3688
-2744
-1052
5948
-1416
5648
4132
-1912
4784
-2072
-3124
3676
-3832
1800
4372
-1668
7560
1836
-1292
5368
-3980
-1136
2240
-4704
4592
2332
-4
7876
-208
576
3392
-4548
1256
560
-3756
5600
740
1648
7568
-1788
2844
1620
-5296
3208
-2020
-1632
6252
-1100
4652
4948
-2200
4428
-708
-3868
3580
-3888
680
5228
-1560
7036
2560
-1572
5256
-3576
-1608
2712
-4388
3736
2696
-832
7856
236
356
4052
-4904
560
848
-4328
5680
1048
1480
7448
-1848
2240
2044
-5016
2660
-1308
-2640
6232
-784
4124
6196
-2520
4364
-564
-4204
3848
-3376
328
5312
-1428
6364
3140
-1836
5072
-2444
-2384
3004
-4584
2868
3716
-1100
8020
672
-484
4612
-4904
368
1124
-4384
5416
1092
1060
7708
-1428
1852
2476
-4864
2208
-728
-2900
6172
-360
3440
6516
-2256
3896
-152
-4592
3920
-3132
-244
5740
-1888
6452
3616
-1956
5336
-2772
-2600
2996
-4104
2624
4044
-1452
7620
1308
-896
5092
-4440
0
1676
-4692
4900
1772
420
8048
-788
1248
3028
-5400
2092
-284
-3328
6336
-200
2600
6664
-2128
3728
768
-4812
3508
-2736
-940
5792
-1236
5636
4560
-2240
4652
-1980
-3000
3416
-4052
1908
4516
-1524
7424
1908
-1028
5240
-4360
-304
2396
-5120
5160
2004
108
8308
-860
1020
3204
-4884
1684
220
-3736
5912
184
2368
7084
-1888
3100
1028
-5112
3356
-2388
-1324
6240
-1316
4856
4668
-2192
4864
-1592
-3288
3520
-4036
1156
4780
-1060
7396
2148
-1608
4856
-3776
-1536
2844
-4580
4316
2576
-456
7844
32
636
3924
-4564
904
296
-3952
5648
1096
1624
7564
-1896
2592
1632
-5168
3224
-1516
-2148
6060
-1308
4408
5720
-2276
4820
-1160
-4148
3760
-3716
716
5388
-1736
6744
2888
-1860
5220
-3304
-1968
3232
-4644
3524
3212
-852
8000
412
100
4428
-4756
340
1044
-4096
5536
1296
1004
7660
-1388
1784
2688
-4724
2460
-952
-2912
6208
-428
3616
6404
-2296
3816
-136
-4420
3944
-3276
4
5676
-1808
5940
3340
-1684
5484
-2852
-2508
3040
-4348
2888
3844
-896
7480
1132
-924
4688
-4048
-540
2000
-4616
4812
1916
-168
8316
-848
1160
3360
-5412
2244
-220
-3732
6448
120
2476
6880
-2320
3680
1008
-4864
3204
-2260
-968
5784
-1328
5340
4800
-2320
4884
-1768
-3384
3576
-4180
1900
4768
-1764
7172
2000
-1240
4964
-3832
-1316
2432
-4412
4200
2812
-640
7816
-68
572
4128
-5004
848
608
-3984
5736
636
1568
7236
-1468
2284
1952
-4780
2548
-1172
-2352
6004
-924
3932
5776
-2184
4428
-892
-4128
3504
-3208
220
5376
-1500
6480
3416
-1960
4824
-2640
-2504
3244
-4276
2384
3924
-1456
7964
1300
-828
4796
-4696
-264
2056
-4360
5328
1356
400
7584
-836
1648
2888
-4708
1792
-676
-3144
6060
40
2760
6480
-1640
3440
720
-4612
3364
-2472
-1192
5868
-920
5280
4536
-2088
4656
-1300
-3684
3640
-3644
964
5280
-1660
7124
2604
-1788
5456
-3448
-1596
2764
-4832
3656
3296
-740
8096
512
-392
4180
-4604
500
1368
-4432
5196
1084
752
7872
-1276
2056
2340
-5168
2408
-876
-2588
5912
-256
3084
6084
-1692
3480
616
-4412
3080
-2248
-1240
6116
-1400
5524
4304
-2304
4852
-1728
-2968
3476
-3840
1464
4636
-1528
7476
2192
-1500
5244
-3868
-1208
2800
-4508
4152
2516
-504
7992
148
416
3944
-4492
572
788
-4228
5424
1344
1084
7404
-1300
1656
2500
-4700
2316
-768
-3064
5936
-428
3360
6580
-2224
3872
-76
-4452
3876
-3032
-412
5676
-1476
5696
4140
-2036
5060
-2036
-2792
3492
-4024
1840
4388
-1068
7332
2020
-1316
5028
-3688
-1136
2332
-4504
4060
2516
-632
8332
-104
288
3956
-4700
672
768
-3876
5516
1060
856
7140
-1140
2092
2432
-5168
2308
-1140
-2724
6424
-408
3464
6124
-2584
4172
332
-4416
3388
-2736
-560
5744
-1324
5588
4356
-2276
5188
-2000
-3260
3552
-4040
2044
4688
-1564
7268
1936
-1304
5160
-3696
-1356
2348
-4396
3908
2992
-656
7892
-36
172
4064
-4676
920
852
-4136
5220
960
1088
7336
-928
1944
2084
-5212
2336
-696
-2548
6068
-712
3312
5996
-2452
4392
64
-4484
3420
-2700
-636
5732
-1344
5444
4440
-2184
4836
-1680
-3440
3844
-3584
1088
4688
-1716
7184
2672
-1528
5208
-3712
-1672
2668
-4412
3636
3224
-928
7804
444
-168
4056
-4432
232
1552
-4240
4940
1228
804
7804
-984
1432
2832
-4916
2128
-484
-3028
6268
-280
2804
6616
-1804
3408
764
-4660
3344
-2448
-1256
6184
-1108
4868
4540
-2288
4668
-1232
-3636
3892
-3760
584
4832
-1356
7124
2996
-2032
5084
-3064
-2272
3320
-4564
3288
3596
-1716
7836
892
-392
4688
-4464
-116
1620
-4304
4720
2340
192
7660
-660
812
3672
-5060
1692
80
-3572
5732
412
2200
6968
-2012
2832
1748
-4792
2940
-1896
-1956
6088
-740
4308
5476
-2084
4092
-496
-3736
3440
-3376
228
5500
-1448
5864
3652
-1780
5072
-2432
-2820
3304
-4140
2408
4280
-1332
7244
1256
-1116
4968
-3816
-764
2328
-4684
4124
2348
-420
8228
-44
348
3572
-4960
728
1060
-3736
5564
852
1008
7424
-1504
2704
2052
-5012
2408
-1176
-2708
6156
-264
3796
6004
-2108
3640
152
-4280
3676
-2504
-676
5652
-1620
5684
4220
-1840
5104
-2136
-3388
3276
-3904
1888
4592
-1184
6652
2116
-1536
5228
-2964
-1724
2704
-4496
3492
2988
-816
8116
160
-144
4180
-4692
600
1132
-4268
5480
1192
632
7624
-1120
1808
2728
-5036
2000
-388
-3276
5884
64
2744
6720
-2092
3380
860
-4896
3480
-2300
-1092
5956
-1412
5048
4688
-2184
4780
-1168
-3632
3536
-3552
664
5200
-1248
6484
2656
-1900
5044
-2848
-2012
2940
-4584
3032
3112
-892
8164
652
-156
4124
-4104
-248
1636
-4364
4968
1856
-304
8028
-908
1532
3080
-5132
1964
-212
-3512
5684
500
2400
6736
-1928
3052
1496
-4756
2984
-1508
-1996
5964
-1104
4608
5508
-2356
4428
-564
-3920
3560
-3416
676
5104
-1500
6196
3292
-1968
5044
-2680
-2188
2920
-4356
2536
3736
-988
7856
1188
-1040
4800
-4288
-368
2224
-4384
4764
2040
-220
8100
-624
980
3684
-4856
1512
-140
-3516
5768
936
1728
7084
-1500
2464
1508
-4808
3140
-1672
-2104
5932
-672
4200
5328
-2020
4264
-456
-4080
3560
-3192
80
5604
-1704
6452
3624
-2172
5132
-2616
-2596
3452
-4348
2512
4036
-1332
7548
1396
-844
4800
-4068
-680
2028
-4328
3924
2292
84
7828
-416
372
3808
-4848
1368
-32
-3728
5808
540
2048
6948
-1388
2280
1524
-4836
3040
-1196
-2288
6224
-1112
4196
5528
-1920
4480
-544
-4340
3180
-2920
124
5488
-1200
5960
3464
-2404
5340
-2356
-2620
3412
-4676
2788
3820
-1208
7760
1152
-760
4476
-3912
-492
1952
-4224
4024
2332
-252
7908
-256
728
3548
-5084
1416
280
-3540
5620
756
1672
7092
-1728
2556
2016
-4896
2724
-1460
-1952
6060
-936
4336
5272
-2180
4412
-748
-3888
3432
-3572
488
5216
-1284
6012
3376
-1636
5036
-2596
-2576
3244
-4180
2340
3884
-1128
7580
1132
-852
4732
-4164
-408
2008
-4540
4816
1956
-16
8048
-580
1136
3256
-4780
1592
332
-3624
5616
588
2040
7380
-1656
2636
1524
-5092
3232
-1876
-1668
6192
-1436
4548
5376
-1864
4564
-932
-3960
3708
-3368
228
5640
-1440
6320
3236
-1984
4936
-2712
-2320
3268
-4372
2412
3748
-1164
7780
1332
-784
4676
-4560
-296
2108
-4224
4824
1996
-108
7744
-588
1112
3420
-5168
1708
-36
-3508
6020
84
2396
6700
-1872
3096
1332
-4780
3208
-1872
-1756
6024
-940
4424
5372
-2300
4480
-872
-4160
3668
-3404
572
5264
-1716
6800
2884
-1784
5260
-2744
-2188
2752
-4596
3252
3472
-1020
7764
728
-400
4532
-4344
132
1596
-4528
4936
1712
672
7696
-992
1396
3080
-4832
1720
64
-3316
5984
-132
2476
6836
-1944
3532
788
-4764
3080
-2180
-1224
5952
-988
4752
4796
-2348
4720
-1376
-3584
3744
-3704
896
5040
-1460
6740
2908
-1752
5220
-3160
-2104
3088
-4344
3612
3188
-1024
7932
376
-72
4492
-4704
464
988
-4288
5264
1368
720
7540
-1024
1848
2692
-5124
2236
-596
-2840
6076
-568
2960
6544
-2148
3732
448
-4576
3384
-2756
-696
5984
-1228
5628
4420
-2180
4892
-1820
-3100
3648
-3960
1448
4544
-1544
7428
1928
-1192
5012
-3956
-1024
2384
-4508
3892
2612
-76
7920
-340
320
4036
-4640
916
724
-3916
5468
752
1196
7856
-1528
2384
1864
-5424
3076
-1560
-2032
5980
-832
4068
5464
-1852
4292
-580
-4020
3300
-3092
164
5284
-1188
6352
3268
-1932
5320
-3048
-2036
3344
-4500
2940
2996
-880
8292
796
-500
4384
-4368
-136
1676
-4140
4756
1516
188
8060
-816
1344
3088
-5244
2124
-668
-3252
6076
-164
3376
6284
-2000
3132
484
-4256
3040
-2156
-1152
5720
-1620
5216
4720
-1904
5204
-2184
-3408
3528
-4184
2036
4628
-1160
7264
1776
-1516
5196
-3512
-1212
2632
-4600
4328
2624
-304
8120
-136
708
3432
-5264
1544
372
-3684
5740
360
1676
7168
-1824
2960
1440
-4996
2860
-1888
-1928
6052
-912
4588
5184
-2424
4744
-1108
-3844
3540
-3848
1040
5004
-1436
6800
2468
-1748
4940
-3104
-1572
2944
-4460
3196
3160
-644
7880
576
-36
4148
-4608
508
936
-4092
5592
1248
1084
7872
-1812
2000
2396
-5188
2964
-1576
-2584
6012
-988
4256
5620
-1980
3996
-800
-4268
3548
-3192
32
5416
-1512
6392
3056
-1880
5428
-2928
-2276
3048
-4248
2752
3616
-728
7732
976
-572
4464
-4084
40
1444
-4408
5056
1504
748
8068
-868
1596
2700
-5328
2628
-728
-3104
6144
-324
3380
6296
-2300
4080
24
-4432
3536
-3024
-520
5632
-1184
6000
3620
-2192
4872
-2412
-2620
3248
-4316
2040
3976
-1348
7792
1344
-968
4928
-4460
-208
1924
-4568
4936
1992
88
8144
-1024
1584
3116
-5376
2152
-656
-3320
6296
-140
3004
6608
-2108
3584
312
-4652
3464
-2596
-856
5860
-1184
5616
4332
-2196
5052
-2032
-3220
3376
-4048
1944
4664
-1456
7368
1788
-1280
5020
-4028
-736
2200
-4636
4704
1880
136
8132
-744
1288
3284
-5092
1740
-12
-3408
6068
88
2268
7044
-1980
3332
1104
-4968
3472
-2640
-1156
6136
-1048
5468
4196
-1828
4776
-1664
-3264
3320
-3836
1632
4688
-1348
7600
2008
-1500
5220
-3976
-1184
2396
-4480
4664
2320
-424
8156
-612
1224
3564
-5204
1452
-220
-3544
5992
240
2368
6840
-2084
2996
1020
-4744
3532
-2524
-1364
5736
-1100
5396
4764
-2304
4808
-1808
-3564
3624
-4072
1704
4760
-1672
7592
1636
-1104
5396
-4012
-892
2000
-4388
4228
2464
-212
7828
-260
820
3480
-5204
1620
292
-3716
6048
212
2252
6944
-1824
3096
1280
-5180
3104
-2232
-1428
6344
-1488
4952
4736
-2456
5256
-1812
-3636
3684
-4324
1712
4464
-1316
7724
1836
-1244
4908
-4044
-804
2336
-4364
4452
2272
-172
8144
72
768
3704
-5020
1080
272
-3624
6360
216
2132
6956
-2068
3564
736
-4844
3224
-2332
-1148
5740
-992
5016
4652
-2036
4616
-1512
-3812
3320
-3600
1424
4604
-1524
7172
2256
-1360
5320
-4076
-868
2332
-5240
4572
2508
-72
8096
-716
776
3560
-4912
1380
288
-3320
6016
308
2288
7112
-1936
3384
876
-4908
3300
-2536
-1128
5824
-1296
5272
4836
-2300
5040
-1936
-3284
3556
-4236
1976
4284
-1412
7224
1808
-1052
4892
-3912
-1148
2268
-4720
4228
2428
-240
8152
-580
536
3676
-5100
1752
40
-3864
5884
392
2420
7180
-1944
2864
1160
-4920
3252
-2052
-1464
6076
-1376
5052
4948
-2408
5096
-2180
-3104
3564
-4000
1632
4464
-1164
7228
1940
-1308
4868
-3888
-880
2512
-4688
4264
2184
84
8264
-740
764
3516
-5404
1572
-4
-3472
6252
-284
2576
6740
-1944
3396
804
-4784
3228
-2524
-1184
6088
-1380
5692
4468
-2184
4960
-1952
-3132
3548
-4304
2200
4244
-1316
7792
1436
-760
4832
-4168
-708
2040
-4540
5156
2016
-28
7848
-832
1540
3404
-5168
1736
-536
-3268
6316
-40
2852
6440
-2280
3672
192
-4488
3252
-2720
-672
5488
-1252
5844
3992
-2084
4852
-2484
-2844
3328
-4200
2488
3844
-1304
7760
1236
-532
4604
-4568
-332
1660
-4276
4852
1780
688
7864
-824
1572
2640
-4796
1972
-696
-2748
5856
-264
3412
6348
-2196
4032
-288
-4244
3524
-3352
84
5460
-1520
6664
3188
-2024
5228
-3148
-2184
3164
-4560
3220
3400
-928
7916
632
-236
4524
-4584
192
1400
-4428
5644
1220
856
7984
-1724
2308
2256
-5404
3124
-1732
-2272
6328
-1012
4056
5628
-2160
4524
-672
-4256
3440
-3304
524
5464
-1788
6872
3072
-1980
5408
-3752
-1652
2776
-4680
4008
2688
-472
7992
140
388
4024
-5056
968
200
-3908
6208
448
1740
6964
-1868
2972
1432
-4916
3068
-2288
-1808
6112
-1032
5116
5032
-2356
4708
-1916
-3312
3572
-3892
1648
4612
-1360
7364
1936
-1276
5288
-4140
-700
2172
-4780
4708
2360
-36
8284
-660
888
3456
-5068
1816
84
-3380
5796
-124
2804
6816
-2104
3356
228
-4660
3472
-2896
-804
5656
-1168
5924
4000
-2372
5208
-2828
-2488
3488
-4624
2796
3668
-1128
7972
700
-172
4548
-4744
224
1320
-4396
5568
1268
984
7864
-1356
1844
2540
-5148
2452
-1312
-2584
6296
-648
4068
5880
-2224
4372
-792
-4012
3560
-3756
868
5156
-1636
7052
2624
-1572
4912
-3596
-1384
2640
-4744
3776
2748
-232
8024
40
380
3932
-4888
904
588
-3816
6036
352
1924
7420
-2088
3188
1192
-4956
3224
-2468
-1116
6172
-1476
5456
4468
-2104
4720
-1840
-2888
3328
-4140
1664
4492
-1100
7648
1592
-836
4948
-4272
-672
1792
-4236
5004
1664
472
7888
-848
1264
3152
-5292
2168
-904
-3036
6324
-512
3424
6256
-2460
3804
-344
-4416
3800
-3612
168
5252
-1692
7024
3096
-1804
5316
-3252
-1992
2976
-4476
3320
3472
-828
8056
316
60
4004
-4388
660
704
-4132
5968
660
1816
7624
-1884
3056
1320
-5328
3308
-2216
-1444
6176
-1324
4972
4820
-2276
4732
-1696
-3308
3312
-4280
1644
4572
-1276
7536
1448
-1004
4800
-4076
-484
1828
-4500
4712
1624
216
7880
-892
1748
2628
-5212
2320
-1112
-2804
6076
-100
3392
6000
-2168
3952
-60
-4572
3664
-3248
-76
5744
-1752
6816
3212
-1876
5428
-3588
-1796
2984
-4616
3936
3040
-500
8012
-220
432
3972
-4888
1016
504
-4104
6192
220
2168
7308
-2120
2968
856
-4844
3168
-2348
-1380
5932
-1272
5396
4604
-2520
5036
-2336
-3076
3532
-4828
2892
4064
-1152
7896
844
-420
4644
-4524
-40
1348
-4432
5160
1664
1100
7876
-1124
2004
2356
-5040
2516
-1192
-2432
6204
-896
4196
5580
-2336
4560
-1092
-3912
3756
-4092
1028
5256
-1576
7228
2236
-1304
5024
-3772
-1448
2572
-4564
4012
2620
-380
8180
-592
680
3564
-5312
1864
-212
-3580
6120
56
2932
6848
-2004
3756
300
-4632
3576
-2896
-272
5444
-1756
6472
3640
-1716
5024
-3216
-2132
3080
-4500
3532
3292
-1012
8292
56
420
4140
-5200
876
588
-3792
5916
256
2028
7356
-1880
2732
1456
-5008
3260
-2508
-1652
6232
-1324
5016
4844
-2264
4656
-2044
-3212
3624
-4172
1968
4464
-1064
7720
1260
-704
4780
-4356
-528
1756
-4268
5120
1712
720
7832
-1104
1884
2560
-4876
2344
-1248
-2708
6476
-504
3808
6064
-2564
4504
-892
-3864
3852
-3736
756
4896
-1536
7092
2740
-1612
4892
-3572
-1680
2832
-4780
4092
2620
-240
8064
-572
844
3524
-4932
1380
-320
-3540
6232
-56
3088
6588
-2148
3508
716
-4696
3644
-3136
-532
5988
-1620
6324
3760
-2136
5316
-3184
-2364
3404
-4696
3228
3372
-732
8192
444
-112
4300
-4840
600
728
-4216
5972
468
1676
7692
-1816
2788
1484
-4984
3212
-2344
-2036
6260
-1040
5184
4904
-2424
4712
-1948
-3456
3612
-4252
2220
4156
-1352
8012
1172
-792
5036
-4580
236
1328
-4536
5340
1468
1016
7724
-1068
1824
2296
-4988
2312
-896
-2484
6344
-1024
4264
5796
-2384
4672
-1432
-4092
3868
-4152
1372
5004
-1720
7320
2136
-1228
5156
-4104
-1132
2100
-4572
4284
2244
316
8080
-732
836
3128
-5252
1984
-348
-3304
6468
-488
3100
6696
-2328
4352
-292
-4472
3712
-3688
536
5348
-1392
6860
2952
-1716
5344
-3608
-1448
2792
-4800
4072
2704
-196
8248
-92
512
3664
-5164
1392
140
-3600
6108
160
2252
7048
-2144
3752
292
-4912
3208
-3076
-648
5848
-1564
5924
3580
-2128
5040
-3060
-2116
3032
-4356
2716
3256
-1020
8076
816
-196
4384
-5092
476
1008
-3828
6108
788
1452
7164
-1792
2808
1776
-4608
2940
-2412
-2052
6336
-1040
5508
5156
-2492
4664
-2596
-3112
3840
-4052
2224
4028
-1564
7680
1116
-340
5096
-4436
-444
1212
-4676
5452
1756
1032
7908
-1788
1792
2568
-4992
2600
-1536
-2456
6060
-1064
4296
5796
-2016
4476
-1564
-3764
3468
-3716
1268
5056
-1308
7252
2192
-1304
5476
-4040
-1016
2280
-4896
4888
2252
220
8260
-740
1300
3116
-5244
1716
-488
-2940
6208
-312
2920
6648
-2312
3992
-128
-4484
3864
-3516
52
5564
-1656
6928
2916
-1836
5260
-3516
-1996
2728
-4436
3748
3268
-824
8244
28
48
4500
-5320
1296
116
-3916
6188
292
2600
6892
-2012
2984
540
-4376
3408
-2544
-1300
5776
-1240
5848
4400
-2196
5280
-2524
-3280
3476
-4568
2512
4156
-1112
7992
764
-472
4416
-4388
260
996
-4184
5196
1116
1364
7612
-1380
2344
1788
-5140
2652
-1948
-1996
6176
-1016
4916
5128
-2480
4592
-1620
-3224
3452
-4108
1688
4324
-1100
7428
1760
-1104
4828
-4004
-952
2060
-4508
4940
1972
472
8136
-968
1688
2800
-5048
2128
-1064
-2912
6632
-632
4080
5956
-2396
4212
-792
-3844
3444
-3608
340
5100
-1324
6936
2676
-1224
4868
-3780
-1696
2604
-4676
4096
2304
-132
8220
-344
916
3392
-5096
1512
24
-3432
6196
-72
2756
6736
-2008
3692
420
-4756
3328
-2696
-504
5804
-1480
6080
3788
-1996
5156
-3140
-2296
2940
-4356
3236
3252
-780
8052
540
264
4232
-4800
236
892
-4248
5904
816
1480
7504
-2224
2936
1732
-5048
3272
-2660
-1556
5892
-1172
5400
4688
-2052
4692
-1732
-3344
3472
-3980
1756
4576
-1572
7484
1616
-724
5168
-4656
-152
1832
-4784
5396
1400
844
8000
-1468
2016
2744
-5128
2464
-1372
-2428
6136
-780
3940
5876
-2028
4200
-872
-4084
3448
-3484
472
5328
-1372
6836
2544
-1588
5132
-3584
-1688
2532
-4764
4204
2584
-300
8284
-320
808
3648
-5124
1508
-36
-3496
5908
0
2636
7004
-1836
3548
328
-4624
3300
-2600
-828
5840
-1304
5868
4180
-2096
5192
-2608
-2856
3628
-4884
2912
3864
-1032
8140
548
-528
4376
-4620
244
1160
-4452
5252
1172
1400
7740
-1636
2072
1848
-5236
2976
-1820
-2188
6196
-1260
4508
5108
-2176
4784
-1448
-3772
3328
-4216
1488
4832
-1412
7524
1844
-1332
5012
-3616
-836
2132
-4496
4608
2472
24
7988
-480
1196
3248
-5316
1788
-484
-2852
6016
-12
3188
6416
-2040
3664
56
-4356
3312
-3140
-188
5792
-1688
6216
3536
-2068
4976
-3092
-2648
3320
-4452
3104
3380
-1216
7964
688
-48
4300
-4872
196
1112
-4300
5576
1160
1564
7556
-1824
2364
1876
-4708
2504
-1412
-2284
6072
-1076
4500
5520
-2268
4872
-1408
-3844
3724
-4028
1584
4924
-1244
7160
2180
-1400
4912
-3424
-1684
2452
-4704
4464
2524
-388
8320
-676
992
3564
-5112
1660
-528
-3284
5980
64
2912
6208
-1756
3276
528
-4452
3364
-2860
-1020
6208
-1760
5964
4008
-2000
5664
-2944
-2788
3144
-4192
3128
3532
-772
7448
932
-332
4600
-4052
-496
1548
-4260
5300
1444
640
8000
-1280
2004
2416
-5096
2588
-1464
-2496
6244
-508
3808
5632
-2008
4328
-584
-4312
3580
-3712
440
5352
-1468
6964
2676
-1700
5308
-3612
-1708
2672
-4688
3784
2824
-292
8128
48
272
3912
-5000
968
536
-3724
5976
356
1800
7424
-1680
3124
1104
-4656
3060
-2272
-1304
6004
-936
5200
4472
-2188
4884
-1868
-3376
3464
-4160
1660
4432
-1496
7660
1880
-980
5016
-4160
-696
1952
-4592
4664
2104
184
7992
-708
1088
3276
-5068
1756
-380
-3256
6144
-312
3060
6296
-2284
3980
140
-4360
3224
-3312
-164
5700
-1352
6116
3780
-1912
4732
-2588
-2636
3432
-4208
2756
3844
-872
7544
732
-92
4556
-4700
336
928
-4404
5792
920
1548
7700
-1984
2488
1824
-5112
2812
-1540
-2100
5936
-1116
4372
5548
-2180
4548
-1056
-3940
3220
-3644
1052
5192
-1520
6888
2588
-1800
5056
-3604
-1256
2896
-4836
3996
2632
-128
8464
-188
736
3636
-5340
1424
344
-3380
6416
0
2276
7172
-1904
3588
748
-4540
3296
-2552
-1432
5796
-1164
5684
4320
-2396
4604
-2292
-3076
3696
-4028
2136
3856
-1516
7732
1540
-672
4776
-4600
-380
1488
-4352
5236
1544
860
7804
-1076
1576
2420
-4648
2116
-816
-2852
6164
-512
3760
5952
-1932
4300
-608
-4260
3452
-3272
584
5220
-1488
6916
2744
-1620
5348
-3700
-1468
2656
-4736
4188
2616
-556
8208
-92
440
3668
-5216
1084
544
-3932
5776
176
2172
7272
-2064
3384
648
-4540
2996
-2652
-924
5708
-1056
5356
4308
-1716
4696
-2060
-2840
3308
-4180
2104
4196
-1328
7560
1524
-748
4960
-4456
-336
1564
-4388
5056
1524
976
7816
-1360
1876
2272
-4844
2532
-1240
-2412
5956
-976
4220
5772
-1884
4124
-1016
-4416
3392
-3480
684
5300
-1556
6820
2508
-1524
5384
-3496
-1348
2320
-4668
3916
2784
-232
8168
-152
496
3616
-4972
1128
524
-3920
6120
292
2272
7076
-2000
3328
1204
-4748
2836
-2372
-1096
6080
-1052
5652
4376
-2532
5360
-2632
-2592
3352
-4540
2668
3756
-832
7696
1156
-484
4544
-4368
-524
1808
-4240
5332
1276
780
8000
-1404
2216
2212
-5220
2808
-1776
-2248
6164
-944
4612
5472
-2172
4328
-912
-3976
3596
-3724
1128
5144
-1620
7312
2284
-1488
5172
-3876
-1052
2428
-4900
4364
2420
100
8528
-576
1052
2960
-5184
1812
-404
-2784
6116
-408
3060
6224
-1828
4008
108
-4476
3072
-3216
-496
5856
-1240
6348
3520
-2204
4796
-3000
-2132
3552
-4580
2992
3452
-1076
8108
556
288
4384
-5316
668
724
-3740
5940
696
1684
7212
-1680
2780
1692
-4536
2856
-1856
-1908
6004
-980
5196
5276
-2368
4688
-1980
-3600
3884
-3888
1856
4368
-1740
7808
1792
-728
4784
-4092
-880
1832
-4424
4832
1988
412
8064
-1100
1356
2768
-5268
2444
-1260
-2800
6096
-512
3600
6068
-2076
3996
-572
-4180
3524
-3192
428
5152
-1440
6784
3020
-1836
5224
-3352
-1804
2708
-4596
4012
2744
-544
8228
20
592
3680
-4928
1164
240
-3648
6216
412
2380
6756
-2040
3516
728
-4784
3412
-2728
-948
5708
-1320
5820
4424
-2328
5104
-2600
-2928
3324
-4380
2600
4052
-1296
7724
860
-464
4760
-4680
-4
1148
-4428
5228
1308
1064
7864
-1268
2144
1836
-4960
2620
-1284
-2020
5880
-808
4528
5192
-2132
4936
-1332
-3780
3680
-4248
1332
4788
-1328
7740
1948
-1360
4788
-4096
-1020
2380
-4216
4224
1884
-252
8124
-484
1424
2996
-5388
1984
-1128
-2780
6252
-584
3744
5824
-2264
3860
-412
-4164
3648
-3368
16
5276
-1560
6932
3316
-1640
5204
-3652
-1780
2752
-4376
3952
2928
-300
8008
176
140
4096
-4756
1120
444
-4024
6032
240
2132
7608
-2088
3624
464
-5068
3376
-2672
-600
5992
-1676
5488
4092
-2084
5240
-2488
-2752
3144
-4836
2636
3996
-880
8288
608
-632
4556
-4648
336
1404
-4012
5128
1100
804
7792
-1104
2128
2308
-5200
2388
-1472
-2184
6492
-780
4460
5208
-2244
4656
-1300
-3448
3612
-4004
1432
4416
-1164
7280
2060
-1064
4712
-4332
-788
2148
-4448
4596
2032
148
7944
-796
1100
3196
-5184
1760
-524
-3516
6176
-232
3180
6700
-2392
4020
-316
-4440
3736
-3380
216
5412
-1616
6548
3248
-1488
5168
-3316
-1792
2684
-4432
3280
3108
-108
8080
-36
236
4104
-4852
976
372
-3524
6300
112
2288
7060
-1984
3468
480
-4536
3384
-2656
-1044
5800
-1124
5572
4340
-2216
4952
-2656
-3208
3556
-4132
2680
3732
-1432
7964
920
-364
4776
-4824
288
644
-4256
5528
1284
1448
7396
-1392
2472
1904
-5056
2568
-1256
-2056
6200
-976
4376
5664
-2332
4772
-1448
-3700
3604
-4164
1440
4688
-1136
7328
1820
-1276
5048
-3812
-1136
2220
-4584
4576
2356
-396
8440
-976
1248
3112
-5496
2384
-944
-3128
6136
-156
3292
6260
-2180
3648
-16
-4484
3608
-3332
-176
5548
-1348
6632
3024
-1912
5272
-3464
-1932
2776
-4632
3860
3040
-500
8312
-44
396
3928
-4964
988
736
-3824
6032
352
2064
7284
-1768
2960
1212
-4984
3372
-2328
-1504
6024
-1196
5708
4560
-2252
4656
-2340
-3080
3620
-4440
2392
3996
-1384
7848
1280
-584
4920
-4780
12
1248
-4788
5680
1280
1100
7676
-1796
2272
2156
-4928
2448
-1324
-2516
6176
-1012
4464
5800
-2472
4568
-904
-3976
3848
-3936
916
5268
-1860
7328
2444
-1372
5360
-4064
-1120
2312
-5036
4612
2364
52
8096
-848
952
3396
-5172
1588
-100
-3324
5860
100
2648
6652
-1988
3544
356
-4712
3412
-3032
-272
5608
-1384
6256
3336
-1940
5240
-3116
-2192
2944
-4604
3128
3372
-1040
8124
804
-44
4368
-4800
436
872
-4140
5924
1036
1488
7456
-1640
2668
1556
-5072
2924
-1712
-1964
5904
-980
4780
5524
-2296
4804
-1676
-3712
3664
-4080
1684
4464
-1400
7384
1996
-1232
4980
-4360
-928
2164
-4504
5000
2008
128
8128
-1260
1412
3184
-5204
2236
-988
-3352
6508
-444
3692
6400
-2216
3912
-256
-4324
3792
-3248
-32
5576
-1632
6576
3264
-2020
5572
-3272
-2160
2956
-4476
3500
3276
-824
7956
368
-192
4260
-4920
904
676
-4000
5816
460
2076
7152
-1664
2876
1116
-5068
3008
-2104
-1504
6316
-1336
5284
4544
-2344
5284
-2220
-2880
3332
-4432
2084
4212
-1124
7592
1552
-864
4448
-4332
-356
2084
-4492
5100
1604
488
8124
-1076
2112
2760
-5400
2212
-1316
-2604
6608
-556
3788
5744
-2340
4184
-204
-4056
3544
-3420
136
5424
-1588
7108
2836
-1836
5336
-3572
-1760
2672
-4668
3912
2964
-460
8236
-140
-44
3876
-4736
1040
780
-4232
5912
296
1956
7760
-2112
3408
1196
-5244
3684
-2516
-1216
6252
-1640
5428
4524
-2276
5188
-1996
-3176
3400
-4544
2112
4496
-1020
7876
1260
-812
4700
-4444
-252
2032
-4656
4708
1496
452
8124
-876
1880
2704
-5376
2252
-1060
-2868
6372
-472
3824
5712
-2480
4064
-204
-4156
3416
-3448
188
5096
-1196
6500
3596
-1848
4868
-3288
-2296
3408
-4672
3704
3416
-1152
8232
260
360
4284
-5212
1012
412
-4212
6108
656
2328
7132
-1952
2816
1376
-4808
2948
-2024
-1812
6292
-1336
5036
5108
-2220
4984
-1852
-3700
3524
-4056
1984
4324
-1456
7572
1480
-1160
5020
-4140
-668
1820
-4692
4804
2076
288
8064
-772
1400
3040
-5128
2016
-384
-3008
6216
-448
3320
6604
-2240
4112
96
-4648
3720
-3472
36
5604
-1328
6300
3424
-2052
5160
-2804
-2448
3192
-4376
2920
3416
-884
7948
680
-192
4588
-4956
436
804
-4256
5816
820
1512
7412
-1488
2396
1728
-4872
2936
-1784
-2304
6272
-1196
4820
5352
-2460
4820
-1584
-3736
3988
-4148
1620
4688
-1600
7472
1936
-1064
5180
-3888
-1084
2256
-4588
4380
2648
16
8060
-616
1064
3472
-5296
1768
-404
-3204
6108
-204
2820
6568
-2104
3524
260
-4596
3360
-3024
-632
5760
-1156
6000
3748
-2308
4872
-2228
-3108
3240
-4300
2612
3812
-1124
8040
996
-368
4596
-4608
272
1128
-4436
5648
1380
1328
7336
-1224
2112
2092
-4920
2664
-1280
-2376
6156
-732
4328
5412
-2248
4536
-944
-3876
3616
-3868
1000
4904
-1576
7216
2420
-1396
5024
-3660
-1556
2508
-4536
4100
2652
-508
8292
-480
508
3772
-5292
1732
-176
-3736
6000
204
2648
6988
-2028
3232
848
-4780
3524
-2440
-1132
5688
-1048
5752
4288
-1836
4816
-2456
-2952
3376
-4048
2372
4136
-1284
7948
1128
-536
4928
-4632
116
1484
-4544
5132
1436
760
8040
-1116
1452
2496
-4964
1892
-676
-2976
6296
-492
3308
6224
-2376
4132
-512
-4336
3916
-3628
180
5288
-1412
6740
3188
-1792
4944
-3308
-2356
3396
-4288
3264
3496
-1268
8148
432
28
4800
-5164
664
588
-4488
5980
1212
1732
7344
-1908
2600
1572
-4812
3052
-1692
-1864
5672
-936
4852
5116
-2468
4960
-1676
-3628
3480
-4184
1864
4836
-1596
7208
1696
-1104
4912
-3664
-1248
2384
-4604
4288
2660
-248
8212
-676
1036
3636
-5408
2200
-468
-3420
6332
-64
3152
6632
-2252
3536
508
-4488
3588
-2628
-972
5628
-1416
6064
4448
-1976
4888
-2252
-3144
3280
-4288
2756
4116
-1648
7808
960
-456
4708
-4320
-280
1588
-4648
5092
1668
932
8008
-1352
1920
2280
-5100
2508
-1020
-2292
5828
-984
3764
6012
-1864
3920
-260
-4444
3428
-3020
-40
5756
-1856
6572
3288
-2108
5492
-3372
-2176
2968
-4504
3476
3360
-752
8084
472
-112
4292
-4880
656
1020
-4044
5776
640
1528
7448
-1544
2604
1484
-5156
2924
-1780
-2140
5940
-820
4604
5188
-1988
4244
-1080
-4004
3680
-3888
956
4908
-1652
7020
2452
-1392
5192
-3952
-1400
2512
-4448
4184
2484
-200
7944
-120
348
3900
-4832
1036
636
-3888
5928
548
1972
7320
-1836
3016
1292
-4904
3468
-2632
-1344
6068
-1276
5524
4416
-2044
4740
-1992
-3216
3532
-3904
1680
4324
-1764
7592
1976
-1112
5084
-4384
-1120
2076
-4520
4664
2284
-104
8016
-792
812
3580
-5280
2088
-408
-3464
6112
-112
2996
6708
-1992
3560
520
-4528
3264
-2700
-384
5672
-1336
5640
4096
-2184
5152
-2532
-2568
3392
-4676
2700
4108
-864
7684
808
-492
4692
-4368
-472
1776
-4256
4876
1792
372
7724
-964
1248
3072
-5220
2180
-764
-3180
6352
-476
3532
6296
-2236
3744
-320
-4052
3416
-2840
-428
5524
-1376
6140
3724
-2004
5392
-2812
-2712
3204
-4780
3232
3756
-1056
8036
704
-540
4460
-4316
120
1488
-4244
4928
1528
620
7828
-896
1848
2276
-5084
2252
-984
-2520
6052
-216
3592
5828
-2224
4020
-40
-3932
3200
-3248
-76
5276
-1076
6140
3616
-2080
4804
-2644
-2608
3448
-4544
3004
3516
-1396
8216
508
72
4600
-5028
664
884
-4172
5556
1164
1404
7412
-1304
1872
2372
-4764
2368
-1032
-2724
6052
-448
3904
6044
-2396
4260
-604
-3952
3572
-3632
428
5292
-1200
6336
3020
-1920
5332
-3224
-2428
3088
-4472
3676
3272
-1128
7920
464
28
4548
-4876
432
996
-4452
6032
1040
1296
7468
-1644
2228
2392
-5076
2668
-1344
-2448
6232
-836
4048
5928
-2140
4468
-1056
-4380
3536
-3184
756
5484
-1636
6324
2648
-1372
5588
-3116
-2232
2580
-4532
3224
3376
-752
8340
316
-492
4124
-4668
464
1136
-4056
5344
940
800
7524
-964
2256
2228
-5044
2268
-1504
-2208
6536
-508
3896
5676
-2468
4796
-536
-3844
3428
-3592
564
5264
-1464
6504
3320
-1884
5240
-3284
-2288
3200
-4300
3180
3352
-832
7896
732
-272
4704
-4484
72
1080
-4172
5392
1480
840
8036
-1512
1464
2224
-4676
2696
-1184
-2716
5856
-312
3496
6176
-1868
3872
-560
-4476
3556
-2604
-76
5504
-1576
6188
3436
-2112
5724
-2840
-2336
2888
-4668
3184
3788
-1116
7944
1068
-460
4624
-4612
-160
1712
-4532
5232
1452
564
7928
-1336
1992
2636
-5148
2088
-1096
-2608
6116
76
2916
6156
-2164
3564
540
-4224
3408
-2928
-920
5776
-1432
6148
4096
-2128
5092
-2932
-2464
3252
-4064
2532
4036
-1472
7580
1332
-576
5116
-4340
-672
1828
-4372
4820
1908
348
8044
-772
1032
3200
-4780
1908
-320
-3324
5784
248
2244
7004
-1676
3136
672
-5040
3300
-2316
-852
6096
-1424
5064
4240
-2180
5452
-1764
-3068
3136
-4456
1924
4520
-936
7292
1872
-1488
4792
-3840
-1172
2840
-4728
4336
2216
-516
8132
-372
1144
3288
-4872
1036
56
-3360
5708
648
1860
7172
-1628
2744
1548
-4648
2908
-1880
-1896
6180
-992
4740
5268
-2184
4764
-1528
-3420
3628
-3600
928
4876
-1612
6932
2512
-1516
5212
-3420
-2040
2712
-4428
3620
3320
-932
8052
152
28
4200
-4740
880
1068
-4120
5416
1044
1128
7860
-1224
2236
1808
-5204
2588
-1160
-2348
6164
-628
3644
5880
-2072
4340
-240
-4240
3604
-3440
-56
5496
-1232
6544
3192
-2124
5004
-2896
-2200
3100
-4292
2552
3592
-1024
7892
1236
-752
4660
-4600
-344
1732
-4352
5436
1488
144
7656
-840
1716
3000
-4832
1912
-632
-3284
6104
220
2972
6436
-2172
3472
652
-4632
3472
-2440
-1132
5816
-1344
5324
4672
-2168
4968
-1868
-3260
3564
-4008
1832
4652
-1484
7388
1784
-1324
5188
-4028
-800
2068
-4436
4028
2628
-172
7640
64
120
3952
-5016
1268
528
-3820
6008
428
1744
7192
-1368
2604
1648
-5116
3040
-1848
-2020
6128
-820
4240
5168
-2308
4560
-936
-3908
3740
-3620
632
5164
-1480
6960
2756
-1576
5296
-3168
-1988
2760
-4452
3212
3488
-736
7968
420
-392
4556
-4236
140
1268
-4084
5196
1204
724
7864
-1252
2108
2300
-4988
2332
-1124
-2824
6448
-472
3064
6116
-2484
4224
100
-4420
3748
-3032
-572
5528
-1072
5740
4212
-2128
5172
-2320
-3292
3588
-4368
2568
4160
-1488
7540
1444
-784
4988
-3848
-736
1940
-4244
4292
2524
0
8080
-408
708
3664
-5312
1764
112
-3672
6032
52
2264
6876
-1836
3212
988
-4680
3020
-2188
-1524
6056
-1084
5156
4972
-2436
4572
-1516
-3672
3872
-3884
1076
4600
-1596
7356
2276
-1176
5092
-3648
-1584
2416
-4340
4008
2904
-560
8020
-124
204
4168
-4436
560
936
-4244
5556
1144
1060
8044
-1436
2332
2016
-5456
3124
-1452
-2288
6292
-816
3844
5460
-2176
4748
-760
-3980
3488
-3496
120
5364
-1320
6340
3092
-1936
5156
-2912
-2452
3088
-4320
2760
3340
-1052
8016
932
-496
4784
-4652
32
1436
-4268
5500
1552
472
7788
-1060
1792
2820
-5116
2312
-864
-2876
6016
164
2852
6500
-2212
3708
364
-4480
3256
-2656
-664
5620
-1224
5708
4072
-2260
5104
-2292
-2920
3372
-4180
2108
4172
-1516
7488
1552
-1128
5024
-4104
-624
1888
-4392
4372
2100
276
8008
-684
536
3504
-4816
1768
200
-3788
5972
128
2144
7476
-1744
3352
864
-5016
3136
-1784
-1416
6144
-1120
4588
4796
-2328
5088
-1012
-3632
3380
-4244
1336
5048
-1012
7316
2380
-1784
4816
-3316
-1520
2908
-4496
3428
2980
-888
7972
344
172
4392
-5060
692
572
-3908
5556
1248
1428
7328
-1628
2072
2284
-5012
2836
-1176
-2632
6108
-608
3768
5720
-1916
3960
-452
-4352
3540
-3020
152
5416
-1576
6196
3364
-1780
5300
-2964
-2412
3136
-4316
3176
3760
-1248
7844
944
-524
4884
-4648
56
1196
-4520
5100
1656
628
7840
-1116
1312
2888
-5016
2104
-520
-3244
6252
-448
3188
6548
-2232
4028
112
-4356
3188
-2632
-568
5580
-1064
5460
4260
-2260
5076
-1952
-2736
3364
-4196
1868
4236
-1424
7632
1856
-1208
5216
-4216
-660
2312
-4364
4520
2328
-220
7924
-220
876
3416
-4688
920
528
-3572
5524
724
1844
7492
-1948
2716
1560
-4844
3484
-2316
-1656
6012
-1260
4720
4948
-1924
4512
-1504
-3600
3488
-3472
1032
5020
-1464
6704
2852
-1508
5564
-3392
-2112
2896
-4436
3636
3260
-632
7976
476
-124
4320
-4420
384
1116
-4352
5420
1348
720
7740
-1228
2020
2556
-5044
2536
-1020
-3068
6304
-392
3132
6056
-2152
3812
-20
-4484
3520
-2756
-580
5468
-1400
5708
4148
-2484
5036
-2272
-3060
3596
-4492
2212
4048
-1208
7572
1812
-984
4784
-4008
-816
2356
-4284
4468
2208
228
7812
-304
676
3860
-4948
1612
64
-3624
5816
464
2116
6840
-1496
2512
1524
-4820
2744
-1456
-2068
6256
-888
4248
5428
-2676
4764
-1176
-3652
3636
-4028
628
4836
-1100
6856
2672
-1360
4840
-3152
-1852
2820
-4064
2888
3212
-840
8012
884
-580
4708
-4516
176
1276
-4360
5548
1556
656
7800
-884
1872
2772
-5068
2124
-536
-3076
5972
244
2800
6436
-2204
3820
588
-4740
3360
-2572
-1176
5824
-1420
5448
4316
-2476
5096
-1996
-3076
3292
-4324
1596
4688
-1156
7020
2040
-1400
4920
-3488
-1392
2392
-4356
3624
3032
-532
7944
232
188
4068
-4864
972
872
-3864
5692
896
1460
7292
-1468
2264
1980
-4656
2472
-988
-2788
5980
-408
3420
6508
-2520
4140
-308
-4756
3744
-2980
64
5712
-1560
5900
3760
-1992
5068
-2096
-2660
3100
-4424
1792
4268
-1108
7832
1648
-1156
4736
-4156
-576
2480
-4256
4384
2032
-288
8040
-240
952
3664
-4796
1176
64
-3556
5740
1164
1596
7168
-1832
2660
1916
-4724
3024
-1560
-2284
6032
-532
4224
5608
-2124
4380
-624
-4256
3428
-3100
304
5388
-1472
6232
3276
-1820
5064
-2464
-2624
3280
-4312
2320
4072
-1256
7744
1208
-944
4904
-4216
-384
1824
-4660
4728
1952
180
8224
-612
916
3380
-5180
2040
572
-3856
5648
212
2028
7244
-1704
3100
1284
-5044
2832
-1804
-1776
6140
-468
4024
5284
-2240
4236
-388
-3760
3744
-3568
4
5232
-1512
6600
3264
-1828
5100
-2924
-2440
3184
-4344
2560
3824
-1192
7392
1488
-992
4840
-4200
-536
1992
-4676
4956
1928
296
7980
-884
1204
3296
-4848
1804
-52
-3668
5764
252
2072
7216
-1928
3372
1108
-4776
3028
-1880
-1640
5908
-884
4528
5184
-2248
4340
-852
-3728
3716
-3476
260
5024
-1244
6916
2860
-1660
4956
-3156
-2136
3232
-4324
3016
3468
-1164
7816
780
-200
4720
-4348
-200
1344
-4192
5092
1800
156
7960
-544
1072
3220
-5148
2036
-44
-3216
5640
452
2256
6808
-1708
3264
1056
-4968
2840
-1900
-1360
5944
-896
4804
4668
-2160
4568
-1064
-3480
3308
-3444
548
5184
-1532
6640
3132
-1916
5116
-3136
-1952
3184
-4656
3340
3284
-1292
7748
572
-352
4504
-4600
-4
1560
-4556
5208
1532
292
7996
-884
1408
3128
-5024
1772
-140
-3468
5912
-56
2404
6940
-2012
3224
1184
-4784
3248
-2080
-1748
6192
-984
4724
5068
-2396
4444
-944
-3712
3764
-3260
540
4984
-1564
6548
3036
-1764
5480
-3124
-2304
2800
-4424
3232
3888
-1020
7564
704
-752
4820
-4132
-164
1784
-4748
4756
1936
324
8016
-1064
1284
3072
-5140
1788
-312
-2932
5944
-156
2308
6512
-1600
3208
1060
-4548
2908
-2036
-1836
6460
-764
4288
5172
-2272
4504
-872
-3984
3672
-3396
632
4992
-1404
6512
2900
-1772
5296
-2780
-2220
3044
-4484
2924
3768
-1028
7932
840
-900
4672
-4444
-44
2032
-4592
4956
1576
100
8036
-744
1432
2992
-5028
1736
-200
-3356
5916
540
1912
6728
-2004
3048
1660
-4748
3228
-1984
-1960
6328
-1048
4884
5496
-2280
4448
-1076
-3636
3668
-3468
508
5308
-1748
6172
3244
-1476
5084
-2612
-2616
3060
-4460
2512
4196
-1120
7516
1044
-972
4792
-3996
-388
2072
-4600
4192
2008
-116
8120
-204
852
3456
-5088
1412
172
-3400
5792
416
1828
6712
-1456
2824
1936
-4876
2688
-1324
-2320
6316
-784
4292
5640
-2596
4308
-380
-4052
3900
-3428
380
5268
-1596
6372
3428
-1452
4952
-2624
-2684
3168
-4024
2432
4292
-1260
7228
1440
-1180
5220
-4044
-340
2012
-4828
4492
2328
172
7928
-320
484
3644
-4784
1340
660
-3928
6040
324
1752
7080
-1652
2928
1736
-4936
2572
-1560
-1856
6200
-380
4020
5492
-2276
3908
-140
-4036
3764
-2948
-436
5448
-1888
6376
3916
-1916
5180
-2736
-2804
3316
-4016
2876
3944
-1320
7316
1344
-792
4856
-3748
-704
1708
-4648
4492
2328
-112
8132
-424
464
3464
-4984
1468
452
-3696
5500
856
1536
6836
-1168
2720
1620
-4976
2736
-1420
-1964
5808
-456
4072
5568
-2232
4172
-432
-3836
3644
-3188
-68
5460
-1452
6276
3508
-1924
5160
-2680
-2536
3164
-4156
2492
3824
-1100
7208
1632
-1028
4980
-3948
-968
2000
-4624
4740
2192
-164
8052
-532
880
3272
-4816
1612
344
-3696
5492
696
1728
7176
-1548
2668
1824
-4980
2668
-1564
-1996
6348
-692
3716
5700
-2372
4552
-568
-3900
3536
-3284
-4
5280
-1204
6184
3412
-2088
5108
-2556
-2544
3224
-4324
2384
3908
-1372
7564
1412
-760
4752
-4008
-808
2128
-4440
4632
2404
-464
7696
-456
780
3864
-5184
1564
164
-3788
5936
432
1972
7304
-1836
2916
1592
-4816
2816
-1472
-1920
5992
-772
4088
5552
-2208
4480
-456
-3980
3464
-3164
-52
5708
-1460
6244
3452
-2052
5344
-2664
-2420
3184
-4256
2668
3884
-1408
7780
1380
-700
4684
-4280
-744
1840
-4412
4844
2364
-380
7392
-344
928
4008
-4988
1056
364
-3996
5832
664
1856
7432
-1904
2616
1540
-5056
3140
-1560
-2292
6052
-960
4088
5576
-2076
4676
-536
-4056
2964
-2772
-212
5724
-1184
5508
3860
-2324
5328
-1952
-3020
3496
-4340
2092
4440
-1260
7524
1544
-1340
4752
-3960
-972
2496
-4576
4320
2376
-504
7784
-340
964
4096
-4940
820
608
-3848
5688
780
1268
7176
-1680
2284
1988
-4832
2648
-1348
-2732
6232
-628
3524
6296
-2312
4000
-216
-4332
3512
-2684
-416
5996
-1660
5488
4200
-2032
5632
-2456
-3116
3436
-4384
2088
4288
-1100
7140
1808
-1252
4808
-3336
-1456
2596
-4536
3700
2788
-840
8020
316
116
4144
-5072
720
872
-3808
5680
1148
1040
7032
-1176
2120
2620
-4696
2280
-848
-3220
6252
-420
3560
6512
-2256
3844
-24
-4340
3612
-2488
-608
5580
-1240
5228
4444
-1916
5112
-1840
-3272
3252
-4036
1792
4640
-1292
6948
1940
-1072
4860
-3380
-1424
2432
-4264
3308
3096
-740
8024
492
-144
4120
-5044
732
1040
-4164
5380
1196
1104
7200
-1268
1996
2516
-4812
1892
-684
-2852
5932
36
2840
6464
-2144
3548
844
-4656
3352
-2584
-988
5832
-1220
5564
4588
-2268
4736
-1716
-3104
3520
-3984
1588
4796
-1700
6988
2340
-1500
5076
-3760
-1276
2928
-4924
3664
2820
-440
8092
-108
152
4236
-4640
444
700
-4104
5208
1344
908
7612
-1308
1604
2728
-4880
2088
-636
-3072
6168
76
2952
6500
-2112
3832
316
-4604
3312
-2640
-616
5764
-1256
5220
4396
-2028
5060
-1560
-3432
3456
-4208
1524
5016
-1580
7540
1760
-1524
5172
-3512
-988
2296
-4328
3948
2816
-540
7732
496
296
3856
-4464
260
1184
-4284
5396
1496
672
7556
-1156
2076
2680
-5236
2236
-1040
-2672
6104
-196
3144
6112
-1852
3528
596
-4352
3204
-2624
-1088
5956
-1580
5796
4236
-2076
5112
-2184
-3048
3500
-3868
1712
4408
-1236
7128
2280
-1196
5080
-3488
-1556
2656
-4636
3828
2704
-684
7772
260
112
4244
-4888
872
516
-3852
5652
1008
1172
7100
-984
2192
2240
-4816
2044
-796
-2552
6144
-120
3084
6172
-2004
3812
240
-4396
3556
-2860
-668
5696
-1376
5688
4168
-2272
5220
-2520
-2960
3660
-4148
2016
4048
-1412
7392
1772
-988
5124
-3796
-1420
2332
-4316
4004
2932
-584
7640
-88
144
3956
-4568
976
708
-3908
5268
808
1364
7468
-1360
2456
1936
-5076
2800
-1392
-2356
6076
-928
3660
5920
-1984
4144
-108
-4364
3588
-2968
-320
5584
-1428
6052
3908
-2156
4756
-2264
-2972
3532
-3944
2028
4048
-1520
7544
1852
-1160
5032
-3896
-1016
2212
-4596
4400
2472
-428
7860
-312
576
3992
-5096
1300
464
-3880
5532
704
1628
7252
-1620
2436
1700
-4792
2648
-1184
-2224
5884
-692
3644
5680
-1712
4076
-192
-4452
3336
-3208
172
5940
-1424
5956
3292
-1876
5384
-2404
-2464
3300
-4384
2452
3904
-988
7636
1344
-844
4784
-3936
-588
2132
-4704
4480
1916
-112
8028
-192
644
3592
-4784
1140
436
-3612
5736
832
1616
7004
-1656
2668
1660
-4940
2672
-1732
-2192
6296
-768
4028
5472
-2400
4384
-784
-3900
3628
-3396
272
5332
-1276
6392
3556
-1616
4992
-2832
-2628
3340
-4024
2488
4308
-1608
7740
1036
-736
5184
-4536
-220
1672
-4552
4888
1888
340
7772
-532
1072
3180
-4804
1692
-192
-3416
5756
176
2476
6564
-1644
2944
1164
-4740
2888
-2016
-1728
6060
-1048
4552
5164
-2384
4932
-1320
-3716
3664
-4164
1084
5212
-1432
6632
2708
-1612
5204
-2972
-1836
2992
-4568
3144
3496
-712
7824
552
-52
4276
-4436
116
1072
-3968
4860
1504
596
7836
-1156
1596
3032
-5160
2040
-648
-3296
6348
-140
2704
6752
-2348
3728
624
-4932
3616
-2816
-848
5720
-1304
5404
4732
-2092
4704
-1748
-3356
3524
-3956
1364
4600
-1460
7088
2280
-1508
5192
-3744
-1448
2320
-4320
4088
2896
-328
7864
12
264
3848
-4304
792
1032
-4096
5384
1052
1416
7344
-1300
2404
1928
-5032
2708
-1368
-2680
6088
-532
3692
5856
-2552
4224
8
-4632
3644
-3476
-76
5936
-1936
6148
3572
-2128
5360
-2716
-2356
3344
-4444
2324
4256
-1404
7948
1604
-1164
5232
-4472
-304
2116
-4784
4884
1972
180
7732
-592
1076
3300
-4476
1500
184
-3732
5860
452
2208
7172
-2092
2888
1316
-5244
3276
-2160
-1804
6068
-1136
4600
5112
-2244
4548
-940
-3988
3524
-3476
732
5320
-1792
6480
2908
-1684
5436
-3400
-1884
2860
-4560
3464
3348
-600
7876
528
-500
4288
-4412
572
1432
-4172
5048
1232
828
7488
-568
1980
2312
-5356
2024
-768
-2788
6528
-260
2920
6080
-2564
3932
692
-4216
3240
-2900
-988
5580
-1060
5452
4328
-2048
4524
-1980
-3008
3752
-3988
1564
4332
-1552
7620
1832
-976
4892
-3888
-1052
2336
-4272
4124
2812
-348
7784
32
532
3688
-4540
1232
392
-3628
5652
596
1836
7124
-1552
2484
1340
-4976
2768
-1396
-1948
6124
-996
3860
5668
-2208
4928
-980
-4200
3532
-3840
896
5356
-1308
6724
2768
-2092
5128
-2772
-2060
3044
-4508
2720
3464
-1012
8032
1068
-328
4416
-5000
284
1680
-4220
5372
1240
368
7476
-928
2092
2676
-4888
1836
-768
-2820
5860
256
2956
6472
-1956
3576
400
-4552
3528
-2640
-548
5536
-1284
6016
3904
-2172
4792
-2036
-3092
3308
-4172
2084
4484
-1472
7552
1784
-1328
5320
-4176
-820
2140
-4756
4672
2024
104
7712
-672
924
3340
-4760
1368
196
-3568
5828
336
2252
7336
-1940
2736
1292
-4948
3140
-1664
-1716
6052
-1196
4536
5156
-2184
4980
-1552
-3476
3604
-3904
1152
4948
-1284
7052
2572
-1944
4884
-3252
-1524
3200
-4684
3328
2980
-1164
8196
492
-56
4392
-5280
572
1100
-4368
5916
712
1212
7328
-1784
2312
2200
-4844
2668
-1588
-2580
6136
-520
3996
5928
-2224
4164
-544
-4192
3584
-3224
80
5624
-1720
6348
3256
-1596
5584
-3024
-2148
2920
-4888
3064
3896
-604
7740
592
-588
4436
-4168
64
1536
-4172
4776
1300
992
7604
-524
1396
2344
-5104
2088
-628
-2792
6240
-352
2940
6188
-1984
3820
300
-4536
3216
-2976
-336
5728
-1160
5852
4072
-2176
4844
-2296
-2844
3364
-4160
2352
4288
-1284
7572
1648
-916
5052
-4248
-536
1980
-4396
4988
2072
380
7692
-592
1024
3304
-4940
1664
-84
-3580
6360
-248
2560
6880
-2064
3716
280
-4844
3356
-2704
-748
5960
-1328
5088
4188
-2316
5144
-1748
-3220
3360
-4216
1492
4448
-1056
7572
1728
-1288
4888
-4008
-932
2156
-4268
4212
2348
-116
8004
-344
920
3668
-4976
1328
-100
-3324
6240
216
2480
6764
-2092
3200
672
-4476
3268
-2044
-1488
5596
-1340
4908
5088
-2324
5004
-2056
-3584
3804
-4100
1912
4580
-1764
7220
1744
-1328
5372
-3772
-1196
2408
-4740
4220
2412
-324
8584
-464
680
3592
-5340
1792
-148
-3552
5744
260
2308
7056
-1656
3004
1112
-4780
3224
-2096
-1552
6044
-1184
4880
5060
-2316
4992
-1784
-3776
3688
-4052
1616
4624
-1444
7216
2200
-1320
4980
-3684
-1420
2424
-4488
4124
2576
-360
8212
-436
736
3612
-5312
1780
-80
-3660
6180
184
2108
7196
-1824
3220
968
-5056
3096
-2220
-1608
6236
-1064
5012
4768
-2552
4932
-1460
-3324
3428
-4288
1676
4520
-1272
7400
2008
-1108
4700
-3860
-1140
2440
-4528
4144
2412
-28
8024
-344
724
3740
-4992
1448
-100
-3656
5740
420
2008
7132
-1984
2916
936
-5092
3236
-1980
-1308
5876
-1244
5088
4548
-1920
4888
-1784
-3348
3348
-4100
1900
4552
-1048
7196
1892
-1660
4912
-3564
-712
2480
-4932
4372
2472
32
8224
-304
756
3456
-5404
1608
192
-3624
6388
52
2364
7040
-2004
3156
988
-4584
2972
-2232
-1468
5748
-1120
5104
4728
-2164
4560
-1796
-3592
3588
-3992
1764
4472
-1640
7552
1784
-1144
5236
-4212
-1116
2092
-4552
4592
2428
104
7884
-604
848
3492
-4912
1508
-240
-3484
6024
76
2436
7160
-2080
3204
868
-4696
3408
-2676
-1192
6132
-1176
5156
4528
-2052
5124
-2032
-3336
3504
-4180
2052
4216
-1316
7588
1772
-1164
5036
-3908
-904
2436
-4824
4552
2260
-216
8156
-480
1088
3340
-5044
1636
-240
-3376
5656
572
2032
6860
-1572
3144
1144
-4860
3212
-2272
-1184
6004
-788
5024
4316
-2160
5044
-1592
-3332
3296
-3984
1572
4444
-1044
7404
2064
-1168
4816
-3664
-1072
1980
-4468
4464
2344
-196
7736
-512
1112
3124
-4716
1300
-36
-3596
5724
288
2452
6856
-1956
3104
1096
-4644
3196
-2476
-1392
6124
-1304
5352
4744
-2056
4968
-2216
-3412
3756
-3792
1376
4640
-1456
7484
2040
-1100
5252
-4128
-912
2320
-4712
4864
2148
72
7988
-900
1112
3572
-4772
1344
-12
-3772
5912
304
2408
7028
-2008
3148
868
-4864
3404
-2348
-1264
5672
-1284
5208
4552
-2264
4844
-1600
-3688
3520
-4248
1636
4688
-1480
7448
1940
-1360
5100
-3996
-800
2444
-4704
4132
2216
52
8176
-492
896
3556
-4772
1372
44
-3580
6264
96
2360
6872
-2136
3300
920
-4604
3440
-2580
-1284
5956
-1160
5312
4656
-2188
4852
-1860
-3476
3624
-4284
1808
4384
-1496
7376
1728
-860
5112
-4256
-1020
2032
-4600
4592
2164
96
7908
-728
772
3332
-4812
1628
4
-3800
5960
340
2380
7208
-2116
3380
724
-4712
3288
-2504
-968
5660
-1140
5160
4436
-1936
4624
-1596
-3224
3380
-4016
1692
4736
-1324
7540
1520
-1200
5084
-4096
-708
2100
-4532
4576
1908
248
7784
-332
792
3436
-4864
1560
-336
-3652
6096
148
2700
6512
-1880
3292
536
-4580
3612
-2704
-1048
5752
-1108
5472
4340
-2000
4696
-1964
-3236
3512
-3972
1712
4376
-1272
7512
1776
-1208
4868
-3780
-984
2244
-4388
4552
2224
-96
8124
-480
900
3500
-5172
1664
-620
-3328
6332
-92
2424
6824
-1948
3140
736
-4772
3560
-2652
-1352
5840
-1412
5496
4364
-1828
4700
-2072
-3512
3240
-3472
1644
4424
-1252
7400
2088
-1344
5044
-4120
-748
2224
-4932
5036
2008
-96
8276
-756
1256
3056
-4892
1752
-12
-3404
5960
108
2508
6760
-1704
3272
1096
-4916
3096
-2324
-1388
6088
-1240
4976
4592
-2280
4840
-1984
-3268
3484
-3956
1652
4332
-1316
7204
2136
-1064
4776
-3556
-1348
2272
-4688
4352
2680
-192
7780
-336
780
3636
-4704
1456
192
-3736
5680
152
2296
7344
-1744
3304
728
-4692
3324
-2204
-1072
5740
-1044
4860
4844
-2008
4556
-1316
-3788
3644
-4016
1496
4968
-1464
7468
2132
-1572
5220
-3776
-1044
2468
-4804
3904
2496
-212
8040
152
468
3928
-4976
772
656
-3704
5836
676
1544
7520
-1944
3060
1660
-4976
3140
-2128
-1956
6168
-636
4528
5252
-2356
4480
-1304
-3816
3680
-3564
776
4872
-1408
6848
2988
-1792
5408
-3160
-2112
2780
-4560
3596
3268
-832
8128
188
-288
4180
-4748
920
672
-4184
5576
868
1116
7672
-1252
2104
1812
-5016
2668
-1284
-2588
6204
-624
3892
5568
-2216
4296
-472
-4316
3516
-3012
-332
5544
-1680
6700
3340
-1944
5092
-3124
-2012
3092
-4216
2984
3584
-1080
7740
1192
-436
4660
-4700
216
1420
-4400
5288
1516
820
7384
-852
1972
2412
-5004
1872
-588
-2808
5720
44
3052
6356
-2036
3480
508
-4444
3312
-2660
-772
5872
-1744
5896
4516
-2272
4972
-2368
-2932
3628
-4276
2440
4060
-1444
7564
1404
-776
5096
-3964
-736
1876
-4812
4964
2244
332
7924
-860
1352
3108
-5084
1660
-152
-3184
5716
264
2320
6764
-2080
3192
1096
-4684
3340
-2708
-1232
5804
-1020
5144
4816
-2160
4436
-1772
-3376
3436
-3856
1460
4480
-1024
7024
1904
-1216
5040
-3564
-1184
2232
-4436
4120
2528
-172
8008
-160
416
3844
-4804
1212
448
-3728
6000
96
1972
7156
-1516
3236
1040
-4928
2724
-1852
-1636
5992
-728
4420
5188
-2440
4696
-844
-3912
3604
-3988
976
4796
-1656
7044
2684
-1284
4708
-3464
-1748
2672
-4028
3416
2960
-724
7528
556
100
4224
-4604
432
900
-3812
5644
900
1380
7364
-1300
2316
2032
-4920
2516
-1304
-2408
6260
-644
3672
5916
-2344
4184
-620
-4352
3920
-3456
480
5324
-1832
6608
2924
-1420
5152
-3284
-2224
2936
-4324
3064
3368
-816
7960
608
-404
4568
-4564
160
1356
-4372
5428
1232
832
7696
-1016
1796
2496
-4976
2240
-700
-2876
5912
-264
3196
6100
-1912
3792
276
-4504
3468
-2964
-148
5344
-1064
5932
3812
-1612
4864
-2172
-3192
3240
-4012
2488
4128
-1260
7340
1400
-940
5048
-3828
-784
1868
-4776
4864
1612
300
8180
-1072
1204
2808
-5268
1980
-264
-3040
6008
-452
2496
6580
-1724
3712
512
-4996
3076
-2500
-1140
6188
-1064
5248
4432
-2340
4680
-1596
-3216
3620
-4104
1532
4264
-1048
7416
1784
-924
4976
-3888
-1140
2112
-4288
4584
2372
-232
8116
-476
932
3620
-5128
1496
260
-3820
6148
248
2020
6984
-2016
2936
1132
-4936
2996
-1932
-1632
5852
-1232
4896
4852
-1948
4560
-1360
-3644
3404
-3920
1088
4848
-1368
6956
2372
-1388
5272
-3676
-1208
2532
-4428
3820
2928
-564
8172
236
348
3928
-4956
952
720
-3724
5732
496
1904
7152
-1548
2732
1584
-4964
2836
-1764
-1912
5892
-1028
4644
5404
-2172
4408
-1448
-3596
3392
-3564
736
4852
-1436
6604
2688
-1224
4868
-3356
-1980
2672
-4148
3400
3108
-572
8232
252
-88
4408
-5056
1172
484
-4068
5900
852
1776
7260
-1440
2376
1740
-4752
2704
-1088
-2324
6124
-748
4004
5740
-2228
4776
-1040
-4256
3296
-3444
660
5076
-1292
6528
2860
-1904
4992
-3020
-2084
2988
-4692
3300
3184
-876
8184
164
140
4092
-5180
536
1016
-3784
5720
652
1136
7376
-1340
2484
1944
-5084
2644
-1740
-2092
6304
-720
4524
5184
-2116
4396
-740
-3540
3756
-3756
684
4748
-1196
6892
3036
-1236
4752
-3352
-1956
2940
-3992
3356
3120
-608
7836
320
104
4304
-4616
800
400
-4072
5744
888
1772
7364
-1408
2240
1576
-4956
2712
-1060
-2508
6108
-992
3980
5628
-2272
4600
-760
-4308
3620
-3572
848
5260
-1556
7072
2176
-1552
4944
-3288
-1468
2336
-4452
3484
3148
-488
8272
304
-108
3992
-4916
1020
968
-3944
5632
596
1212
7364
-1504
2712
1592
-5324
2920
-1920
-1916
6112
-916
4716
5128
-2316
4520
-1224
-3572
3440
-3908
924
4788
-1520
6876
2648
-1384
5068
-3636
-1864
2772
-4416
3848
3192
-620
8032
-64
236
4604
-4944
1232
356
-4136
6132
284
2108
7264
-1652
2772
1064
-4584
2880
-1528
-1756
6004
-1152
4432
5268
-2304
4772
-1324
-4064
3620
-3988
1132
4664
-1240
7280
2136
-1572
4648
-3236
-1424
2704
-4668
3916
2396
-548
8452
160
420
3884
-5444
1432
200
-3876
6284
312
1864
7036
-1728
3064
1600
-4872
3052
-1968
-1840
5980
-780
4940
5244
-2484
4540
-1428
-3588
3740
-3924
1472
4700
-1696
7296
2180
-988
5120
-3824
-1204
1900
-4536
4220
2648
188
7956
-468
520
3804
-4908
1348
240
-3828
5808
40
2056
7032
-1584
3268
980
-4856
2888
-2144
-1376
6244
-1232
5256
4600
-2240
4704
-1432
-3132
3768
-4280
1544
4620
-1360
7912
2060
-1140
4900
-4200
-972
2528
-4436
4384
2492
-272
7956
-336
796
3572
-4952
1400
52
-3500
5804
180
2888
6632
-2060
2976
576
-4404
3160
-2724
-764
5640
-1368
5448
4360
-2016
4744
-1936
-3076
3216
-3976
1900
4360
-1128
7296
1768
-956
4880
-4144
-280
1732
-4520
4616
2124
580
8060
-900
1416
2852
-4832
2096
-660
-3236
6232
-220
3004
6580
-2004
4096
4
-4580
3456
-3312
-160
5764
-1304
6104
3524
-2204
4940
-2428
-2772
2952
-4460
2436
3768
-872
7768
1272
-780
4540
-4304
-352
1796
-4496
5200
1132
824
7812
-860
2044
2368
-4984
2152
-1020
-2744
6328
-396
3732
6104
-2228
4180
-392
-4260
4024
-3752
328
5312
-1596
7044
2992
-1620
4940
-3296
-2192
2972
-4096
3176
3328
-804
7828
492
-132
4396
-4984
764
624
-3980
5952
560
1760
7468
-1712
2776
1260
-4452
2568
-1880
-1948
6128
-848
4432
5316
-2260
4896
-1672
-3776
3700
-4020
1596
4928
-1304
7308
1892
-1304
5196
-3648
-1056
1984
-4512
4372
2580
-148
8080
-296
480
3936
-5172
1380
148
-3628
6384
20
2564
7072
-2148
3536
636
-4736
3284
-2724
-944
5732
-1304
5620
4260
-2184
4836
-2180
-2976
3428
-4196
2324
4008
-1224
7900
1352
-628
4432
-4356
-332
1968
-4432
4992
1672
640
7964
-1328
1932
2600
-5196
2408
-1088
-2696
6124
-452
3736
5928
-2164
4084
-456
-4096
3408
-2968
180
5080
-1500
6492
3308
-1708
5260
-3300
-2076
2644
-4472
3656
3196
-488
7844
304
-280
4212
-4584
684
904
-4224
5600
700
1380
7772
-1624
2900
1452
-5288
2772
-1828
-1556
6132
-948
4496
4940
-2444
4716
-1104
-3656
3612
-4092
1388
4852
-1368
7740
1992
-1220
4980
-3992
-808
2184
-4316
4240
2280
-124
8220
-264
1056
3336
-5276
1388
68
-3276
6020
84
2484
6744
-2052
3332
1096
-4612
3112
-2688
-1208
5856
-1304
5700
4300
-2296
4764
-2480
-2880
3324
-4548
2516
4352
-1512
7760
948
-420
4768
-4624
-248
1504
-4384
5084
1760
800
7920
-1220
1828
2776
-4800
2020
-676
-2828
6200
-652
3484
6376
-2352
4260
-616
-4004
3480
-3540
296
5504
-1432
6364
3364
-2020
4920
-3040
-2144
3040
-4604
3044
3196
-752
8032
776
-44
4288
-5016
412
1104
-4088
5632
800
1520
7284
-1632
2536
1900
-4720
2824
-1856
-2028
6016
-972
4608
5584
-2308
4720
-1384
-3980
4072
-4072
1500
5208
-1820
7268
2136
-1196
5124
-3912
-1264
2388
-4452
4112
2432
-220
8168
-260
504
3556
-5304
1620
-184
-3628
5896
4
2724
6708
-1844
3180
248
-4540
2996
-2320
-1076
5576
-1064
5644
4424
-2100
4656
-1988
-3004
3548
-4348
2452
4168
-1208
7812
1344
-564
4968
-4816
-36
1588
-4444
5092
1660
616
8296
-1136
1536
2696
-5180
2344
-724
-2836
6044
-660
3520
6232
-2332
4016
-124
-4164
3152
-3084
-248
5616
-1340
6316
3352
-2208
4816
-3008
-2020
3112
-4896
3352
3380
-908
8104
144
400
4044
-5044
748
836
-3736
5532
1080
1372
7428
-1540
2784
1864
-4900
2608
-1864
-1824
5968
-872
4776
5376
-2132
4336
-1320
-3608
3564
-3504
1028
4852
-1552
7224
2236
-1256
5340
-3880
-1348
2264
-4592
4168
2760
-52
8032
-168
300
3744
-4952
1416
504
-3988
6064
-20
2548
7152
-2220
3384
512
-4696
3568
-2968
-768
5704
-1468
5956
4068
-1860
4852
-2316
-3208
3340
-3944
2240
4372
-1184
7500
1484
-760
5016
-4156
-812
1820
-4292
4940
1672
928
7896
-1248
1788
2328
-4984
2584
-1172
-2588
6104
-588
3532
6012
-1804
4108
-388
-4656
3540
-3252
120
5724
-1588
6360
2828
-1768
5188
-3028
-2012
2556
-4540
3092
3388
-352
8044
356
-164
3988
-4784
876
1044
-3804
5616
324
1636
7636
-1632
3156
1388
-5028
2832
-2212
-1496
6296
-1132
4840
4908
-2260
4844
-1856
-3412
3624
-3948
1388
4540
-1436
7424
2060
-1396
5120
-4284
-1112
2156
-4636
4752
2164
-148
8128
-664
1088
3380
-4900
1752
-532
-3264
6108
-60
3212
6648
-2000
3700
-4
-4664
3604
-2708
-420
5648
-1496
6044
3840
-2036
5232
-2640
-2284
2932
-4520
2860
3724
-860
8080
944
-332
4228
-4520
288
1436
-4276
5224
1228
1040
7820
-1408
2168
2076
-5148
2572
-1532
-2236
6348
-808
4220
5448
-2484
4448
-1044
-3816
3516
-3792
884
4896
-1208
7100
2528
-1504
5028
-3780
-1200
2448
-4464
3972
2500
-488
8160
108
696
4004
-5224
1112
468
-3608
6256
164
2100
7124
-1904
3440
1064
-4856
3184
-2696
-1104
5848
-1132
5596
4124
-2468
4852
-2180
-2912
3332
-4144
2104
4228
-1444
7316
1644
-504
4680
-4492
-788
1792
-4356
5188
1780
520
7676
-1216
1724
2732
-4712
2232
-872
-3012
5892
-468
3584
6712
-2144
3848
-516
-4436
3836
-3184
136
5448
-1580
6632
3032
-1440
5388
-3084
-2236
2756
-4496
3396
3184
-444
7844
424
-112
4220
-4968
708
988
-4228
5656
588
1568
7688
-1384
2352
1564
-4924
2472
-1488
-1836
5828
-720
4268
5188
-2288
4512
-784
-3600
3260
-3932
884
4992
-1200
7544
2092
-1496
4904
-4056
-824
2356
-4248
4360
1788
44
8296
-212
1344
3308
-5220
1768
-496
-3344
6152
156
2704
6840
-1984
3124
508
-4648
3076
-2312
-1336
5708
-1532
5488
4688
-2368
5140
-2432
-3172
3484
-4688
2744
4096
-1300
7692
1144
-508
4652
-4312
-152
1604
-4704
4948
1616
1020
8028
-1100
1668
2528
-5108
2692
-1116
-2288
5936
-524
3980
6060
-2288
4224
-592
-4144
3604
-3552
460
5164
-1592
6624
2968
-1744
5264
-3260
-2140
2820
-4484
3612
3108
-844
8184
324
-36
4156
-4824
572
572
-4300
5820
948
1588
7652
-1912
2756
1564
-4840
2904
-1828
-1952
6392
-956
4784
4868
-2196
4624
-1336
-3772
3632
-3868
1516
4592
-1640
7516
2136
-1012
4932
-3816
-960
1996
-4288
4312
2576
-56
7816
-588
848
3436
-5080
1744
-172
-3596
5920
-132
2672
6864
-2164
3700
384
-4684
3268
-2960
-524
5560
-1028
5752
3816
-1804
4724
-2232
-3016
3416
-4452
2440
4320
-1276
8032
796
-616
4900
-4596
556
1108
-4452
5216
1228
1312
7928
-1116
1836
2192
-5040
2504
-736
-2544
6476
-828
3656
5912
-2296
4708
-932
-4036
3200
-3588
620
5136
-1024
6572
3064
-2096
5060
-3212
-1804
3008
-4660
3440
2728
-600
7864
352
76
3968
-4980
536
696
-3844
5832
780
1600
7236
-1492
2820
1536
-4736
2700
-1916
-1844
6184
-1076
5032
5284
-2576
5124
-1624
-3492
3920
-4472
1612
4720
-1316
7320
2060
-1216
4884
-3792
-1216
2500
-4428
4216
2208
-44
8044
-604
872
3144
-4880
1460
-252
-3576
5928
12
2500
7072
-2080
3532
416
-4940
3532
-2848
-756
5680
-1272
6076
3876
-2020
4944
-2224
-2720
3260
-4500
2612
3952
-932
8064
964
-632
4548
-4648
412
1740
-4260
4720
1248
888
7988
-1072
1856
2460
-5124
2344
-1344
-2596
6308
-732
4448
5532
-2232
3952
-772
-3924
3500
-3120
224
5020
-1636
6820
3064
-1664
5112
-3392
-1876
2704
-4536
3208
3404
-524
7964
196
-72
4236
-4888
692
760
-4004
6120
536
1572
7620
-1660
2944
1368
-5036
3352
-2344
-1732
6184
-908
5092
4688
-2268
4636
-1456
-3572
3780
-4196
1368
4636
-1684
7972
1768
-1288
4776
-4072
-784
2132
-4616
4536
2164
-56
8396
-980
1052
3400
-5124
1968
-444
-3336
6172
-228
3092
6728
-2300
3676
116
-4400
3156
-2512
-540
5668
-1328
5940
4048
-2140
5320
-2736
-2676
3260
-4484
2940
3816
-1096
8072
876
-352
4720
-4816
408
1028
-4172
5324
1432
988
7600
-1500
1864
2400
-4920
2348
-1108
-2928
6276
-880
4384
5700
-2644
4296
-664
-3976
3816
-3916
612
5024
-1348
6916
2708
-1572
4880
-3288
-1884
2772
-4348
3908
2760
-704
8220
-132
636
3864
-5112
1484
-92
-4020
6212
616
2236
7236
-1936
3140
1380
-4920
3404
-2044
-1620
5888
-1436
5528
4740
-1924
4712
-1908
-3472
3352
-4216
1960
4516
-1464
7408
1496
-1216
4824
-4064
-304
2008
-4720
4532
1812
444
8308
-864
1240
