# meta_json={"schema_version":4,"record_id":"20260928T182742_0800_fanA_r001","data_role":"formal","source_type":"real","device_id":"fanA","device_type":"fan","session_id":"fanA_rig01_12V_20260928_b","acquired_at":"2026-09-28T18:27:42+08:00","observed_condition":"added_mass","target_label":"unbalance","label_basis":"controlled_injection","label_confidence":"confirmed","fault_level":2,"fault_method":"tape_mass","tape_spec_id":"tape01","tape_count":2,"measurement_axis":"X","reference_gravity_axis":"Y","reference_gravity_sign":"+1","fixture_id":"rig01","sensor_module_id":"mpu01","sensor_mount_id":"fan_frame_top_left","installation_orientation_id":"x_measure_y_gravity","calibration_id":"uncalibrated","voltage_set_v":12.0,"firmware_build_id":"6db13e6","notes":"仅从9V改为12V；保持两片胶带位置不变","fs_config_hz":1000,"window_samples":1024,"window_nominal_ms":1024.0,"capture_samples":20480,"capture_nominal_ms":20480.0,"afs_code":0,"frames":20,"first_seq":1,"last_seq":20,"lost_frames":0,"sample_id_gaps":0,"capture_mode":"fifo_continuous"}
-8296
-116
5548
2528
13076
7232
3368
2924
-9656
-4700
-3100
-7868
4844
2760
6744
13020
3040
5380
-2912
-9548
-752
-7408
-2936
5640
1872
11916
9136
2448
4736
-7820
-6932
-1360
-8620
2240
4548
4124
13776
5012
3960
756
-10372
-2596
-4908
-5740
5936
2092
9128
11648
2664
5524
-5652
-8788
-492
-7884
-364
5316
2752
12988
7208
3112
3572
-9488
-4972
-2984
-7668
4292
2924
6648
12868
3816
4724
-2300
-9808
-1516
-6420
-3460
6056
2176
10748
9404
2836
5108
-7900
-7220
-1272
-8536
2048
4356
3800
13740
5496
3664
1464
-10548
-2696
-4400
-6288
5884
1864
8508
11820
2316
5944
-4868
-9256
-308
-8436
-768
5724
2104
13416
7400
2612
3920
-9356
-5052
-2340
-8104
4092
3424
5776
13280
3908
5044
-1344
-10384
-1352
-6488
-3912
5888
1888
10652
9980
2772
5132
-6696
-7988
-1216
-7996
1064
5024
2840
13180
6216
3240
2440
-10408
-3412
-3932
-6904
5220
2492
7848
12340
2524
5528
-3580
-9524
-588
-7596
-2184
6156
1780
12624
8488
2700
4536
-8864
-5816
-1828
-8104
3208
3812
4928
13120
4632
4440
60
-10000
-2348
-5276
-5328
5848
1828
9508
11408
2528
5356
-5784
-8524
-656
-8052
16
5464
2624
13028
6804
3344
3212
-9932
-4552
-3088
-7476
4568
3020
6400
12868
3272
5000
-2208
-9900
-1356
-6680
-3388
5988
1848
11196
9324
2624
4872
-7372
-7084
-1232
-8288
2016
4612
3464
13820
5444
3496
1640
-10048
-2696
-4388
-6580
5668
2400
8004
12216
2972
5036
-4072
-9232
-640
-7356
-1696
5840
2196
12344
7924
2820
4572
-9164
-5636
-2012
-8080
3624
3468
5120
13232
4152
4680
-464
-10308
-1936
-5456
-5184
6016
1708
9640
11172
2200
5652
-6132
-8160
-716
-8480
392
5220
2952
13296
6172
3116
2944
-9376
-4736
-3000
-7356
4568
3024
6088
13292
3408
5108
-1916
-10124
-804
-7180
-3064
6004
1676
11352
9472
2740
4884
-7784
-7048
-952
-8248
1832
4824
3504
13480
5416
3724
1984
-10320
-3244
-4356
-6712
5644
2296
7916
12572
2552
5136
-4228
-9264
-900
-7200
-1788
5412
2380
11924
8484
2396
4288
-8440
-5988
-1856
-8344
3156
3848
4448
13464
4424
4412
184
-10404
-2104
-5424
-5264
6184
2088
9284
10828
2692
5476
-5532
-8580
-576
-7760
-396
5252
2508
12868
7260
3104
3348
-9560
-4888
-2432
-7680
4028
3224
5772
13380
3724
4700
-1696
-9860
-1552
-6188
-3756
5432
2156
10184
10236
2440
4684
-6188
-7952
-732
-8260
784
4784
3360
12980
6240
3276
2520
-10012
-3732
-3536
-7144
5100
2352
6804
12548
3236
5096
-2884
-9800
-1412
-6532
-2748
5944
1928
11084
9664
2620
4912
-8212
-6864
-868
-8212
2524
4096
4192
13120
5084
4000
1192
-9808
-2740
-4832
-6104
5884
1912
8324
12108
3156
5028
-4240
-9408
-752
-7208
-1736
5944
1852
11772
8164
2440
4928
-9024
-5876
-1976
-8200
3248
3520
4980
13200
4424
4076
-64
-10004
-2076
-5140
-5208
5492
2176
9252
11204
2428
5260
-5376
-8392
-704
-7780
-460
5356
2336
12688
7252
3084
3664
-9544
-4968
-2244
-7720
4072
3344
5508
13176
3756
4576
-824
-10168
-1532
-5840
-4508
6116
2108
10040
10572
2180
5248
-6344
-8200
-452
-8024
400
5100
2768
13012
6176
3520
3076
-9348
-4440
-3452
-6944
4264
3196
5920
12948
3832
4376
-1880
-10188
-1116
-6296
-3856
6404
1692
10456
9728
2080
5800
-7328
-7444
-1160
-8220
1196
4804
3264
13276
6032
3048
2512
-9872
-3652
-3360
-6880
4832
2688
6608
12448
3264
5288
-2772
-9784
-1252
-6420
-3092
5928
2136
11108
9376
1960
5000
-7192
-6992
-948
-8172
1864
4276
3520
13344
5480
3572
1768
-10288
-3176
-3672
-6460
5156
2560
6924
12168
2740
5060
-2852
-9384
-892
-7096
-2488
5836
2228
11316
9088
2224
4628
-7720
-6664
-1064
-8636
3176
3936
3756
13432
4864
4336
1448
-9888
-2860
-4592
-6304
5700
2672
7976
11768
2956
5020
-3616
-9048
-776
-7232
-2124
5980
1920
11992
8532
2096
4968
-8468
-6176
-1544
-8408
3300
3868
4176
13340
4280
4448
716
-10228
-2268
-5160
-5572
5680
2552
8216
11044
2816
5504
-4328
-8912
-1100
-7648
-1272
5508
2544
12072
7956
2612
4468
-8104
-5920
-2064
-7960
3108
3844
4504
13168
4728
3976
492
-10120
-2168
-5004
-5648
5988
1996
8644
11380
2724
5468
-5104
-8544
-684
-7648
-752
5500
2580
11888
7580
2768
4020
-8612
-5808
-1772
-7828
3044
3784
4556
13848
4144
3996
164
-10420
-1848
-5512
-5032
6228
1624
9140
10436
2632
5824
-5472
-8236
-712
-8200
-472
5264
2912
12252
7224
2780
3864
-8560
-5720
-1880
-7884
3600
3732
4536
13924
4100
4240
-424
-10304
-1424
-5308
-4808
6028
1744
9080
11180
2592
5396
-5376
-8916
-636
-7620
-132
5484
2736
12364
7120
2772
3644
-8528
-5152
-2548
-7804
3572
3760
5180
13280
3836
4216
-664
-10436
-1480
-5552
-4812
6296
1388
9700
10528
2132
5896
-6108
-8004
-636
-8036
12
4992
2600
12872
6604
3064
3652
-9096
-4640
-2672
-7304
4080
2980
5860
13184
3736
4568
-1008
-9804
-1476
-5816
-4416
6016
1896
9660
10692
2360
5356
-5920
-8208
-608
-8160
312
5196
2236
13440
6556
2984
3456
-9848
-3860
-3084
-7428
4392
3056
6056
12368
3684
4860
-1492
-9632
-1812
-5640
-4220
5608
2500
9368
10516
2100
5328
-5820
-8512
-384
-8180
488
5068
2608
13096
6588
3268
3212
-9580
-4396
-2836
-7408
4560
3008
6076
12716
3220
4916
-1444
-9784
-1164
-6180
-4316
5852
1788
10484
10316
2256
5168
-6744
-7868
-828
-7904
920
5160
2656
12632
6368
3056
3328
-9596
-4440
-2768
-7684
4564
3164
6152
12732
3228
4596
-1468
-10056
-1368
-6072
-3820
5984
1720
10268
9956
2340
5292
-6936
-7564
-792
-8616
1168
5216
2976
12984
5848
3412
3044
-9592
-3956
-3148
-7276
4692
2820
6392
13000
3376
4732
-1792
-10048
-1012
-6764
-3336
6688
1660
10444
9440
2580
5396
-6972
-7564
-964
-8100
1020
5004
3192
13140
5904
3188
2576
-9720
-4048
-3196
-7108
4996
2540
6580
12636
3200
4836
-2360
-10084
-980
-6644
-3368
6476
1916
10792
9124
2320
5224
-6940
-6964
-1340
-8208
1580
4612
3732
13212
5612
3344
2012
-9848
-3508
-3596
-6424
5400
2372
6944
12312
2940
5576
-3004
-9468
-704
-7492
-2904
6268
1940
11660
9040
2244
4704
-8044
-6600
-1096
-8176
2260
4224
3460
13172
4968
3848
1860
-10216
-2792
-4564
-6708
5392
2424
7804
11880
2764
5072
-3540
-9136
-1220
-7036
-2192
6048
1884
11436
8512
2724
4920
-8204
-6316
-1760
-8308
2712
4320
4428
13452
4612
3712
1048
-10124
-2708
-3988
-6072
5708
2224
7848
12004
2516
5868
-4364
-9408
-512
-7896
-1152
5624
2388
12404
7576
2312
4764
-8732
-5488
-2060
-8176
3456
3460
4992
13284
4220
4136
52
-10232
-2268
-4804
-5592
5932
1852
8852
11388
2196
5452
-5304
-8848
-492
-8040
-452
5684
2080
12744
7172
2780
4224
-9340
-5056
-2480
-7760
4040
3408
5456
13588
3956
4680
-980
-10244
-1372
-5708
-4436
6156
1716
9632
11036
2004
5432
-5992
-8296
-404
-8268
304
5268
2520
13312
6348
2984
3268
-9772
-3948
-3216
-7476
4592
2596
6760
12896
3216
4956
-2308
-9504
-1224
-6600
-3344
6064
2056
10532
9708
2428
5300
-7072
-7484
-884
-8572
1564
4676
3200
13832
5700
3140
2256
-9992
-3424
-3656
-6544
5092
2624
6848
12208
3304
5432
-2928
-9768
-876
-7228
-2816
6100
2116
11712
8556
2388
5088
-8088
-6548
-1536
-8164
2592
4148
4092
13244
4872
3812
1328
-10244
-3020
-4272
-6288
5648
2320
8152
11948
2356
5532
-4272
-9540
-600
-7764
-1300
5972
1840
12272
7660
2536
4684
-8764
-5848
-2088
-8212
3496
3652
4992
13680
4156
4212
-140
-10056
-1848
-5572
-4860
5812
1952
9520
10844
2672
5544
-5676
-8336
-756
-8364
112
5532
2640
12916
6940
2900
3428
-9388
-4972
-2572
-7464
4180
3176
5584
13424
3676
4768
-1520
-10100
-1224
-6500
-3752
5776
1784
10756
9760
2292
5276
-6880
-7484
-1268
-8020
980
4940
2912
13180
6164
3292
2788
-10196
-3660
-3496
-7260
5156
2488
6964
12712
3096
5360
-2748
-9992
-760
-6936
-2720
6212
1716
11812
9028
2532
5092
-7908
-6748
-1380
-8256
2416
4276
4052
13176
5108
3976
1280
-10072
-3056
-4424
-6048
5444
2636
8008
11672
2716
5604
-4404
-9332
-464
-8060
-1340
5616
2376
12428
7736
2364
4304
-8492
-5912
-1992
-8164
3232
3988
4796
13580
4124
4352
-4
-10324
-2164
-5456
-4912
5996
1832
9412
10728
2772
5368
-5724
-8308
-844
-7888
-104
5320
2656
12656
7060
3284
3328
-9344
-4528
-3080
-7580
4456
2964
6552
12960
3204
5024
-1784
-9924
-1184
-6452
-3708
6168
1764
10640
10200
2084
5336
-7164
-7440
-640
-8736
1584
4468
3440
13520
5652
3608
1940
-9904
-3792
-3652
-6688
5080
2376
7100
12556
3244
4984
-3480
-9740
-740
-7420
-2308
5992
2016
12076
8576
2472
4928
-8024
-6376
-1600
-8316
2920
4004
4404
13212
5048
4340
892
-9952
-3064
-4644
-5852
5732
2084
8884
11668
2180
5496
-5160
-8856
-568
-7992
-540
5560
1984
12488
7472
3384
3760
-9276
-5436
-2392
-7760
3844
3416
5724
12844
3856
4700
-1052
-9916
-2088
-5852
-4472
5976
1988
9788
10564
2616
5192
-6348
-8440
-588
-8600
972
4952
3004
13584
5648
3492
2676
-9848
-3508
-3820
-7004
4820
2512
7048
12460
3664
4916
-2564
-9652
-1268
-6604
-3000
6168
2260
11032
9032
2456
5152
-7568
-7012
-1420
-8100
2092
4064
4180
13904
4960
3644
1040
-10260
-2520
-4616
-6004
5632
2128
8324
11696
2668
5500
-4344
-9220
-996
-7740
-1144
5388
2556
12124
7872
2956
3692
-8340
-5972
-2488
-8032
3540
3676
4860
13652
4356
4116
-452
-10480
-1620
-5776
-4988
6380
1492
10108
10612
2792
5488
-6552
-8104
-788
-8228
508
5020
3040
13064
6472
3156
2924
-9416
-4408
-3248
-7400
4864
2772
6464
13316
3060
5020
-2532
-10064
-1048
-7048
-2796
5904
2108
11128
9208
2748
4888
-7644
-7088
-1256
-8420
2060
4412
3420
13624
5224
3928
1104
-10504
-2756
-4520
-5856
5384
2428
8140
11680
3256
5172
-4100
-9312
-796
-7744
-1364
5860
2524
12336
7468
2864
4360
-8796
-5640
-2108
-7924
3588
3548
5212
13988
4284
4028
-584
-10208
-1896
-5320
-4932
6112
1988
9092
10728
2796
5596
-6124
-8564
-692
-8192
456
5080
2984
13324
6140
3812
2328
-9740
-3860
-3740
-6776
4460
2548
6748
12528
3344
5228
-2812
-10000
-1176
-7012
-2840
5948
1608
11612
9684
2444
4824
-8308
-6880
-1184
-8248
2564
4372
3912
13100
5220
4124
1248
-10008
-2976
-4416
-6264
5388
2412
8716
11844
2832
5400
-4708
-9356
-816
-7852
-720
5800
2164
12364
7580
2788
4020
-8916
-5332
-2404
-7980
3744
3580
5520
13244
4164
4732
-1056
-10440
-1840
-6032
-4020
6028
1640
10460
10120
2440
5528
-7216
-7828
-944
-8588
1164
4680
3236
13392
6228
3476
2368
-10028
-4080
-3380
-7268
5328
2724
7016
12504
2992
5572
-3072
-9680
-1036
-7524
-2204
5700
2240
12072
8660
2520
4300
-7992
-6404
-1652
-8164
2900
4260
4152
12872
4904
4376
296
-10336
-2728
-5360
-5328
5544
2408
9368
11140
2584
5212
-5484
-8556
-860
-8028
256
5428
2036
13320
6812
3336
3200
-9972
-4008
-3516
-7280
4244
3188
6708
12476
3924
4836
-2048
-9784
-1524
-6220
-3460
6096
1828
10808
9964
2468
5312
-7448
-7356
-964
-8440
2348
4456
3536
13992
5172
4180
1316
-10540
-2824
-4512
-6168
5740
2240
8412
11884
2504
5448
-4584
-9316
-256
-8052
-1184
5820
1768
12964
7860
2608
3916
-9516
-5328
-2000
-8080
4056
3576
5352
13108
3900
5016
-1084
-10228
-1508
-6200
-4140
5848
1832
10880
10348
2560
5348
-7416
-7428
-976
-8232
1476
4940
3532
13204
5808
4068
1928
-9948
-3396
-4024
-6604
5168
2536
7804
12256
3004
5296
-4104
-9348
-1000
-7556
-1312
5592
2160
11892
8132
2936
4148
-8740
-5820
-2456
-8024
3536
3636
5096
13816
4044
4700
-904
-10796
-1492
-6276
-4284
6036
1480
10412
10268
2352
5668
-6764
-7800
-1220
-8532
1084
4660
3184
13556
6104
3936
2268
-10348
-3664
-4068
-6668
5216
2448
7644
12396
3204
5376
-3696
-9528
-592
-7536
-2020
6004
2172
12440
8212
2884
4480
-8932
-5912
-2076
-8352
3600
3752
5056
13332
3916
5036
-1064
-10136
-1688
-6428
-4208
5316
2264
10404
10120
2856
4824
-6484
-8044
-956
-8432
956
5276
2700
13552
6252
3440
2620
-10060
-3488
-4120
-6872
5164
2528
8276
12392
2944
5368
-3760
-9572
-768
-7636
-1376
5688
1736
12184
8404
3200
4352
-9164
-5608
-2396
-8308
3608
3520
5512
13552
4224
4624
-1396
-10524
-1648
-6024
-4376
6248
1612
10516
10572
2704
5332
-7148
-7936
-1040
-8584
1224
4692
3584
13844
5848
3896
1368
-10376
-3340
-4236
-6296
5416
2108
8296
11796
2912
5648
-4912
-8952
-932
-8320
-792
5484
2500
13208
7592
3044
3472
-9680
-4652
-2712
-7568
4020
3200
6220
13120
4152
4948
-1776
-10308
-1436
-6284
-4032
6688
1472
11660
9920
2504
5024
-8384
-6680
-1400
-8512
2596
3788
4500
13184
5160
4268
564
-10316
-2476
-5332
-5936
5884
1812
9756
11764
2540
5384
-6148
-8740
-904
-8288
240
5296
2516
12928
6960
3736
2836
-10056
-4324
-3464
-7272
4856
2744
7304
13192
2988
5460
-3776
-9852
-532
-8016
-1932
5772
1980
12636
8264
3112
4368
-9036
-5992
-2328
-8128
3376
3640
5212
13700
4288
5044
-1044
-10420
-2024
-6344
-4396
5816
1960
10716
10660
2284
5092
-7052
-7696
-772
-8856
1356
4616
3356
13900
5880
3988
1668
-10788
-3216
-4592
-6532
5676
2024
8632
12220
2672
5864
-5184
-9176
-364
-8552
-520
5376
2288
13524
7372
3340
3688
-9824
-4948
-3164
-7836
4768
2920
6572
13240
3568
5292
-2728
-10132
-904
-7208
-2948
5756
1604
12408
9180
2868
4648
-8640
-6452
-1656
-8512
2656
4020
4532
13716
4980
4408
-196
-10644
-2124
-5968
-5120
6108
1968
10244
10796
2636
5308
-6612
-8164
-688
-8500
704
4864
3144
13820
6344
3600
1868
-10356
-3600
-3832
-7020
5404
2388
7856
12684
3148
5612
-4516
-9500
-476
-8184
-1196
5712
2156
12808
8008
3288
3916
-9648
-5488
-2516
-7988
4480
3120
5696
13964
3736
5252
-2164
-10592
-932
-7220
-3384
5956
1740
11880
9408
2580
4876
-8492
-6652
-1600
-8700
2628
4052
4528
13836
4808
4444
268
-10352
-2604
-5308
-5608
5816
2060
9892
11156
2756
5772
-6632
-8108
-1104
-8524
592
4632
3268
13724
6972
3408
2212
-10476
-3776
-3760
-6972
5424
2376
7828
12776
3072
5880
-4480
-9480
-608
-8412
-1476
5448
2384
12808
7952
3376
3888
-9248
-5792
-2440
-8300
3936
3392
5736
13672
3884
4860
-1632
-10620
-1012
-6760
-3956
6152
1292
11524
9984
2596
5020
-8076
-7036
-1544
-8624
2280
4484
4136
13952
5232
4364
400
-10860
-2556
-5380
-5292
5664
1936
9480
11100
3340
5460
-6116
-8576
-948
-8272
336
5200
3120
13576
6764
3552
2484
-10168
-3728
-3976
-7020
5068
2568
7912
12400
3552
5572
-4320
-9520
-980
-7588
-1908
5728
2156
12752
8308
2936
3952
-9664
-5196
-2540
-7892
3992
2824
5880
13940
4012
5236
-2176
-10484
-1188
-7080
-3748
6252
1572
11732
9432
3096
5272
-8032
-6856
-1820
-8264
2364
3940
4728
13816
5360
4488
452
-10588
-2496
-5376
-5568
5800
1748
10356
11084
2684
5636
-6428
-8276
-900
-8476
492
4936
3200
13836
6540
3936
2216
-10532
-3872
-4048
-6908
5224
2492
7992
12512
3200
5252
-4276
-9716
-772
-7888
-1724
5400
2052
13100
8168
3332
3624
-9740
-5468
-2816
-7600
3988
2956
6052
13668
4128
5204
-2196
-10332
-1076
-7100
-3304
5820
1808
11984
9276
3084
5212
-8500
-6876
-1444
-8660
2804
3984
4500
14208
4820
4620
112
-10968
-2044
-5524
-5248
5840
1736
9872
11340
2724
5600
-6432
-8512
-844
-8496
636
5064
2656
13668
6780
3664
2296
-10628
-3836
-3928
-6864
5116
2132
8168
12540
3240
5544
-4616
-9520
-752
-8164
-1316
5400
2044
13232
7752
3140
3980
-9788
-5112
-2632
-8232
4568
2852
6084
13716
3844
5304
-1844
-10432
-1256
-6824
-3692
6008
1868
11384
9480
3076
5172
-7976
-6796
-1508
-8792
2444
3876
4828
13656
4940
4592
108
-10432
-2360
-5184
-5764
5856
1616
9708
11192
2924
5816
-6404
-9040
-524
-8696
12
5232
2736
14076
6360
3528
2420
-10628
-3632
-3652
-7048
4900
2220
7672
12776
3256
6044
-4080
-10032
-844
-7588
-1792
5552
1996
12600
8416
3184
4560
-8952
-6032
-2232
-8140
3768
3440
5448
13928
4196
5220
-1500
-10592
-1324
-6616
-3856
5724
1660
10896
10088
2924
5252
-7520
-7400
-1396
-8420
1816
4356
3756
13440
5612
4288
1268
-10480
-2984
-4716
-6412
5512
1864
9096
11812
2912
6036
-5588
-8940
-748
-8428
-288
5120
2264
13244
7340
3760
3156
-10060
-4644
-3228
-7412
4184
3068
6676
13036
3832
5244
-2448
-10424
-1296
-6932
-3060
6120
1648
12172
9256
2564
5228
-8540
-6576
-1796
-8732
2996
3788
4580
13920
4992
4412
116
-10928
-2228
-5584
-5128
5720
1772
9824
11040
3088
5748
-6592
-8336
-1124
-8584
568
4756
3444
13828
6236
3588
1980
-10216
-3572
-3868
-6608
4840
2252
7516
13116
3344
5608
-4208
-9964
-380
-8168
-1624
6160
1716
13156
7884
3236
3816
-9796
-5080
-2552
-8060
3820
3220
6044
13524
4396
5212
-2084
-10380
-1452
-6408
-3392
5756
1988
11188
9944
3044
4940
-7736
-7544
-1532
-8856
1992
3992
4248
14100
5088
4216
344
-10616
-2196
-5628
-5692
5872
1816
9664
11472
2700
5812
-6476
-8528
-768
-8800
552
4712
3136
13944
6244
4000
2428
-10344
-3640
-4044
-6940
5124
2368
7964
12636
3284
5748
-3872
-9724
-828
-7836
-1640
5524
2236
12868
8048
3364
3812
-9408
-5428
-2540
-8036
3936
2796
6448
13576
4168
5448
-2400
-10408
-1372
-6800
-3568
6072
1540
11252
9868
2944
5100
-8316
-7116
-1312
-8600
2472
3808
4692
13992
4536
4764
200
-10508
-2304
-5848
-5072
5356
1752
10000
11696
2956
5456
-6452
-8736
-648
-8704
908
4952
3012
14136
6020
3972
2132
-10596
-3264
-4228
-6804
5160
2248
8248
12820
3736
5868
-5496
-9460
-856
-7428
-1292
5128
2664
12988
8036
3308
3860
-9724
-5312
-2780
-8076
4044
3032
6400
13960
3588
5064
-2392
-10356
-976
-7212
-3100
5932
1456
12088
9400
2892
5032
-9004
-6660
-1800
-8448
2992
3564
4468
14592
4480
4928
-480
-11044
-1384
-6180
-4544
5796
1600
10752
10620
2764
5920
-7428
-8180
-904
-8840
1200
4400
3832
14452
5636
4120
1468
-10884
-2852
-4920
-6040
5156
1552
9076
12016
3440
5580
-5600
-9124
-812
-8464
-480
5356
2632
13460
6756
3744
2988
-10328
-4116
-3620
-7432
4724
2376
7452
13036
3420
5728
-3972
-9868
-1180
-7716
-1932
5136
1932
12620
8564
3780
4052
-9500
-5780
-2420
-8156
3564
3108
6164
13548
4192
5304
-1944
-9936
-1588
-6516
-3852
5756
1776
11496
10384
2880
5208
-8432
-7400
-1148
-8688
2396
4232
3988
14092
5144
4624
588
-10992
-2200
-5636
-5548
5400
1800
10352
10948
3212
5388
-6672
-8324
-1220
-8404
672
4544
3016
13936
6632
4140
1732
-10692
-3472
-4372
-6824
5016
2180
8504
12340
3508
5800
-4976
-9564
-684
-7860
-1212
5356
2104
13408
7968
3412
3764
-10228
-5060
-2640
-8032
4408
2876
6548
13744
3492
5440
-3000
-10068
-1012
-7380
-2644
5224
2132
12248
9284
3604
4060
-8664
-6696
-1932
-7908
2832
3728
4832
14076
4892
4612
-716
-10952
-1344
-6184
-4688
5796
1556
11176
10516
2804
5060
-7848
-7524
-1172
-8520
1660
4072
4076
13848
5652
4420
824
-10576
-2608
-5220
-6040
5804
1372
9776
12028
3004
5920
-6336
-8780
-608
-8816
392
4968
2964
13680
6764
3836
2640
-10488
-3944
-3580
-7348
4888
2152
7836
13232
3548
5548
-4504
-9952
-936
-7820
-1524
5352
2096
12648
8424
3404
3752
-9468
-5696
-2540
-8172
4016
2980
6332
13796
4032
5148
-2324
-10400
-1008
-7088
-3472
5536
1476
11952
10160
2980
5020
-9216
-6620
-1328
-9024
3068
3504
4680
14632
4460
5028
-432
-10752
-1932
-5596
-5020
5844
1604
10176
11480
2972
5736
-7300
-8168
-724
-8948
1300
4500
3460
14420
5728
4100
1516
-10856
-2828
-4680
-6444
5684
1528
8816
12408
3256
6112
-5768
-9292
-908
-8708
-376
5176
2660
13492
7668
3228
3100
-10092
-4756
-3072
-7632
4476
2548
7004
13144
4052
5624
-3800
-10068
-1236
-7620
-2336
5520
2224
12972
8564
3004
4136
-9332
-5820
-1900
-8504
3852
3044
5488
13964
4444
5384
-1616
-10872
-1332
-6728
-4004
5796
1648
11720
9960
3020
5064
-8360
-7232
-1252
-8668
2120
3608
4320
14156
5352
4512
28
-10772
-2464
-5312
-5584
5732
1804
9504
11208
3404
5664
-6660
-8744
-1060
-8248
608
4588
3196
13900
6420
4240
1828
-10324
-3608
-4144
-6784
5080
1988
8620
12852
3068
5700
-5116
-9452
-644
-8092
-992
5324
2116
13420
8036
3476
3436
-10164
-4980
-2876
-7544
4396
2624
6776
13628
3792
5768
-3108
-10664
-672
-7320
-3064
5596
1480
12300
9672
2912
4408
-9264
-6756
-1484
-8556
3184
3236
5020
14136
4660
5168
-1284
-10896
-1648
-6016
-4528
5576
1404
11064
11024
3068
5592
-7916
-7676
-804
-8768
1564
4096
4092
14208
5364
4532
944
-10640
-2712
-4740
-5856
5212
1712
9424
11924
3428
5612
-6232
-8660
-996
-8160
-156
4820
2872
13156
7456
4024
2668
-10348
-4384
-3472
-7360
4656
2244
7760
13120
3644
5656
-4276
-9992
-672
-7812
-1840
5332
1964
12764
8200
3488
3940
-9560
-5520
-2380
-8208
3632
2516
6172
14060
4276
5608
-2152
-10976
-1052
-6864
-3424
5872
1264
11804
10112
3064
5208
-8720
-6924
-1108
-8524
2156
3600
4536
14272
5480
4864
-364
-10740
-2336
-5540
-4788
5384
1720
10108
11112
3364
5848
-6976
-8288
-984
-8712
712
4328
3324
14200
6312
3756
1748
-10632
-3308
-4432
-6664
5084
1696
8856
12296
3200
5884
-5372
-9180
-728
-8324
-952
4908
2232
13492
7776
3796
3328
-9868
-4936
-2824
-7524
4076
2752
6512
13544
4072
5632
-3156
-10284
-888
-7128
-2556
5268
1860
12600
9196
3400
4240
-8752
-6508
-1740
-8056
2628
3688
4644
13920
5012
5056
-724
-11120
-2024
-5844
-4876
5948
1336
10852
10708
3016
5912
-7836
-7580
-1444
-8608
1300
4160
3580
14244
6180
4148
1052
-11056
-3080
-4816
-6068
5464
1852
9436
11792
3224
5968
-6036
-8760
-904
-8200
-240
4884
2928
13556
7012
4216
2776
-10336
-4484
-3700
-6744
4656
2220
7608
13316
3988
5604
-4124
-10008
-728
-7884
-1912
5520
1940
13080
8360
3248
4352
-9828
-5668
-2332
-8124
3904
2768
6012
13840
4512
5348
-2444
-10552
-1116
-7072
-3148
5320
1376
12116
9448
3536
4936
-8720
-6996
-1816
-8380
2444
3836
4180
14232
5372
4848
-48
-11380
-1784
-5604
-5436
5516
1520
10884
11284
3032
5412
-6928
-8032
-884
-8144
736
4352
3108
14144
6700
4272
1428
-10884
-3268
-4584
-6384
5372
1704
9000
12440
3788
5356
-5460
-9572
-752
-7668
-836
5032
2376
13740
7560
3660
3024
-10480
-4392
-3308
-7616
4536
2388
7264
13572
3616
5892
-3920
-10456
-520
-8016
-1956
5428
1572
13540
8412
3876
4048
-9920
-5412
-2684
-7628
3268
2928
6400
13280
4536
5448
-2264
-10300
-1388
-6820
-3684
5240
1628
12064
9984
3444
4856
-8844
-6744
-1612
-8268
2172
3664
4736
14124
5416
4888
-648
-10760
-2308
-5824
-4868
5404
1584
10540
11156
3476
5352
-7692
-8276
-784
-8264
836
3952
3216
14308
6512
4776
1120
-10928
-3020
-4824
-6072
5112
1712
9316
12100
3344
6052
-6100
-9184
-588
-8384
-264
4884
2276
13876
7568
4100
2800
-10424
-4508
-3288
-7304
4504
2204
7516
13328
4232
5404
-4252
-9992
-708
-7448
-2056
5080
2084
12760
8640
3568
4116
-9820
-5256
-2720
-8068
3620
2720
6508
13716
4644
5360
-2732
-10532
-1388
-6772
-3524
5316
1628
11816
9688
3444
5292
-8732
-6880
-1808
-8540
2308
3264
4884
14572
5156
5144
-608
-11120
-1864
-5588
-4732
5352
1220
10436
10976
3836
5480
-7424
-8084
-892
-8624
736
4212
3776
14208
6004
4888
924
-10644
-3116
-4540
-6212
5016
1788
8732
12364
3680
5972
-5636
-9328
-580
-7924
-884
4580
2388
13772
7724
3896
2964
-10444
-4676
-3216
-7364
4588
2116
7412
12984
4072
6244
-4436
-9804
-808
-7928
-1992
4776
2300
12980
8508
4064
3984
-9480
-6148
-2044
-7940
3356
2856
5604
13800
4712
5344
-1388
-10772
-1512
-6244
-4264
5856
1124
11616
10404
3308
5276
-8296
-7168
-1256
-8524
1752
3528
4204
14324
5804
5016
-340
-11100
-2256
-5060
-5476
5464
1352
9840
11548
3052
6060
-6548
-8860
-952
-8328
212
4092
2888
13856
7252
4436
1964
-10732
-3864
-4080
-6688
4532
2048
8544
12352
3692
5988
-4900
-9616
-660
-7636
-1752
5012
1876
13396
8548
3540
4124
-9944
-5444
-2464
-8052
3772
2692
6504
13432
4256
5556
-2260
-10268
-1320
-6772
-3544
5268
1608
11912
9920
3396
4732
-8176
-6940
-1388
-8436
2200
3592
4420
14012
5048
5100
-412
-10392
-2352
-5652
-5136
4844
1564
10392
11460
3268
5484
-6940
-8352
-860
-8216
544
4068
3108
13520
6900
4504
2068
-10552
-3788
-3732
-6516
4492
2036
8420
12540
3736
5796
-4584
-9616
-564
-7516
-1608
4968
1964
12920
8404
3700
4028
-9652
-5460
-2524
-7744
3500
2604
5976
13668
4804
5464
-2636
-10500
-1100
-6704
-3728
5332
1784
11584
9628
3136
5332
-8000
-7320
-1444
-7992
1836
3460
4148
14004
5504
4532
600
-10624
-2932
-4668
-5800
5252
1548
9356
11700
3216
6108
-6188
-8960
-580
-8408
84
4748
2452
13996
6800
4152
2764
-10568
-3972
-3516
-6988
4580
2088
7676
12696
3884
5612
-3584
-9992
-1120
-7064
-2512
5380
1644
12624
8836
3224
4676
-9316
-5920
-2040
-7956
3380
2956
5576
13628
4704
5260
-1308
-10548
-2144
-5824
-4368
5336
1672
10736
10624
2864
5704
-7696
-8056
-872
-8340
1448
3952
3344
14120
5916
4088
1536
-10492
-3416
-4360
-6104
5132
1724
8452
12616
3468
6068
-5340
-9504
-820
-7872
-756
4980
2168
13104
7728
4000
3508
-9728
-5100
-2724
-7428
3760
2548
6328
13412
4092
5256
-2284
-10396
-1112
-6724
-3492
5376
1456
11840
9648
3444
4952
-8460
-6984
-1544
-8388
2168
3512
4480
13932
5288
4492
292
-10448
-2408
-5292
-5500
5092
1852
10008
11116
3044
5868
-6248
-8288
-1080
-7968
-100
4500
2732
13592
6948
3808
3004
-10068
-4384
-2760
-7392
4388
2348
7104
13436
3424
5444
-3192
-9772
-1072
-6864
-2732
5400
1684
11864
9136
3280
4820
-8376
-7024
-1568
-8188
2548
3480
4216
13872
4636
5020
-240
-10628
-2312
-5256
-4940
5004
1436
10052
11104
3056
5524
-6108
-8568
-960
-7912
60
4636
2648
13556
6904
4188
2556
-9968
-3996
-3560
-7244
4344
2396
7360
13040
3792
5400
-3192
-9928
-848
-6704
-2764
5572
1436
12444
8896
3156
4984
-8752
-6328
-1496
-8792
2816
3240
4820
14124
4644
4936
-88
-10440
-2324
-5348
-5164
5400
1612
9720
10944
3400
5688
-6348
-8584
-884
-7900
-16
4440
2604
13756
6736
3724
3168
-9828
-4468
-3496
-7240
4668
2276
6996
12668
3948
5688
-3360
-9628
-1192
-6876
-2812
5232
2024
12196
8644
3328
4932
-8236
-6836
-1808
-7720
2128
3792
4136
13524
5440
4592
336
-10264
-2776
-4776
-5544
5468
1676
9388
11696
3004
5624
-5508
-8840
-992
-7836
-624
5052
2328
13184
7188
3512
3280
-9784
-4864
-2976
-7420
3864
2384
6224
12968
4344
5428
-2396
-10120
-1500
-6156
-3480
5580
1660
11116
9796
3296
4980
-7676
-7436
-1284
-7988
1816
4020
3648
14028
5580
4276
1384
-10268
-2984
-4744
-6104
5284
1912
8328
12180
3136
5776
-4712
-9616
-684
-7936
-880
5100
1844
12980
7592
3744
3916
-9772
-5296
-2372
-7716
3872
2572
5736
13600
4392
4624
-1424
-10468
-1608
-6020
-3980
5580
1612
10708
9924
3256
5396
-7396
-7960
-940
-8416
1068
4248
3508
13948
5748
3792
2064
-10216
-3260
-4040
-6504
4876
1808
8072
12724
3136
5720
-4032
-9592
-804
-7492
-1788
5344
2028
12440
8208
3640
4016
-8884
-5688
-2124
-7620
3080
3116
5412
13336
4112
5304
-760
-10324
-1620
-6084
-4696
5408
1228
10904
10652
2404
5624
-7036
-7892
-852
-8308
836
4360
2876
13352
6504
4148
2372
-10044
-4460
-3492
-6788
4480
2208
7068
12908
3300
5604
-3008
-10184
-728
-7216
-2384
5408
1580
12488
8840
2996
4612
-8704
-6152
-1856
-8108
2928
3524
4488
14056
4808
4972
-324
-10724
-1800
-5660
-4692
5484
1740
9644
10912
3120
5576
-6032
-8580
-892
-8036
84
4668
2824
13420
6892
3560
2796
-10084
-4560
-2784
-7164
4540
2552
6724
13048
3208
5460
-2696
-9612
-1288
-6832
-3084
5408
1840
11920
9040
2908
4956
-8536
-6560
-1636
-8360
2812
3684
4180
13432
4900
5160
248
-10436
-2428
-4996
-5176
5136
2236
9388
11400
2848
5500
-5364
-8828
-304
-8300
-432
4856
2536
13760
6764
3312
3524
-10016
-4344
-2736
-7564
4092
2632
6468
13184
3852
5504
-2672
-10088
-1576
-6288
-3444
5308
1968
11036
9572
3200
5012
-7844
-7300
-1432
-8076
1844
3924
3828
13664
5348
4512
1308
-10568
-2964
-4828
-5836
5352
1752
8768
11936
3124
6032
-5260
-9196
-592
-7952
-456
5080
1928
13240
7524
3188
4024
-9668
-5120
-2392
-7524
3984
2612
6036
13264
4124
5148
-2008
-10000
-1424
-6248
-3724
5568
1596
10580
10320
3096
5084
-7744
-8028
-692
-8284
1532
4380
3180
13800
5356
4408
1364
-10256
-3128
-4396
-6012
4996
1960
8292
12248
3380
5468
-4368
-9744
-440
-7500
-1668
5548
1732
13132
8120
3248
4264
-9576
-5396
-2244
-7776
3672
2940
5628
13384
4576
4972
-1280
-10500
-1832
-5644
-4376
5648
1372
10552
10676
2656
5792
-7408
-8092
-492
-8732
1396
4232
3028
13908
5812
3796
2204
-10296
-3488
-3708
-6852
5084
1808
7468
12692
3336
5508
-3976
-9712
-744
-7244
-1920
5568
1700
12308
8608
3000
4396
-8648
-6260
-1416
-8176
3256
3440
4792
13612
4640
4700
-36
-10372
-1912
-5464
-5096
5640
1568
10024
11088
3036
5236
-6156
-8732
-604
-7744
-68
4824
2276
13416
7120
3424
2800
-10132
-4180
-3036
-7368
4488
2576
6572
13052
3680
5652
-3072
-10352
-980
-7020
-2780
5736
1516
11952
8804
2896
5060
-8260
-6788
-1184
-8320
2388
3716
4092
14200
5120
4260
652
-10792
-2576
-4592
-5940
5824
1372
9240
11552
2852
6248
-5628
-8968
-780
-8132
-272
4796
2616
13192
7152
3540
3196
-9436
-5220
-2676
-7560
4096
2968
6128
13188
3564
5592
-1464
-10424
-1216
-6660
-3600
5604
1636
11520
9760
2616
5040
-7684
-7160
-1180
-8052
1612
4044
3556
13528
5352
4412
1172
-10356
-3088
-4556
-5732
4812
2176
8628
12000
3256
5592
-4688
-9252
-900
-7552
-1144
5624
1880
12828
7684
3488
4024
-9052
-5368
-2416
-7896
3684
2712
5916
13376
4272
5108
-1308
-10272
-1628
-5768
-4524
5908
1304
10912
10580
2280
5652
-7680
-7244
-1056
-8676
1528
3856
3624
13340
5856
4552
1580
-10144
-3608
-4320
-6296
4912
2028
7824
12048
3712
5584
-3980
-9840
-944
-7124
-2036
5592
1852
12568
8208
3236
4256
-9112
-5820
-2056
-7700
3352
3008
5100
13460
4716
5116
-1028
-10136
-1912
-6004
-4404
5656
1668
10484
10064
3200
5612
-6936
-7956
-896
-8192
920
4340
3320
13860
5876
4396
2108
-10228
-3824
-4116
-6492
4860
2244
7836
12260
3180
5652
-3812
-9708
-944
-7412
-2080
5224
1916
12708
8312
3100
4144
-8840
-6260
-2100
-7920
3104
3192
5052
13852
4400
4952
-532
-10392
-1852
-6040
-4520
5860
1492
10520
10744
2832
5472
-6800
-8296
-664
-8376
628
4684
2896
13928
6412
3884
2320
-10524
-3772
-3596
-6872
5268
2140
7664
12268
3520
5720
-4116
-9696
-856
-7496
-2028
5220
2268
12600
8068
3576
3952
-9272
-5916
-2224
-7460
3168
3012
5380
13484
4508
4772
-844
-10360
-1920
-6132
-4516
5704
1560
10804
10108
2736
5568
-7096
-7836
-956
-8200
908
4368
2852
14300
6392
3768
2008
-10504
-3020
-4040
-6716
5200
1940
8448
12016
3148
5852
-4356
-9256
-1056
-7372
-1600
5188
1988
12560
8104
3260
3952
-9192
-5876
-2056
-8020
3384
3208
5704
13576
4180
4928
-1308
-10660
-1700
-5964
-4228
5612
1464
10884
10084
2752
5360
-7056
-7872
-1168
-8004
1184
4012
3684
14176
5680
4332
1348
-10708
-2972
-4280
-6064
5152
2048
8464
12012
3320
5708
-4460
-9672
-624
-7428
-1664
5436
2004
13176
8188
3360
3904
-9708
-5452
-2372
-7564
3728
3164
5800
13092
4452
5152
-1432
-10572
-1692
-5920
-4112
5680
1452
10940
10428
2572
5580
-7732
-7660
-1184
-8772
1916
4032
3568
14244
5344
4276
984
-10452
-3176
-4460
-5780
4936
2112
8324
12048
3452
5572
-4876
-9348
-872
-7640
-968
5276
2040
13040
7848
3560
3664
-9564
-5168
-2504
-7716
3920
3172
5840
13452
3820
5032
-1468
-10816
-812
-6700
-3532
5948
1108
11988
9368
2800
5480
-7848
-7196
-1332
-8512
2144
3704
3796
14024
5220
4588
700
-10740
-2552
-4880
-5840
5504
1668
9300
11496
3020
6060
-5568
-8964
-668
-8232
-584
4892
2816
13448
7164
3324
3500
-9568
-5040
-2644
-7376
3992
2964
6276
13292
3888
5120
-1732
-10204
-1088
-6844
-3396
5676
1456
11920
9620
2704
5472
-8056
-7184
-1064
-8620
2192
3820
4076
14180
4892
3980
1052
-10528
-2364
-4964
-5732
5396
1412
9760
11352
2840
5772
-5724
-8840
-944
-8100
-412
5268
2168
13388
7084
3440
3572
-9692
-4888
-2980
-7484
4132
2688
6944
13248
3444
5532
-2516
-10052
-1168
-7164
-2824
5212
1700
12092
9228
2800
4684
-8016
-6852
-1184
-8288
2356
3768
4384
13556
5260
4484
1024
-10584
-2864
-4816
-5480
5280
1560
9516
11592
2988
5232
-5728
-8992
-596
-7820
-144
5000
2340
13292
6608
3912
3128
-9820
-4564
-3260
-7524
4264
2708
6996
13056
3756
5368
-2856
-10148
-1272
-6748
-2820
5592
1768
11852
8900
2896
5036
-8404
-6568
-1636
-8356
2500
3720
4516
14060
4840
4524
312
-10688
-2268
-4996
-5440
5892
1704
9548
11484
2784
5644
-6012
-8824
-360
-7932
184
4792
2620
13340
6920
3480
3088
-10088
-4472
-2992
-7428
4360
2676
6920
12928
3712
5364
-2788
-10384
-1116
-6672
-2684
5664
1564
12120
8896
2904
4688
-8432
-6704
-1460
-8152
2320
3800
4652
13828
4700
4500
296
-10556
-2308
-5216
-5276
5676
1444
9812
11420
2880
5888
-6000
-8996
-444
-8204
156
4800
2600
13876
6816
3536
2868
-10004
-4232
-2900
-6968
4188
2504
6732
12712
3616
5488
-2484
-10144
-1304
-6692
-3404
5492
1688
12020
9500
2416
4868
-7988
-7004
-1064
-8344
2280
3756
3936
13936
4980
4704
584
-10608
-2668
-5332
-5048
5104
2032
9072
11212
3328
5288
-5016
-9136
-732
-7420
-720
5340
2308
13136
7320
3228
3892
-9888
-4904
-2608
-7696
4364
2520
6348
13284
3492
5760
-1912
-10080
-1304
-6852
-3732
5692
1912
11400
9640
2820
5164
-7704
-7764
-684
-8052
1588
4492
2996
13768
5764
4036
1796
-10576
-3292
-4052
-6180
5112
2020
8044
12204
3016
5756
-4832
-9864
-588
-7464
-1412
5076
2004
12564
8272
3108
4036
-9012
-5920
-1596
-7992
3460
3176
5312
13560
4168
5180
-1084
-10328
-1868
-5628
-4468
5764
1684
10196
10540
2688
5620
-6604
-8008
-744
-8172
548
4608
2996
13852
6196
3552
2744
-10248
-3836
-3488
-7040
4924
2180
7048
12844
3080
5700
-3144
-9880
-780
-7428
-2500
5524
1712
12180
8656
3036
4500
-8416
-6700
-1288
-8324
2720
3920
4060
13644
4956
4400
776
-10124
-2676
-4888
-5744
5236
2000
9260
11532
2848
5272
-5228
-8992
-500
-7312
-704
5196
2112
12796
7180
3408
3860
-9100
-5176
-2488
-7616
3840
2968
5996
13484
3692
4976
-1540
-10188
-1352
-6184
-3620
5328
1520
10576
9884
3260
5220
-6896
-7972
-832
-8232
984
4788
2912
13888
5808
3580
2420
-10188
-3336
-3964
-6604
5024
2068
7120
12804
3500
5284
-3384
-10004
-776
-6908
-2336
5672
1680
12044
8332
2792
4900
-8252
-6356
-1740
-8228
2656
3524
4760
13888
4528
4440
312
-10272
-2320
-5008
-5624
5932
1512
9292
11536
1988
6024
-5228
-8732
-404
-8148
-692
5284
2256
13004
7244
3052
3832
-9560
-5328
-2072
-7528
3836
2984
6060
12960
3504
4860
-1092
-9672
-1956
-5964
-4148
5716
1696
10464
10436
2628
4964
-6844
-7664
-800
-8220
1156
4588
3272
13424
6060
3532
2860
-10156
-3836
-3352
-7120
5244
2196
7084
13044
2776
5400
-2860
-9796
-684
-7124
-2716
5612
1604
12088
8616
2472
5052
-8116
-6676
-1352
-7980
2428
3684
4004
13452
5360
3704
1296
-10272
-2740
-4400
-6504
6024
1652
8656
11464
2236
6180
-4740
-9140
-504
-7844
-896
5092
1852
12720
8012
2900
4260
-8876
-6072
-1772
-7712
3384
3800
4664
13584
4184
4836
-264
-10296
-1784
-5736
-4652
5664
1876
9836
10520
2668
5308
-5812
-8352
-844
-7520
-240
5220
2268
12840
7060
3300
3744
-9712
-4680
-2900
-7492
4352
2724
6452
12900
3440
5028
-2012
-9716
-1836
-6040
-3804
5572
1840
10468
10164
2664
5392
-7000
-7996
-724
-8384
1308
4488
2916
13620
5600
3668
2684
-9956
-3648
-3540
-6896
5108
2404
7232
12356
3100
5584
-2948
-9644
-852
-6960
-2760
5804
1772
11576
9060
2572
4788
-7880
-6832
-1260
-7944
2244
4168
3644
13568
5160
3776
1376
-10360
-2560
-4372
-6140
5216
2104
8564
11244
2788
5572
-4272
-8976
-840
-7328
-1508
5600
1768
12136
8340
2660
4536
-8688
-6068
-1664
-8216
3364
3604
4524
12996
4568
4664
380
-10028
-2552
-4892
-5512
5312
2072
9168
11352
2620
5732
-5124
-8916
-756
-7652
-392
5288
2052
12436
7488
3084
4052
-9044
-5496
-2012
-7560
3520
3432
5284
13052
4000
4640
-652
-10028
-2000
-5332
-4716
5512
1896
9652
10712
1908
5876
-5788
-8764
-248
-8308
184
5164
1936
13364
6716
3004
3472
-9320
-4808
-2456
-7428
4124
3296
5684
12620
3520
5040
-912
-9932
-1576
-6096
-4008
5740
1816
10356
10108
2712
5136
-6124
-8400
-696
-7544
220
5208
2528
13132
6276
3016
3524
-9600
-4284
-2916
-7332
4476
2840
6088
13108
3308
4704
-1660
-9924
-1356
-6320
-3956
5992
1636
10636
9624
2192
5384
-6724
-7488
-980
-8244
1020
4660
2904
13212
5736
3504
2624
-9868
-4056
-3104
-6664
4748
2688
6600
12588
3376
5100
-2220
-9872
-972
-6476
-3024
5676
2012
11000
9268
2496
5424
-7156
-7484
-812
-8148
1356
4712
3068
13192
5392
3824
2752
-9524
-3856
-3556
-6708
4468
2936
6820
12300
3004
5064
-2564
-9688
-1068
-6600
-2636
5692
1736
10980
8936
2496
5408
-7368
-7100
-1088
-8200
1636
4140
3780
13376
4876
3952
2108
-10016
-3524
-3672
-6152
4916
2284
7144
12224
3116
5472
-2552
-9460
-1336
-6928
-2704
5936
1716
11492
8784
2128
5656
-7592
-6860
-1092
-8404
2028
4408
3324
13612
5296
3504
2148
-10032
-3496
-3568
-6504
4996
2524
7056
12572
2764
5576
-3012
-9916
-872
-6780
-2680
5724
2076
11280
8628
1912
5456
-7632
-6868
-1288
-8252
2104
4032
3520
13252
5284
3816
1776
-9796
-3572
-3504
-6468
5144
2508
7452
11892
2820
5544
-3008
-9460
-1244
-6872
-2440
5712
2116
11460
8640
2396
4764
-7488
-6776
-1252
-7740
2316
4476
3332
13056
5420
3896
2124
-10144
-3176
-4320
-6440
5632
2452
8080
11660
2516
5116
-3184
-9332
-724
-6724
-2376
5808
1600
11696
8676
2064
5064
-8040
-6412
-1832
-8240
2432
4068
4212
12932
5076
3844
1412
-9544
-3360
-3972
-6040
5412
2596
7640
11972
2632
5284
-3444
-9196
-772
-7056
-2084
5812
2184
11628
8568
2424
4832
-8008
-6512
-1324
-7832
2736
4160
4236
12940
4820
3988
1376
-9728
-3136
-4216
-5856
5328
2252
8064
11796
2560
5460
-3740
-9264
-1084
-7308
-1608
5696
1928
11720
8404
2376
4644
-8344
-5936
-1844
-7936
2800
3908
4536
12852
4624
3984
960
-9696
-2960
-4076
-5800
5216
2504
8040
11932
2412
5280
-3768
-9460
-508
-7212
-1424
5716
2172
12108
7960
2320
4728
-7920
-6408
-1468
-7804
2668
3852
4504
13720
4244
3980
1084
-10148
-2508
-4628
-5560
5740
1856
8104
11664
2712
5624
-3976
-9096
-876
-7344
-1604
5628
2100
11640
8032
2552
4548
-8240
-6228
-1496
-8116
3036
4120
4276
13340
4256
3876
1140
-9968
-2732
-4360
-5920
5364
2296
7920
11888
2544
5420
-3856
-9416
-368
-7468
-1584
5900
1936
12092
7576
2616
4548
-7900
-6020
-1564
-7676
2596
4200
3960
13480
4668
3836
1620
-10132
-2736
-4436
-5884
5576
2368
8220
11368
2496
5192
-3528
-9072
-820
-7220
-1924
5616
2092
11476
8356
2400
4688
-7976
-6540
-1464
-8064
2536
4012
4220
13284
4392
4040
1264
-9920
-2860
-4400
-6036
5264
2324
8016
11488
2740
5396
-3488
-9156
-624
-7200
-2300
5968
2012
11748
8236
2172
4808
-7748
-6500
-1156
-7920
2388
4504
4052
12956
4888
3844
1800
-9708
-3052
-4184
-6372
5092
2412
7824
11780
2812
4916
-3120
-9460
-1412
-6152
-2576
5856
1848
10704
9052
2108
5248
-7516
-7088
-1040
-8224
1952
4400
3764
13592
4780
3228
2000
-9308
-3652
-3976
-6280
5048
2668
7324
12092
2904
5052
-2860
-9708
-552
-6996
-2176
5928
1728
11960
8200
2252
5200
-7440
-6392
-1364
-8168
2424
4200
4140
13088
5188
3860
1420
-9412
-3428
-4000
-6132
5312
2424
7404
11756
2624
5472
-3208
-9612
-440
-7296
-2396
5808
2120
11888
7888
2456
4884
-6936
-6992
-1412
-8196
1956
4720
3408
13392
5148
3320
2016
-9832
-3000
-4300
-6084
5008
2840
7632
11688
3144
4892
-3040
-9712
-900
-6988
-2192
6216
1732
11648
8488
2124
4884
-7240
-6804
-1472
-7992
2256
4848
3532
13512
5360
3392
1368
-10148
-2928
-3836
-6080
5196
2736
7404
11948
2488
5344
-3672
-9100
-968
-7076
-1880
5548
2512
11676
8184
2504
4516
-7816
-6432
-1520
-7772
2588
3992
4072
13136
5064
3892
844
-9948
-2792
-4436
-5780
5716
2188
8580
11296
2620
5428
-4236
-9076
-372
-7416
-1184
5580
2052
12564
7468
2468
4732
-8740
-5756
-1736
-8220
3476
3904
4384
13396
4124
4188
668
-10160
-2308
-5176
-5384
6020
2172
8796
11300
2476
5180
-4932
-9060
-580
-7544
-764
5508
2528
12240
7428
2456
3596
-8512
-5652
-1820
-7760
3788
3608
4804
13520
3824
4716
-572
-10236
-2028
-5652
-4484
5968
2264
9788
10424
2260
5304
-5616
-8328
-924
-7720
204
5336
2844
12732
6740
2912
3400
-9444
-4528
-2872
-7328
4396
3052
6804
12764
3224
4952
-1948
-9576
-1636
-6156
-3532
5744
2180
10112
9640
2480
5380
-6820
-7772
-948
-8244
1264
4504
3504
13580
5464
3176
2052
-9772
-3660
-3536
-6624
4940
2436
7220
12140
3004
5384
-2904
-9784
-1056
-6868
-2456
5852
2148
11844
8416
2572
4652
-7768
-6912
-1492
-7836
2332
4404
4040
13456
4888
3528
1216
-9824
-2804
-4404
-5768
5496
2408
8388
11616
2724
5264
-4356
-9440
-808
-7100
-1284
5648
1860
12376
7624
2844
4276
-9004
-5436
-2440
-7948
3832
3692
5092
13276
4064
4304
-324
-10228
-1916
-5476
-4892
5764
1888
9844
10804
2132
5532
-6044
-8320
-904
-7964
684
4788
3128
12836
6540
3128
2988
-9096
-4956
-2824
-7316
4708
2972
6448
12964
3248
4900
-2176
-9844
-1280
-6444
-3132
5928
2320
11208
9496
2268
4740
-6992
-7392
-1088
-7656
1708
4676
3228
13604
5292
3640
2068
-10620
-3220
-4236
-6548
5780
2008
8360
12004
2332
5444
-3836
-9424
-872
-7292
-1548
5932
1852
12096
8388
2132
4556
-8836
-5888
-1940
-8056
3440
3984
4888
13032
4432
4528
-200
-10152
-2424
-5152
-4900
6040
2276
9864
10324
2172
5628
-5520
-8524
-532
-7968
108
5308
2408
13816
6844
2820
2852
-9600
-4576
-2728
-7316
4780
3012
6356
12808
3024
5472
-2220
-10464
-1216
-6840
-3072
6140
1700
11408
9072
2280
4972
-7464
-7260
-1360
-7896
1912
4188
3592
13780
5196
3956
1072
-10640
-2596
-4448
-5808
5696
2356
8740
11376
2624
5464
-4660
-8868
-788
-7484
-1084
5460
2196
12900
7860
2440
4424
-9624
-5508
-2296
-7992
4460
3192
5500
13452
3536
5000
-1284
-10312
-1512
-6420
-3972
6252
1880
10652
10032
2464
5388
-7004
-7824
-776
-8352
1572
4384
3460
13720
5588
3700
1572
-10240
-3376
-4364
-6088
5464
2372
8028
12012
2984
5528
-4152
-9484
-888
-7584
-1524
5748
2388
12792
7632
2452
4480
-8900
-5716
-2196
-8008
3800
3396
5340
13576
3796
4876
-860
-10412
-1548
-6144
-4008
5928
1768
11212
10016
2220
5432
-7080
-7644
-1292
-8208
1372
4728
3636
13056
5904
3532
2160
-9752
-3996
-4124
-6540
5124
2436
7776
12540
2656
5100
-4048
-9396
-900
-7580
-1548
5860
2352
12344
7956
2732
4236
-8936
-5876
-2004
-8288
3804
3416
5488
13620
3728
5040
-1232
-10448
-1716
-6252
-4096
5908
2092
11124
10004
2288
5252
-6988
-7660
-1068
-8352
1680
4376
3572
14136
5296
3772
1616
-9928
-3316
-4356
-6296
5532
2208
8132
11920
2756
5880
-4908
-9416
-692
-8168
-788
5036
2884
13112
6804
3152
3696
-9236
-5324
-2816
-7608
4076
2964
6144
13712
3500
4792
-2084
-10188
-1300
-6784
-3204
5924
1692
11200
9588
2988
5036
-8028
-7464
-1480
-8004
2324
4460
4028
14220
4892
3876
1364
-10512
-2524
-4860
-5764
6040
1752
9384
11864
2496
5460
-5788
-8960
-380
-8100
-104
5172
2500
13708
6608
2716
3476
-10216
-4328
-3232
-7380
5092
2348
7480
12852
3296
5432
-3556
-9848
-1236
-7148
-2216
5580
2028
12264
8520
2928
4264
-8500
-6152
-2292
-8052
3256
3708
5208
13584
4672
4716
-784
-10856
-2068
-5848
-4008
5964
1900
10164
10388
3028
5112
-6984
-8136
-920
-8212
1160
4504
3876
13860
5444
4176
1708
-10728
-3252
-4532
-5948
5448
1960
8872
12124
2820
5192
-4592
-9552
-928
-7892
-776
5884
2272
13056
7288
2836
3724
-9968
-5136
-2872
-7864
4432
2784
6640
13300
3168
4928
-2664
-9936
-948
-7180
-2804
6036
1668
12104
8836
2772
4828
-8300
-6864
-1652
-8068
2804
4028
4428
13724
5020
4384
176
-10932
-2096
-5540
-5012
6408
1644
9912
10908
2396
5952
-6756
-8672
-800
-8548
1248
4636
3068
13688
6024
3412
2584
-10392
-3836
-4024
-6972
5172
2468
8000
12456
2976
5344
-4136
-9660
-856
-7460
-1380
5488
2248
12888
7684
2952
4480
-9212
-5852
-2444
-7904
3936
3144
5732
13952
3624
4688
-1168
-10612
-1488
-6488
-3908
6252
1440
11192
9884
2636
5776
-7672
-7296
-1084
-8672
1992
4280
4456
13800
5032
3916
1288
-9936
-3468
-4320
-5924
5052
2388
8416
12004
2572
5416
-4840
-9632
-728
-7696
-668
5404
2316
12928
7088
3112
3784
-9624
-5144
-2652
-7836
4268
3116
6388
13148
3492
4932
-1492
-10336
-1380
-6144
-3800
6044
1572
11308
9608
2544
5320
-7748
-7108
-1556
-8076
2116
4300
4024
13464
5308
3972
1312
-10192
-3396
-4172
-6204
5668
2292
8084
11844
2588
5712
-4460
-9648
-448
-7764
-1064
5548
2232
12932
7424
2880
3860
-9280
-5392
-2452
-7676
3916
3532
5480
13060
4112
4344
-1172
-10340
-1928
-5656
-4236
6096
1824
10664
10032
2288
5264
-7088
-7360
-1116
-8112
1560
4384
3880
13080
5968
3980
1728
-9728
-3756
-3848
-6512
5244
2768
7760
12168
2564
5348
-3660
-9948
-516
-7396
-1556
6072
1932
12260
7932
2448
4788
-8512
-5960
-2004
-8060
3172
3384
5264
13284
4416
4124
-432
-10268
-2328
-5336
-4712
5836
1780
9276
10684
2360
5840
-5896
-8816
-700
-8368
128
5140
2728
13428
6076
2996
2940
-9660
-4172
-3128
-6860
4456
3000
6488
12388
3400
5192
-1828
-9864
-1524
-6444
-3396
6156
1772
10756
9704
2012
5360
-7128
-7624
-1072
-8220
2048
4892
3108
13408
5692
3572
1920
-10388
-3332
-3732
-6524
5456
2348
7792
11840
2352
5780
-3472
-9548
-800
-7540
-1912
5632
2000
12264
7948
2636
4588
-8452
-6248
-1912
-7736
2672
4096
4464
13428
4360
3980
820
-10216
-2392
-5052
-5508
5704
2196
9120
11332
2444
5300
-4380
-8840
-1076
-7204
-732
5904
2052
12044
7852
2084
4380
-8536
-5572
-1856
-8292
4048
3424
5388
13224
3660
4388
-436
-9940
-2112
-5336
-4772
6132
2096
9160
10872
2112
5408
-5376
-8908
-480
-7952
0
5276
2580
12884
6512
2800
3304
-8892
-5076
-2308
-7624
4124
3540
5692
12800
3396
4788
-1052
-9828
-2024
-5672
-3864
6132
1864
10056
10024
2160
5464
-6268
-7636
-1088
-8184
988
4840
3180
13088
5960
2948
2976
-9424
-4164
-3104
-7188
4656
3116
6132
12560
3156
4588
-1100
-9856
-1404
-6104
-3700
6024
2216
10420
9784
1924
5120
-6500
-7720
-1032
-8000
1184
4616
3064
13068
6004
2816
2776
-9640
-4052
-3204
-7436
5340
2976
6656
12352
2856
4684
-1804
-9328
-1472
-6536
-3312
6292
1912
10940
9348
1980
5220
-7028
-7216
-920
-7884
1616
4456
3612
13156
5412
3448
2448
-9332
-3908
-3700
-6672
5204
2676
7260
12124
2572
5388
-2924
-9272
-992
-7112
-2668
6004
1984
11324
8792
2028
4968
-7364
-7076
-1100
-8168
2088
4656
3472
13160
4872
3468
2132
-10024
-3256
-4216
-6808
5872
2152
8004
12404
2008
5080
-3376
-9276
-532
-7304
-1916
6092
1792
11696
8120
2524
4920
-7808
-6276
-1952
-7832
2440
4580
4252
13244
4740
3408
1436
-9944
-2652
-4248
-5956
5344
2540
8168
11744
2540
4848
-3420
-9460
-1056
-6892
-1824
6332
1876
11584
8140
2356
4788
-8404
-6152
-1752
-7940
2900
3780
4820
13104
4024
4036
524
-10088
-2724
-4860
-5236
5872
2204
8332
11288
2352
5308
-4408
-8868
-984
-7784
-1004
5880
2600
12020
7492
2740
3764
-8328
-5880
-1832
-7688
3584
3928
4952
13256
3756
4372
84
-10372
-1824
-5532
-4712
6048
2352
9532
10508
1912
5564
-4904
-8412
-700
-7872
-344
5608
2712
12964
6976
2264
3868
-9372
-4976
-2420
-7588
4516
3424
5540
12524
3648
4600
-728
-9972
-2028
-5780
-4360
6064
1968
10336
10184
1740
5396
-6308
-7744
-1076
-8156
804
4828
3264
13120
6280
2492
2916
-9220
-4072
-3140
-7048
4580
3032
6860
12504
3024
4880
-2104
-9600
-1520
-6456
-2836
5972
2000
10984
9416
1916
4840
-6684
-7352
-1224
-8200
1880
4784
3508
13204
5388
3364
1976
-9984
-3616
-3648
-6604
5392
2484
7576
11752
2508
5356
-3420
-8944
-1296
-7404
-1928
5784
2064
12040
8400
2164
4476
-8116
-6688
-1196
-8172
2832
4284
3896
13916
4080
4116
1144
-10320
-2284
-5088
-5712
6052
2220
9016
11312
2232
4912
-4776
-8852
-664
-7464
-944
5940
2252
12304
7276
2524
4516
-8796
-5520
-2224
-8196
3892
3608
5840
13628
3128
4204
-880
-10192
-1836
-5584
-4648
6500
1648
10076
10584
1704
5768
-6260
-8188
-824
-8324
744
5048
3172
13444
5928
2864
2492
-9144
-4400
-3016
-7000
4604
3060
6400
12592
3228
4828
-1976
-9776
-1156
-6720
-3192
6276
2236
11332
9184
1800
4916
-6944
-7372
-964
-8108
2092
4756
3496
13248
5144
3696
2084
-10020
-3248
-4460
-6400
5600
2380
8132
11528
2592
5452
-3864
-9048
-1048
-7068
-1924
5628
2484
12100
7684
2248
4496
-8048
-6372
-1764
-8012
2848
4272
4508
13320
4280
3972
760
-10236
-2696
-5024
-5300
6012
1976
9688
10628
2328
5708
-5628
-8176
-1200
-7896
-100
5076
3060
12772
6756
2844
3520
-8756
-5168
-2692
-7456
4224
3204
6000
12836
3348
5132
-1352
-9884
-1592
-6384
-3748
6100
1724
10372
10044
2172
5592
-7104
-8004
-844
-8224
1516
4848
3020
13468
5460
3396
2408
-9928
-3840
-3616
-6800
4672
2868
7472
12168
2732
4844
-3032
-9604
-1016
-6832
-2212
5804
2004
11772
8484
2224
5156
-8016
-6652
-1356
-8700
2892
4388
4452
13648
4228
4076
860
-10212
-2596
-4536
-5612
5500
2592
8980
10832
2552
5288
-4508
-8824
-1264
-7476
-824
5344
2924
12788
6684
2656
3756
-8660
-5432
-2644
-7696
4080
3352
5644
12912
3816
4904
-1040
-10132
-2132
-5984
-4204
6116
2328
10500
9604
1940
5632
-6132
-7780
-996
-8152
880
4756
3304
13460
6180
3028
2600
-9956
-4212
-3184
-6984
5308
2632
7176
12428
2688
5268
-2828
-9832
-1028
-6888
-2552
6060
1880
11840
9032
1948
5132
-8000
-6804
-1368
-8340
3168
4108
4216
13604
4420
3896
868
-10228
-2704
-4748
-5752
5872
2200
8812
11200
2288
5460
-4616
-8992
-784
-7876
-744
5464
2384
13056
7220
2404
3688
-8860
-5356
-2248
-7668
4076
3712
5784
12824
3488
4424
-752
-9676
-1924
-5984
-4172
5916
2128
10456
10148
2300
5312
-6408
-8212
-976
-8064
1460
4992
3364
13096
5780
3176
2580
-9400
-4120
-3312
-7320
5096
2764
7096
12924
2856
4932
-3248
-10268
-1020
-6704
-2312
6384
1728
11032
8544
2244
5168
-7824
-6556
-1512
-8508
2588
4276
4684
13396
4264
3820
836
-9836
-2704
-4580
-5424
5276
2548
8812
11180
2416
5236
-4164
-9088
-1032
-7440
-924
5776
2188
12744
7468
2420
4340
-8748
-5728
-1756
-7984
3608
3696
5236
13444
3568
4340
-392
-10064
-1964
-5456
-4788
5928
2132
9904
10252
1860
5624
-5396
-8672
-964
-7992
352
5188
2648
13264
6624
2400
3216
-9020
-4868
-2408
-7360
4508
3236
5868
12736
3100
4740
-792
-9972
-1660
-6080
-4048
6012
1784
10816
9860
1848
5276
-6724
-7564
-860
-7980
1520
4888
3016
13160
5512
3528
2964
-9416
-3992
-3696
-6856
4668
3364
6960
12616
2680
4548
-1892
-9524
-1384
-6364
-3324
6172
2100
10772
9516
1592
5372
-7076
-7396
-980
-7852
1372
4776
3140
13164
5584
2948
2324
-9892
-3872
-3300
-6704
5160
2868
7280
12164
2400
5076
-2592
-9196
-1036
-6844
-2540
5896
2092
11020
9004
1836
4620
-7060
-7128
-956
-8084
2016
4816
3496
13260
4748
3720
2224
-9932
-3148
-4272
-6080
5460
2736
7512
11988
2584
4548
-3008
-9332
-1020
-6276
-2992
6104
2296
11156
8284
2216
4892
-7256
-6948
-1392
-8048
2224
4360
3892
13136
4788
3448
1812
-9580
-3548
-3648
-6488
5608
2808
6816
12024
2284
4780
-2252
-9428
-864
-6924
-2920
6320
2104
11236
8812
1724
4832
-7072
-7128
-872
-7968
2076
4932
3388
13256
5168
3116
2572
-9852
-3436
-3424
-6960
5540
2888
6840
12020
2652
5168
-2360
-9620
-1616
-6268
-3056
6192
2168
10444
9276
1924
5116
-6916
-7536
-848
-8224
1696
5124
3192
12984
5492
2800
2732
-9460
-3888
-2984
-7256
5040
3284
6080
12436
2912
4724
-1696
-10196
-1196
-5852
-3544
6320
2180
10236
9064
1884
5372
-5876
-7476
-1148
-7788
824
5208
3220
12628
5976
2572
3540
-9028
-4492
-2496
-7720
4940
3144
6020
12888
2736
4496
-756
-9764
-1352
-5972
-4380
6220
2076
9672
10080
1616
5160
-5468
-8124
-488
-7704
-116
5504
2816
12752
6288
1888
3964
-8440
-5008
-2260
-7940
3856
3924
5004
13368
2972
3864
112
-9452
-1884
-5164
-5016
5716
2512
9100
10568
1936
5024
-4216
-8388
-772
-7296
-896
6032
2192
11856
7532
2164
4460
-7820
-6084
-1520
-7724
2908
4536
4112
12984
4380
3524
1116
-9560
-2972
-4032
-5856
5648
2668
7512
11636
2208
4796
-2952
-9336
-1060
-6716
-2308
6012
2164
11048
8600
1616
4772
-7276
-6912
-852
-8504
2580
4780
3896
12632
4588
3336
2316
-8944
-3872
-3492
-6372
5080
3164
6512
12264
2584
4708
-1532
-9576
-1304
-6144
-3404
6612
1932
10328
9232
1396
5492
-5716
-7624
-704
-7928
508
5604
2688
12884
6404
1700
3904
-9292
-4580
-2120
-7632
4676
3372
5324
12440
3452
4144
-244
-9484
-2384
-5096
-4796
6000
2612
8868
10512
1744
4944
-4628
-8388
-912
-7424
-452
5748
2304
12040
6932
2108
4244
-7768
-5860
-2108
-7456
3248
4340
4668
13164
3648
3412
1180
-9612
-2348
-4676
-5680
5980
2372
7924
11196
2236
5048
-3068
-9196
-808
-6612
-2164
6300
1980
11088
8624
1500
5168
-7120
-6812
-988
-8004
1996
5136
3404
12524
5188
2268
2872
-9008
-3984
-3028
-7112
5228
3048
5988
12744
2544
4552
-1860
-9772
-1052
-6364
-3592
6308
2260
9928
9100
1996
4956
-5368
-8020
-804
-7540
0
5720
2584
12388
6696
2000
3900
-8668
-5264
-1968
-7600
4420
3916
5120
12736
3212
3860
412
-9584
-2416
-4484
-5084
6024
2452
8216
11076
1644
5116
-3928
-8884
-812
-7088
-1136
5724
2364
11540
7512
1952
4364
-7432
-6492
-1596
-7892
2672
4576
4036
12948
4080
3224
1844
-9412
-2976
-4080
-6468
5588
2920
7136
11984
2032
4636
-2224
-9532
-948
-6508
-2892
6224
2304
10524
8944
1568
5036
-6108
-7648
-756
-7740
1580
5120
2980
12692
5784
2308
3268
-8860
-4312
-2644
-7460
4904
3320
5912
12444
2988
4352
-796
-9548
-1812
-5476
-4436
6156
2440
9348
10192
1728
5140
-4784
-8540
-632
-7916
-208
5800
2504
12244
6452
2224
3848
-8024
-5496
-2232
-7888
3496
4232
4592
13028
4124
3292
896
-9824
-2740
-4492
-5200
6208
2348
7784
11356
1876
5040
-3688
-8720
-668
-7172
-1704
6292
2372
11596
7860
1720
4980
-7372
-6276
-1460
-7852
2624
4952
3744
12944
4688
3036
2160
-9712
-3160
-3768
-6752
5612
2812
7284
11792
2388
4556
-2344
-9484
-1372
-6236
-2924
6300
1948
10752
9024
1648
5156
-6824
-7128
-712
-8492
2016
5080
3124
12952
5016
3032
2684
-8924
-4156
-2796
-7136
4524
3820
6188
12824
2472
4288
-1188
-9488
-1424
-5884
-3724
6212
2084
9872
10184
1736
4984
-5372
-8084
-816
-7500
312
5568
2756
12228
6224
2732
3564
-8660
-4908
-2840
-7500
4164
3904
5316
12772
2984
4056
-212
-9656
-2152
-5272
-4792
5916
2548
8604
10764
1808
4728
-4360
-8740
-580
-7444
-912
6304
2380
12044
7284
1836
4300
-8064
-6040
-1236
-7788
3492
4364
4208
13596
3604
3576
852
-9688
-2412
-4796
-5668
5992
2964
8284
11216
1932
4856
-3808
-8976
-796
-7004
-1684
6248
2456
11456
7900
1404
5004
-7676
-6624
-1300
-8460
3316
4400
4112
13204
4096
3300
1156
-9360
-3040
-4216
-5800
5540
2888
7372
11648
1976
4784
-3080
-9044
-744
-7524
-1944
6100
2396
11748
7856
1824
4636
-7024
-6664
-1432
-7892
2556
5208
3664
13012
4588
2708
2056
-9476
-3116
-3944
-6576
5308
3188
7488
12092
2352
4336
-2484
-9360
-900
-7036
-2280
6420
1940
11176
8520
1484
4932
-7224
-6808
-1180
-8464
2512
5016
3536
13352
4628
2828
2260
-9752
-3364
-4164
-6496
5824
2736
7560
11792
2308
4624
-3080
-9088
-932
-6984
-2364
6216
2716
10884
8272
2204
4576
-6924
-7248
-1376
-8040
2440
4904
4132
12988
4680
2988
2016
-9608
-3492
-3980
-6284
5764
2776
7640
11996
2144
4976
-2792
-9372
-888
-7012
-2328
6328
1928
12044
8272
1628
5024
-7552
-6724
-1404
-7972
2448
5024
3972
13212
4432
2988
1984
-9832
-3112
-4376
-6344
5892
2376
8352
11844
1800
5152
-3824
-9288
-804
-7244
-1480
6284
2020
11808
8104
1728
4968
-7816
-6528
-1360
-8344
3316
4644
4172
13540
4216
3716
1152
-10228
-2508
-4896
-5636
6060
2672
8744
10804
2104
4928
-3800
-9140
-804
-7144
-1396
6448
1880
12384
7796
1844
4452
-8760
-5980
-1900
-7928
3640
4320
4940
13372
3760
3528
480
-9988
-2408
-5108
-5400
6272
2524
8912
10484
2008
5136
-4696
-8492
-1140
-7828
-660
6116
2820
12568
7068
1992
3988
-8740
-5752
-2052
-7568
4560
3740
4776
13144
3588
4264
8
-10192
-1732
-5596
-4768
6360
1856
10324
10276
1564
5348
-5856
-8160
-744
-8108
792
5448
2756
13048
5956
2660
3200
-9136
-4520
-3340
-7292
4692
3460
6376
12356
3324
4408
-1996
-9648
-1876
-6052
-3608
6188
1864
10420
9616
1756
5688
-7256
-7536
-1004
-8384
1976
5244
3724
13088
5100
2864
2436
-9356
-3780
-3576
-6716
5188
3216
7068
12284
2704
4884
-2540
-9780
-1008
-6696
-2528
6268
2168
11264
8908
1980
5032
-7492
-7144
-1208
-8196
2668
4672
3944
13652
4228
3352
1832
-10176
-2836
-4916
-5952
5932
2476
8244
11540
2524
4824
-3672
-9376
-1260
-6968
-1868
6304
2492
11984
7848
1760
4208
-7680
-6048
-1900
-8104
3440
4424
4516
13444
3976
3876
356
-10052
-2264
-5220
-5344
6184
2344
9060
11188
2084
4916
-4832
-9052
-388
-7704
-272
5928
2504
12100
6684
2572
3912
-8428
-5388
-2616
-7756
4136
3736
5608
13132
3396
3960
-644
-10196
-1588
-6020
-4188
6336
1948
9932
10072
1860
5488
-5964
-8152
-888
-8420
716
5380
3300
12852
5904
2744
2864
-8996
-4488
-3216
-7148
4620
3352
6556
12348
3096
4488
-1640
-10016
-1296
-6844
-3376
6732
1864
11288
9400
1764
5008
-7436
-7168
-868
-7952
2048
4956
3796
12852
5204
3432
1908
-9480
-4060
-3596
-6440
5520
3064
7416
12020
2432
4904
-3352
-9476
-1100
-7176
-2028
6296
1968
11856
8240
1780
4776
-7944
-6480
-1636
-8316
3136
4456
4856
13148
4156
3436
836
-9848
-2752
-4596
-5464
6024
2540
8740
11400
2092
4916
-4700
-8852
-768
-7712
-904
6228
2400
12480
7144
2364
3788
-8948
-5344
-2752
-7572
4288
3836
5948
12708
3296
4436
-1108
-9796
-1992
-5936
-4028
6304
2304
10164
9900
1856
5476
-6328
-7872
-1044
-8416
1296
5248
3172
13060
5852
3060
2560
-9592
-4276
-3392
-6868
5156
2916
6916
12780
2700
4636
-2676
-9572
-1108
-6916
-2616
6124
2584
11260
8868
1780
4876
-7356
-6996
-1048
-8280
2292
4852
4324
13556
4436
3544
1356
-9904
-3048
-4324
-5936
5876
2720
8296
11580
2116
5120
-4036
-8928
-860
-7840
-1104
6084
2308
12732
7112
2068
4632
-9168
-5572
-2152
-8256
4116
3792
5320
13596
3228
4144
-332
-10000
-2156
-5748
-4564
6036
2464
9840
10292
1968
4992
-5776
-8552
-696
-8044
588
5572
2736
13492
5764
2832
3188
-9460
-4288
-3548
-6784
5056
3428
6764
12500
2812
4980
-2304
-9860
-1400
-6844
-2660
6004
2064
11412
8672
2148
5132
-7800
-6636
-1924
-8216
2684
4336
4408
13436
4820
3336
956
-9992
-3164
-4364
-5712
6052
2440
8220
11596
2288
5384
-4648
-9304
-1080
-7372
-728
5716
2708
12616
7488
2260
3376
-8600
-5184
-2620
-7628
4036
4036
5984
12984
3288
4172
-868
-10228
-1632
-6092
-4032
6636
1892
10780
10056
1664
5376
-6732
-7696
-948
-8320
1600
5008
3504
13540
5536
3108
2064
-9792
-3620
-4240
-6360
5540
3100
7840
12012
2588
5012
-3448
-9696
-1176
-7324
-1632
5992
2448
12364
7740
2048
4548
-8764
-6112
-2304
-8184
4076
3764
5024
13440
4012
3972
-344
-10576
-1804
-5584
-5056
6296
2168
10348
10436
1864
5324
-6276
-7908
-1044
-8180
1300
5072
3216
13224
6008
3120
2456
-9856
-3880
-3608
-7096
5572
2940
7500
12284
2520
5556
-3156
-9484
-1232
-7364
-1952
6308
2180
12092
8120
1928
4568
-8600
-6416
-1700
-8288
3612
3748
4760
13812
3380
4152
20
-10696
-1876
-5956
-4516
6148
1960
9992
10628
1704
5264
-5924
-8372
-540
-8712
836
5448
3076
14096
5436
2680
2756
-9812
-4384
-3552
-6468
5308
2920
7088
12632
2612
5176
-3000
-9920
-1072
-7624
-1496
6388
2116
12352
8392
2056
4264
-8664
-6080
-1636
-8212
3660
4036
5148
13344
3968
4376
-480
-10416
-2044
-5840
-4604
6412
2052
10256
10472
1544
5548
-6392
-7992
-820
-8736
1244
4940
3516
13788
5524
3148
2008
-10032
-3764
-3636
-6808
5552
2652
7896
12140
2136
5492
-3528
-9452
-872
-8052
-1460
6196
2676
12796
7716
2476
4044
-8588
-6224
-2120
-7772
4136
3992
5240
13276
3672
4368
-812
-10432
-1652
-6168
-3808
6256
2124
10776
9816
2084
5312
-6996
-7972
-1236
-8768
1984
5248
3896
13376
4880
3876
1360
-10340
-3412
-4576
-5740
5400
2696
8696
11740
2464
5220
-4596
-9380
-1040
-7596
-488
6076
2368
12820
6900
2808
3600
-9392
-4772
-3236
-7716
4548
3432
6956
13124
2948
4972
-1952
-9948
-1700
-6568
-3100
6500
2116
11068
9488
2092
4976
-7616
-7268
-1252
-8672
2740
4824
4092
13884
4656
3840
540
-10780
-2576
-5020
-5308
6304
2260
9300
10716
2044
5424
-5376
-8684
-1084
-8396
128
5436
3288
13556
6132
2748
2688
-9764
-4612
-3264
-6952
5424
3000
6972
12812
2740
5292
-3280
-9856
-1116
-7724
-1528
6052
2696
12428
7956
2700
4328
-8604
-6156
-1980
-8104
3520
4244
5228
13380
3852
4152
-144
-10428
-2212
-5704
-4628
6512
1952
10540
10184
1900
5224
-6868
-7796
-1128
-8304
1712
4972
3680
13348
5420
3532
1764
-10232
-3348
-4412
-6504
6184
2416
8532
11908
2132
5624
-4728
-9352
-840
-7876
-812
5796
2732
12968
7104
2636
3788
-9404
-5196
-2516
-7848
4764
3380
6344
13256
2820
4696
-1912
-10236
-1308
-6644
-3112
6192
2232
11336
9220
2068
4936
-7820
-6944
-1476
-8852
2816
4604
4796
13592
4408
3752
784
-10464
-2688
-4912
-5576
6268
2108
9192
11396
2092
5512
-5760
-8848
-672
-8324
476
5744
2748
13604
6140
2848
2592
-9928
-4344
-3440
-7052
5284
3112
7472
12216
2832
5000
-3048
-9732
-1260
-7036
-2192
6316
2176
12356
8420
2044
4864
-8872
-6060
-2052
-8280
4060
3980
5172
13404
4020
4412
-256
-10460
-2364
-5576
-4660
6592
2160
10432
10048
1752
5672
-6776
-7856
-1300
-8536
1524
4952
3748
13304
5728
3040
1936
-10068
-4040
-3968
-6368
5428
2668
8100
12228
2364
4992
-3992
-9296
-968
-7700
-1044
6212
2296
12472
7584
2312
4240
-9200
-5564
-2532
-8108
4668
3200
6016
13376
3204
5164
-1764
-10328
-1804
-6672
-3264
6240
2208
11396
9160
1948
5308
-6912
-7244
-1472
-8276
1996
4632
4036
13680
5168
3396
1244
-10148
-3220
-4528
-5956
6360
2120
8752
11248
1896
6084
-5204
-8780
-1060
-8232
-500
5460
2976
13236
6832
2508
3256
-9344
-4624
-3332
-7180
4828
3004
6544
12612
3276
5284
-2364
-9840
-1344
-6824
-3008
6240
2376
11284
8848
2120
5108
-7324
-7064
-1420
-8264
2608
5004
4028
13624
4576
3936
1128
-10672
-2660
-5136
-5480
6296
2160
9592
10872
1860
5304
-5332
-8556
-868
-8216
20
5472
2672
13264
6796
2556
3052
-10136
-4592
-2960
-7320
5024
3240
6560
12396
3252
5068
-2348
-9840
-1700
-6548
-2848
6476
2280
11448
8756
1864
5184
-7960
-6668
-1576
-8692
3232
3972
4888
13416
4284
3964
716
-10080
-2960
-5296
-5476
6344
2752
9200
10860
1888
5632
-5376
-8508
-780
-8192
308
5484
3212
13352
6308
2828
3112
-9636
-4544
-3088
-7524
5436
3080
6868
12628
2668
5272
-2392
-9716
-1740
-6944
-2732
6348
2376
11452
8920
1976
4480
-7868
-6884
-1548
-7976
2712
4336
4588
13428
4432
3744
364
-10212
-2216
-5236
-5048
6040
2296
9428
10800
1828
5612
-5392
-9080
-392
-8464
768
5672
2724
14020
6020
2700
3424
-9748
-4128
-3304
-7308
5344
3060
6884
12644
2632
5056
-2464
-10028
-1260
-7132
-2492
6104
2216
11880
8644
2000
4556
-7940
-6648
-1924
-8320
2936
4448
4336
13276
4300
3796
696
-10176
-2672
-5204
-5396
6004
2216
9848
10408
2128
5600
-5296
-8600
-1332
-7976
536
5204
2668
13392
6284
2840
3404
-9440
-4312
-3500
-7312
5024
3488
6804
12712
2992
4896
-1968
-10076
-1444
-6632
-2808
6552
2260
11268
9136
1788
4996
-7552
-6880
-1556
-8616
2672
4348
4496
13480
4256
3680
1044
-10248
-2668
-5252
-5540
6208
2368
8780
11400
2168
5312
-4748
-9144
-1016
-8024
-380
6056
2736
12868
6712
2364
3476
-8776
-5048
-2792
-7432
4416
3444
6184
13208
3308
4644
-1716
-10164
-1500
-6448
-3452
6508
2256
11388
8924
1788
5192
-6992
-7272
-1100
-8324
1976
4804
3652
13984
5184
2812
1580
-10496
-2952
-4500
-5904
6168
2616
8392
11008
2832
5164
-4388
-9196
-1056
-7636
-1112
6296
2480
12552
7404
2104
4328
-9048
-5940
-2140
-8200
4484
3788
5440
13320
2888
4804
-996
-10228
-1572
-6408
-3848
6360
2164
10836
9540
1956
5036
-6688
-7264
-1332
-8188
1708
4992
3556
13540
5252
3284
2124
-9984
-3336
-4544
-6500
5928
2708
8164
11628
2392
5532
-3628
-9452
-1008
-7468
-1600
5828
2820
12444
7696
1844
4328
-8156
-6460
-1980
-7828
3680
4116
4448
13588
4016
3720
304
-10540
-2008
-5812
-5068
6644
2072
9956
10432
1588
5464
-5608
-8332
-960
-8084
872
5400
2968
13472
6016
2708
2872
-9740
-4008
-3276
-7100
5464
3032
7204
12600
2304
5076
-2400
-10008
-1156
-6888
-2856
6396
2028
11812
8824
1716
4852
-7952
-6784
-1632
-8264
2668
4428
4580
13296
4292
3724
992
-10180
-2728
-5084
-5596
6316
2224
9452
10952
1600
5408
-5004
-8604
-836
-8352
204
5492
2824
13168
6296
3220
3180
-9148
-4976
-2976
-7180
4496
4120
5736
12852
3524
4340
-1304
-10408
-1568
-6008
-3588
6820
2244
10964
9292
1776
5308
-6948
-7508
-1376
-8188
2260
4532
4236
13408
4724
3520
1708
-10016
-3420
-4428
-6052
6068
2672
8328
11764
2276
5344
-4344
-9212
-1084
-7748
-1008
6032
2584
12980
7028
2036
4212
-9436
-5368
-2316
-7776
4180
3532
5792
13112
3852
4196
-1060
-10036
-2000
-5880
-4192
6720
2068
10752
9408
2140
5472
-6772
-7760
-1548
-7872
1548
5276
3864
12984
5396
3116
2396
-9856
-3756
-3976
-6504
6124
2608
7944
12444
2096
5188
-3736
-9664
-680
-7700
-1156
6152
2016
12768
7556
2148
4036
-8812
-5804
-2400
-7652
3928
3964
5672
12844
3412
4500
-168
-10144
-2252
-6168
-4344
6396
2092
10640
10212
1788
5164
-6376
-7912
-1104
-8584
1996
5328
3004
13492
5552
3216
2468
-10056
-3484
-4064
-6424
5656
2876
7784
11604
3056
5056
-3504
-9504
-1312
-7196
-1600
6176
2480
12072
7996
2116
4388
-8516
-5968
-2076
-8260
3888
3864
5244
13816
3452
4304
-388
-10588
-2020
-5992
-4428
6840
1984
9968
10408
1988
5268
-6532
-8072
-1176
-7896
1036
5464
3440
12772
5788
3056
2924
-9780
-4068
-3856
-6900
5660
2968
7748
12360
2744
4848
-3316
-9660
-1204
-6808
-2040
6572
2100
12032
8180
1940
5028
-8764
-6232
-1932
-8476
3864
3888
5488
13952
3344
4124
-444
-10088
-2164
-5884
-4260
6360
1968
10228
10308
2048
4992
-6164
-8012
-1008
-8512
1180
5544
3372
13020
5876
3296
2160
-9496
-4492
-3716
-6596
5328
3288
7480
12032
2428
4960
-2836
-9764
-1160
-7800
-1792
6328
1820
12856
7972
2476
4384
-8764
-5852
-2216
-8008
3828
3988
5380
12916
3900
4268
-196
-9816
-2592
-5756
-4608
6376
2236
10420
10408
1792
5284
-6512
-8244
-1000
-8472
1228
5384
3200
13140
5480
3088
2680
-9816
-4260
-3720
-7152
5708
2684
7668
12684
2060
5028
-3952
-9728
-756
-7600
-1532
6432
2184
12440
7336
2576
4496
-8344
-5984
-2516
-7940
3584
4204
5956
13180
3512
4256
-568
-10108
-1916
-5888
-4252
6268
2108
10372
10152
2108
5036
-6308
-7700
-1384
-8248
1128
5524
3528
13428
5808
2932
2668
-10196
-3960
-3576
-7148
5848
2432
8044
12524
2008
5472
-4172
-9524
-1160
-7656
-1268
5924
2396
12536
7472
2348
4324
-8604
-5784
-2460
-7816
4100
4104
5288
13224
3356
4772
-428
-10328
-1912
-6232
-4300
6448
2312
10868
9720
1744
5100
-6380
-7584
-1176
-8176
1416
5144
3884
13496
5100
3212
2312
-9848
-3840
-3772
-7040
5824
2732
8304
12420
1932
5368
-4376
-9204
-824
-7712
-1016
5880
2696
12684
7164
2572
4084
-8892
-5724
-2368
-7880
4012
3948
5880
13264
3196
4284
-712
-10304
-2012
-6156
-4084
6628
2024
10832
9928
1876
5120
-6584
-7864
-1220
-8456
1780
5448
3724
13644
5052
3040
1920
-9920
-3180
-4288
-6532
5652
2748
8696
11620
2532
5300
-4248
-9040
-1036
-7580
-860
5860
2664
12812
7216
2656
4112
-9208
-5628
-2748
-7616
4484
3772
6048
12716
3280
4804
-1432
-9964
-1944
-6444
-3620
6032
2392
10696
9300
2092
5120
-6736
-7888
-1380
-8024
2016
5068
3424
13544
5296
3164
2108
-10248
-3652
-4408
-6156
6232
2604
7932
12164
2208
5296
-4172
-9452
-384
-7852
-1168
6372
2192
13076
7392
2156
4364
-8856
-5904
-2376
-7920
4604
3956
5732
13048
3260
4416
-1276
-9976
-1640
-6520
-4092
6516
2248
10988
9484
1844
5228
-6908
-7680
-1300
-8420
2056
5024
3624
13456
5268
3484
1840
-10072
-3552
-4308
-6268
5916
2812
7892
12356
2132
5140
-4008
-9728
-564
-7820
-736
6036
2124
12744
7544
2544
3820
-8792
-5740
-2488
-7624
4104
4048
5712
12748
3308
4776
-776
-10056
-1916
-6656
-3820
6552
2368
10620
9640
1748
5284
-6616
-8052
-872
-8264
1580
5164
3448
13476
5220
3116
2060
-10028
-3652
-4284
-6224
6032
2584
7608
11924
2528
5164
-4000
-9628
-1064
-7820
-1100
6152
2624
12332
7312
2344
4068
-8388
-5680
-2432
-8024
3900
3952
6268
12832
3448
4024
-724
-9544
-2288
-5780
-4076
6460
2236
10128
10148
2200
5348
-6360
-8280
-1028
-8428
1484
5500
3576
13344
5460
2828
2436
-9424
-3940
-3568
-6984
5400
2992
7860
12392
1820
5100
-3500
-9528
-936
-7504
-1924
6312
2536
12196
7416
2020
4636
-8516
-5984
-2204
-8300
3628
4132
5216
13344
4144
3604
-188
-9644
-2520
-5372
-4952
6284
2888
9284
10800
1840
5284
-5504
-8728
-664
-8388
840
5704
2804
13892
5744
2696
3168
-9740
-4220
-3276
-6868
5496
3300
6860
12568
2580
4616
-2044
-9560
-1404
-7216
-2716
6680
2420
11484
8872
1744
4552
-7788
-7192
-1100
-8276
2808
4808
3964
13520
4236
3412
1236
-10416
-2952
-4956
-5488
6284
2380
8932
11252
1804
5392
-5024
-8836
-716
-8168
-296
5808
2740
13412
6260
2688
3936
-9424
-4616
-2936
-7484
4860
3232
6444
12764
3092
4712
-1488
-9872
-1652
-6284
-3812
6364
2440
10840
9552
1660
4900
-6372
-7872
-888
-8300
1692
5444
3424
13384
5076
3128
2008
-10164
-3428
-4464
-6256
5544
2604
8104
12140
2168
5044
-3540
-9528
-672
-7800
-1696
6496
2024
12404
7848
1964
4332
-8532
-6160
-1732
-8100
3572
4512
4968
13140
3740
3908
368
-10192
-2112
-5608
-5012
6376
2268
9908
10412
1940
5384
-5564
-8128
-936
-7984
624
5616
2972
12956
5824
3072
3144
-9368
-4460
-3616
-7120
5132
3252
6804
12868
2536
4708
-1980
-10068
-992
-7072
-2952
6764
1928
11276
8892
1516
4928
-7168
-7072
-1292
-8260
2208
4984
4160
13700
4584
3332
1432
-9812
-3380
-4220
-6124
6156
2728
8164
11668
1908
5228
-3964
-9284
-676
-7720
-1208
6124
2692
12756
7368
2264
4244
-8744
-5704
-2424
-7952
4408
3872
5708
13008
3188
3920
-152
-9948
-2196
-5976
-4352
6136
2436
10284
10524
1700
5008
-5920
-8536
-960
-8288
1120
5712
3292
13104
5388
2592
2936
-9880
-3644
-3852
-7052
5524
2832
7580
12636
2240
5056
-3080
-9624
-1316
-7008
-1868
6252
2464
11272
8184
2156
5204
-7720
-6636
-1812
-8464
3156
4372
4896
13992
3452
4000
760
-10184
-2212
-5232
-5300
6280
2468
9064
11080
1868
5468
-4332
-9160
-856
-8132
-436
5852
2896
12876
6780
2328
3236
-8720
-5264
-2728
-7536
4496
3708
5596
12904
3192
4684
-980
-10472
-1676
-6440
-3560
6544
2276
10540
9476
1988
5068
-6356
-7688
-1312
-8176
1736
5640
3496
12896
5808
3148
2532
-10124
-4184
-3576
-6648
6088
2852
8016
11672
2128
5196
-3304
-9400
-1032
-7304
-2004
6164
2356
12264
8416
1616
4796
-8200
-6064
-1844
-8412
3700
4376
5116
12864
3668
4100
436
-9736
-2900
-5092
-5108
6240
2592
9100
10860
1876
5212
-4732
-8916
-1176
-7864
-8
5868
2780
12792
6592
2344
3440
-9088
-5016
-2728
-7728
4768
3996
6288
12920
2612
4856
-1364
-9932
-1524
-6632
-3208
6536
2232
10724
9316
2112
5064
-6732
-7544
-1328
-8328
1776
5360
3768
13028
5124
3300
1860
-9696
-3868
-3948
-6360
5676
2896
8032
11640
2104
5072
-3524
-9284
-1156
-7836
-1632
6236
2388
12040
7648
2172
4424
-8396
-6080
-2024
-7960
3516
4184
5244
13440
3340
3804
444
-10004
-2160
-5716
-5164
6668
2228
9788
10560
1612
5660
-5420
-8168
-1328
-8048
588
5928
3436
12568
6004
2696
3596
-9216
-4740
-3020
-7396
5052
3296
6940
12740
2556
4680
-1836
-9720
-1328
-6732
-3160
6212
2392
10952
8912
1788
5000
-7016
-7204
-1556
-8344
2128
4836
4624
13140
4432
3156
1676
-9580
-3268
-4448
-6300
5916
2776
8208
11988
1996
4824
-3464
-9184
-1100
-7464
-1352
6248
2648
11824
7628
2172
4364
-8196
-5680
-1904
-8276
3616
4220
5508
13604
3432
3896
-108
-9872
-2168
-5176
-4900
6264
2220
9452
11020
1872
4980
-5256
-8624
-672
-8244
344
5776
2916
13116
6128
2548
3272
-9444
-4800
-2852
-7528
4928
3336
6772
12472
2736
4828
-1872
-9808
-1552
-6944
-2960
6404
2148
11056
8976
1864
5104
-6868
-7244
-1608
-8184
2028
5012
3852
13344
4984
3280
1936
-9904
-3480
-4020
-6620
5960
2856
7924
11832
2044
5176
-3268
-9248
-1172
-7360
-1712
6196
2616
11860
7956
2132
4268
-7784
-6584
-1812
-8168
3432
4460
4808
12864
3952
4140
592
-9812
-2624
-5392
-5320
5984
2432
9436
10768
1880
5092
-4892
-8996
-1016
-7420
-480
6336
2324
11980
7252
2256
4228
-9352
-5260
-2528
-8180
4840
3700
6196
12952
2748
4624
-1068
-9676
-1880
-6048
-3616
6252
2356
10052
9620
2016
5112
-5784
-7976
-1592
-7908
980
5448
3484
13288
5672
2512
2724
-9192
-4008
-3660
-7124
5620
2976
7060
12396
2216
4912
-2716
-9508
-960
-7240
-2600
6568
2108
11448
8264
2132
4728
-7120
-7184
-1500
-8068
2340
4868
4100
13320
4180
3604
1860
-9956
-3128
-4772
-5976
6300
2364
8480
11392
2088
4956
-3584
-9252
-880
-7504
-1452
6656
2484
12444
7416
1908
4520
-8488
-5740
-2320
-8044
3992
4092
5300
12932
3432
4116
248
-9808
-2384
-5632
-5108
6364
2572
9652
10512
1788
4884
-5300
-8492
-784
-8216
384
5840
2612
13260
6160
2592
3692
-9540
-4892
-3108
-7716
5296
3488
6228
13092
2476
4716
-1584
-9848
-1404
-6172
-3436
6480
2416
10836
9268
1864
5124
-6656
-7592
-1184
-8384
2036
5512
3588
12828
4992
3288
2092
-9584
-3716
-4312
-6432
5708
3024
7940
11600
2100
5308
-3072
-9384
-1120
-7448
-1904
6324
2508
11972
7696
1788
4624
-7840
-6628
-1720
-8172
3180
4260
4476
13916
3888
3756
424
-10260
-2280
-5416
-4984
6272
2520
9092
10280
2160
5552
-4848
-9020
-1248
-7488
-168
5840
3152
12780
6300
2204
3796
-8800
-4880
-3188
-7592
4512
3984
6208
12572
2892
4588
-776
-10140
-1828
-5992
-4032
6872
2080
10556
9820
1204
5368
-6400
-7636
-988
-8608
1552
5256
3496
13540
4952
3196
2392
-9884
-3700
-4036
-6472
5632
3184
7248
12152
2532
4508
-2752
-9688
-1452
-6744
-2424
6400
2392
11512
8340
1748
4844
-7896
-6480
-1852
-8424
3368
4428
4816
13592
4084
3596
320
-9736
-2844
-4880
-5428
6308
2436
8620
11648
1784
5312
-4688
-9120
-528
-8296
-152
6068
2200
13056
6564
2180
3940
-9280
-4884
-2820
-7840
4576
3556
6000
12952
2648
4396
-776
-9904
-1784
-6648
-3844
6492
2176
10560
9628
1716
5160
-6360
-7852
-1532
-8000
1752
5480
3196
12928
5556
3156
2536
-9784
-3932
-4148
-6820
5676
3116
7736
12148
2072
4984
-2796
-9428
-1116
-7072
-2292
6236
2584
11400
8780
1720
4512
-7428
-6540
-1752
-8280
3072
4836
4648
13368
3992
3732
748
-9640
-2932
-5212
-5548
6336
2716
8824
11028
1760
5208
-4660
-8888
-856
-8260
-400
6028
2812
12912
6516
2352
3696
-9428
-5088
-2560
-7592
4476
3456
6268
13172
2668
4552
-1016
-10068
-1596
-6420
-3540
6500
2148
10876
9760
1568
4976
-6408
-7804
-1068
-8296
2028
5220
3496
13716
5072
3204
2096
-9772
-3304
-4068
-6744
5648
3096
7880
11644
2584
5024
-3364
-9376
-1500
-7152
-1640
6292
2620
12160
7464
2136
4136
-8280
-5792
-2232
-8048
3824
4016
5336
13280
3772
3912
52
-10116
-2544
-5452
-5016
6492
2256
9388
10748
1796
5416
-5572
-8624
-1216
-7984
688
5996
2836
12864
6544
2376
3044
-9160
-4688
-3208
-7560
5616
3164
6796
13040
2460
5056
-2568
-9760
-1128
-7040
-2500
6728
2348
11304
8268
1980
5136
-7384
-6840
-1608
-8320
2504
4668
4440
13568
4236
3256
1192
-10044
-2956
-4904
-5852
6008
2720
8664
11216
2336
5176
-4648
-9120
-1084
-7736
-636
6100
2696
12496
6852
2348
3764
-8708
-5136
-2656
-7816
4368
3836
5936
12972
3512
4156
-480
-10228
-1924
-6192
-4264
6916
2136
10680
10192
1380
5244
-6680
-7548
-780
-8508
1504
5452
3252
13568
5204
3048
2516
-10104
-3636
-3832
-6540
5892
2788
7728
11772
2320
5360
-3492
-9756
-1092
-7628
-1576
6640
2156
12292
7732
1736
4756
-8512
-5988
-2088
-8340
3920
4280
4952
13520
3948
3724
-200
-10028
-2488
-5240
-4760
6324
2656
9320
11128
1740
5328
-5500
-8468
-804
-8296
792
5676
2904
13476
5884
2880
2984
-9764
-4192
-3696
-6912
5504
3104
7140
12516
2352
5132
-2784
-9664
-1148
-7428
-2132
6088
2268
12100
8288
2092
4356
-8144
-6624
-1744
-7936
2952
4776
4376
13396
4012
3720
804
-10292
-2560
-5460
-5060
6104
2448
9336
11000
1784
5140
-5088
-8772
-1092
-7960
416
6180
2508
13044
6516
2452
3604
-9816
-4516
-3308
-7352
5428
3048
7140
12704
2568
4720
-2304
-9648
-1376
-7192
-2680
6500
2196
11756
8716
1876
4936
-7984
-6792
-1736
-8320
2816
4764
4504
13540
4176
3340
1120
-10360
-2824
-5144
-5500
6380
2384
9324
11212
1896
5116
-5336
-8980
-904
-8084
468
5824
2496
13664
6120
2676
3280
-9804
-4236
-3344
-7340
5056
3040
7196
12744
2664
4660
-2608
-9960
-1064
-7012
-2376
6576
2232
11504
8320
2108
5160
-7836
-6972
-1608
-8608
3444
4764
4676
13820
3912
3924
480
-10260
-2572
-5320
-5332
6308
2608
9224
11024
1936
4976
-5208
-8880
-1044
-8184
332
5676
2928
13360
6072
2584
3148
-10000
-4324
-3720
-7060
5228
3116
7440
12524
2328
4928
-2644
-9612
-1468
-7112
-2296
6304
2276
11896
8500
1780
4720
-7976
-6572
-1748
-8528
3560
4488
4800
13656
3700
4128
136
-10284
-1928
-6016
-4636
6228
2412
10300
10140
2164
4960
-5980
-8132
-1508
-8216
1152
5676
3524
13220
5704
3056
2796
-10092
-3804
-4216
-6828
5680
2792
8124
11956
2688
4916
-3748
-9292
-1196
-7520
-1440
6632
2504
12456
7340
2352
4204
-8784
-5660
-2212
-8276
4292
3764
5864
13412
3008
4604
-852
-10452
-1644
-6552
-3692
6636
2112
11540
9492
1656
5224
-7004
-7520
-1456
-8276
2316
4732
4068
13360
5188
3412
1272
-10024
-3604
-4456
-6036
6308
2616
8600
11820
1696
5796
-5116
-9080
-884
-8616
328
5896
2712
13420
6392
2712
3472
-9664
-4888
-3160
-7656
5260
3136
7136
12936
2464
4792
-2528
-9972
-1132
-7476
-2380
6492
2376
12284
8556
1784
4788
-8324
-6364
-1796
-8548
4088
4128
5176
14100
3464
4224
-336
-10640
-1700
-6408
-4284
6832
2084
10496
10292
1752
4928
-6184
-8344
-1104
-8524
1516
5520
3616
13548
5264
3296
1924
-10608
-3648
-4568
-6104
6168
2436
9020
11636
2156
5144
-5004
-8984
-1056
-8244
-28
5724
2952
13076
6520
2892
2960
-9228
-5000
-3516
-7396
5168
3164
7236
12888
2516
5112
-2936
-9680
-1252
-7528
-1920
6376
2724
11864
8164
2316
4512
-8276
-6300
-2212
-8264
3756
4080
5500
13664
3400
4528
-908
-10204
-1908
-6516
-3876
6360
2540
11000
9576
1892
5200
-7348
-7512
-1460
-8604
2284
4744
4332
13784
4768
3480
1044
-10312
-3392
-4676
-5676
6088
2744
8788
11208
2448
4988
-4820
-9184
-1028
-8204
36
5684
3292
13704
6472
2492
2728
-9992
-4116
-3520
-7100
5752
3004
7524
12304
2812
5384
-3564
-9572
-1388
-7732
-1484
6000
3064
12472
7256
2524
4144
-8756
-5720
-2872
-7956
4296
3916
6312
13120
3184
4552
-1416
-10408
-1632
-6740
-3696
6588
2020
11952
9196
1852
4876
-8112
-6648
-1824
-8528
3152
4336
5140
13860
3712
4024
312
-10660
-2164
-5796
-5148
6760
1896
10468
10744
1764
5512
-6464
-8484
-1004
-8396
1200
5092
3852
14200
5236
3080
2096
-10296
-3348
-4856
-5988
6084
2800
8816
11400
2400
5160
-4420
-9380
-1152
-8100
-412
5968
2728
13276
6736
2788
3300
-9812
-4936
-3540
-7292
5300
3180
7084
12612
2604
5208
-2708
-10140
-1260
-7324
-2564
6284
2440
12588
8284
2308
4076
-8692
-6388
-2240
-7756
3988
4072
5580
12984
3664
4972
-836
-10148
-2168
-6512
-3752
6288
2680
11236
9600
2076
4752
-7340
-7600
-1524
-7968
2416
4896
4204
13340
5020
3848
1096
-10488
-3064
-5160
-5484
6192
2680
9716
11148
1636
5580
-6192
-8620
-880
-8388
1016
5112
3244
13908
5512
3084
2428
-10060
-3824
-4116
-6608
5692
2848
8124
12196
2368
5284
-4080
-9224
-1112
-8012
-1088
5824
3080
12844
7208
2732
3680
-9316
-5448
-2580
-8132
4976
3400
6456
13204
2564
5068
-1464
-10080
-1868
-7104
-2920
6792
2052
11664
9068
2188
4828
-8268
-7252
-1712
-8332
3208
4364
5440
13396
3812
3984
228
-10132
-2632
-5652
-5184
6320
2484
10232
10828
1692
5296
-6488
-8240
-1056
-8568
1592
4844
3516
13960
5408
3504
1840
-10268
-3560
-4788
-6272
5808
2888
8952
11488
2148
5052
-4224
-9268
-872
-7928
-976
6296
2288
13344
7412
2536
3656
-9896
-5168
-3124
-7536
5244
3556
6644
12560
2872
5000
-2292
-10224
-1164
-7180
-2480
6168
2168
12364
8504
2124
4464
-8620
-6484
-1944
-8528
3764
4152
5144
13760
3260
4276
-320
-10620
-1656
-6484
-4308
6320
2428
10776
10188
2056
5204
-6992
-8144
-1344
-8308
2104
5068
4100
13476
4684
3492
1700
-10248
-3112
-5116
-6004
6240
2520
9612
11572
1952
5264
-5380
-8776
-692
-8424
384
5564
3256
13540
5832
3304
3028
-9884
-4392
-4216
-6636
5072
3064
7472
12684
2620
4896
-3264
-9752
-1188
-7884
-1468
5968
2396
12560
7880
2340
3832
-8820
-5980
-2372
-8044
4432
3688
6144
12988
3244
5072
-1952
-10276
-1992
-6636
-3344
6180
2648
11820
8856
1932
5132
-7776
-7028
-1816
-8544
3304
4632
4812
13580
4436
4304
112
-10584
-2712
-5356
-5016
6592
2548
10088
10612
1928
5820
-6640
-7968
-1204
-8856
1916
4852
3880
13976
4812
3800
1740
-10392
-3276
-4920
-6132
5976
2724
8880
11456
2504
5212
-4652
-9556
-828
-8036
-484
6076
2636
13552
6724
2676
2980
-10000
-4596
-3160
-7364
5156
3040
7456
12908
2484
5424
-3328
-9832
-1036
-7904
-1468
6444
2460
12780
7680
2384
4388
-8928
-6064
-2312
-8148
4332
3904
6088
13364
3408
4604
-1444
-10560
-1860
-6824
-3480
6496
2384
11556
8964
1968
5044
-8024
-6968
-2180
-8548
3112
4524
4800
13576
4380
4036
172
-10820
-2252
-6024
-4816
6656
2208
10860
10200
1928
5164
-6908
-7852
-1284
-8216
1792
4784
4092
13788
5288
3568
1324
-10616
-3376
-4956
-5792
6168
2768
9092
11408
2420
5472
-5140
-8948
-1292
-8520
720
5196
3628
13880
6048
3132
2424
-10180
-4144
-3800
-6888
5708
3028
7880
12168
2704
5012
-3964
-9568
-1436
-7716
-1452
6144
2800
12936
7260
2296
3960
-9488
-5156
-3244
-7808
4904
3040
6860
13132
3152
4980
-2504
-10400
-1188
-7472
-2576
6620
2376
12496
8360
1932
4708
-8380
-6372
-2192
-8388
3832
4052
5864
13320
3636
4716
-1076
-10032
-2300
-6588
-3496
6448
2524
11036
9672
2260
5004
-7136
-7692
-1544
-8412
2296
5184
4220
14204
4188
3468
788
-10568
-2476
-5580
-5416
6300
2340
9980
10844
2140
5372
-6496
-8580
-1236
-8616
1344
5256
3584
14204
5088
3496
1840
-10480
-3296
-4920
-6200
6224
2624
9028
11412
2508
5188
-4712
-8980
-1344
-8144
-236
6048
2908
13452
6884
2896
3336
-10136
-4604
-3648
-7512
5816
3072
7484
12692
2236
5628
-3568
-9676
-1176
-8296
-1448
6296
2404
12996
7512
2392
3940
-9256
-5648
-2740
-7808
4276
3748
6564
13140
3184
4348
-1684
-10240
-1788
-7044
-3148
6684
2080
11856
9116
2052
4820
-8428
-6800
-1672
-8760
3352
4316
5208
14268
3500
4180
-168
-11088
-1480
-6256
-4372
6916
2016
11200
10240
1400
5664
-7348
-7544
-1336
-8972
2652
4356
4588
13820
4864
3916
656
-10144
-3184
-4956
-5904
6588
2276
9608
11572
1680
5436
-5744
-9052
-696
-8360
808
5516
3072
13804
5576
2944
2332
-9896
-3956
-4436
-6832
5848
3012
8476
11852
2692
5244
-4368
-9252
-1304
-7756
-996
5752
3020
12988
7100
2640
3772
-9616
-4992
-3236
-7804
5348
3324
6876
13420
2508
5060
-2620
-10088
-880
-7520
-2368
6632
2312
12192
8580
1968
4484
-8600
-6404
-2112
-8324
3832
3984
5912
13296
3632
4560
-748
-10252
-2320
-6428
-3860
6324
2100
11192
9816
1928
4972
-7580
-7360
-1668
-8524
2268
4532
4816
13864
4356
3612
1108
-10108
-3000
-5364
-5588
6160
2292
10052
11108
1732
5452
-6012
-8512
-1000
-8500
884
5588
3596
13876
5380
3084
2872
-9952
-4056
-4028
-7080
6072
2888
8664
11968
2208
5172
-4036
-9056
-1392
-7380
-1456
5892
2900
12996
7340
2460
3852
-9388
-5364
-3228
-7756
4876
3516
6728
12992
2668
4952
-1876
-10228
-1696
-7272
-2748
6540
2160
11988
8684
2100
4764
-8360
-6536
-2012
-8436
3460
4508
5072
13736
3752
4092
4
-10552
-2128
-5804
-4864
6804
2276
11012
9880
1880
5580
-6812
-7804
-1404
-8468
1544
4872
4328
13852
5240
3384
1600
-10128
-3444
-4844
-6128
5904
2936
9192
11280
1936
5208
-4484
-8960
-1108
-8072
-524
5700
3052
13324
6604
2660
3080
-9304
-4800
-3508
-7264
4956
3472
7056
12480
2824
4996
-2456
-9960
-1620
-7492
-2512
6672
2492
12380
8224
1740
4404
-8268
-6140
-2192
-7912
3580
3972
5192
13460
4308
4364
-440
-10564
-2168
-6300
-3892
6592
2364
10728
9828
1744
5088
-6468
-7828
-1344
-8412
1288
4952
4172
13808
4624
3756
1400
-9856
-3500
-4840
-5840
5640
2916
8436
11396
2312
5348
-4388
-9352
-1220
-8040
-828
6044
3140
13088
6480
2744
3500
-9424
-5104
-3028
-7148
4624
3200
6580
13268
3000
4732
-2128
-9892
-1696
-7064
-2816
6476
2280
11712
8736
2204
4904
-8268
-6700
-2016
-8316
3148
4352
5296
13364
4232
4040
-68
-9860
-2720
-5316
-4956
6080
2628
9948
10252
2200
5360
-5824
-8628
-1324
-7976
428
5600
3472
13252
5540
3020
2488
-10008
-4056
-4292
-6764
5720
2956
8044
11860
2400
4944
-3472
-9188
-1536
-7844
-1344
6004
2844
12552
7344
2456
4160
-8732
-5844
-2628
-7924
4120
4160
5740
13516
3144
4276
-496
-10464
-1696
-6076
-3992
6556
2232
11344
9764
1804
4948
-6796
-7472
-1688
-8216
2088
5072
4148
13588
4532
3728
1092
-10164
-3172
-5180
-5816
6188
2432
9320
11060
2396
5296
-5252
-8744
-1360
-7884
-132
5976
3140
12996
6232
2448
3352
-9424
-5080
-3096
-7572
5012
3344
6868
13048
2476
4824
-2412
-9604
-1504
-7220
-2312
6012
2496
11816
8452
2456
4272
-8028
-6712
-2084
-8092
3696
4736
4624
13576
3712
4152
320
-10608
-1916
-6032
-5044
6496
2300
10472
10116
1816
5156
-6092
-8016
-1464
-8264
1300
5424
3436
13432
5160
3652
2084
-10244
-3556
-4584
-6696
5648
2880
8588
11916
2048
5304
-4048
-9160
-1420
-7676
-760
6076
2764
12524
7500
2332
3776
-8776
-5744
-2708
-7828
4692
3752
6132
13264
3228
4532
-1268
-10108
-1768
-6920
-2984
6460
2200
11464
9144
1944
4832
-7392
-7080
-1700
-8640
2816
4600
4552
13744
4000
3880
584
-10312
-2732
-5432
-5276
6380
2600
9516
10800
2180
5548
-5512
-8904
-1256
-8512
752
5700
3144
13360
5660
2872
2964
-9728
-4336
-3660
-6960
5332
2672
7812
12504
2792
4524
-3104
-9588
-1232
-7552
-1780
6524
2476
12312
7720
1968
4892
-8856
-5616
-2476
-8524
4252
3592
6192
13528
3192
4484
-1072
-10000
-2308
-5776
-3856
6116
2520
10584
9664
2020
5476
-6724
-8128
-1436
-8872
2448
5064
4256
14188
4344
3448
1392
-10412
-2888
-4880
-5824
6300
2148
9192
11232
2000
5548
-5012
-8908
-1324
-8336
20
6016
3124
12876
6556
2448
3340
-9316
-4924
-3144
-7572
5456
3156
6672
13428
2572
4972
-2728
-10168
-872
-7712
-2036
6476
2268
12472
7716
2532
4668
-8440
-6048
-2480
-8096
3632
4088
5908
13180
3616
4240
-748
-10100
-2184
-6260
-4324
6376
2400
10552
10248
1896
5212
-6912
-8116
-1088
-8596
2116
5156
3248
13992
4960
3220
1844
-10520
-3076
-4764
-6300
6024
2724
9216
11028
2004
5172
-4412
-9044
-1196
-7800
-384
5840
3032
13048
6728
2552
3432
-9564
-4792
-3288
-7244
5160
3344
7184
12732
2852
4756
-2460
-10000
-1612
-7128
-2392
6544
2396
12096
8424
1976
4832
-8592
-6376
-2288
-8500
3916
3980
5592
13320
3692
4524
-536
-10300
-2524
-5936
-4288
6540
2372
10344
10360
1940
5448
-6868
-8116
-1388
-8388
1896
5016
3932
13860
4916
3232
1724
-10320
-3172
-4940
-6144
6104
2564
8896
11716
2112
5476
-4844
-9340
-960
-7964
-156
5972
3072
13312
6676
2500
3132
-9384
-4856
-3312
-7296
5308
3460
6800
12788
3140
4912
-2944
-10232
-1216
-7428
-2368
6492
2512
12516
7400
2144
4676
-8740
-6124
-2488
-8204
3868
3836
5532
13320
3452
4432
-656
-10580
-2140
-6276
-4380
6448
2212
10936
9912
1552
5168
-7088
-8064
-964
-8672
2264
5168
3744
13980
4872
3432
1516
-10488
-3004
-5076
-5932
6536
2452
9764
11148
1912
5360
-5240
-8872
-1216
-8184
496
5700
2980
13276
6456
2896
3076
-10328
-4288
-3676
-7484
5840
2824
7808
12808
2176
5228
-3964
-9748
-1140
-7696
-1480
6372
2344
12472
7816
1932
4580
-9104
-5980
-2360
-8460
4720
3712
6544
13332
3048
4384
-1456
-10348
-1952
-6560
-3504
6816
2364
10980
9380
2200
4996
-7580
-7216
-1744
-8504
2944
4768
4904
13872
4208
3884
404
-10480
-2512
-5372
-5104
6588
2216
10192
10396
1496
5640
-6100
-8384
-1388
-8492
1268
5396
3568
13960
5432
3136
2128
-10424
-3760
-4516
-6456
6232
2528
8532
11920
2104
5172
-4872
-9312
-968
-7960
-352
5776
2816
13052
6524
3020
3268
-9460
-5060
-3540
-7316
4676
3644
7232
12616
3244
4684
-2692
-10104
-1388
-7024
-2372
6772
2196
12212
8164
2280
5012
-9068
-6116
-2652
-8432
4252
3752
6012
13492
3588
4356
-1296
-10348
-1628
-6492
-3968
6500
2116
11376
9652
1556
5392
-7560
-7476
-1512
-8964
2704
4656
4928
13752
4580
3432
540
-9852
-3144
-5144
-5468
6168
2560
9612
11172
2160
5316
-6052
-8700
-872
-8960
1172
5656
3484
13600
5592
3388
2244
-10268
-4052
-4016
-6540
5736
3000
8544
11912
2156
5512
-4248
-9408
-1200
-7856
-768
6300
2660
13136
7224
2428
3892
-9796
-5172
-3032
-8008
5036
3620
7084
13188
2588
4536
-2404
-9952
-1784
-7076
-2392
6624
2624
11592
8420
2436
4384
-8272
-6820
-2064
-8524
3724
4400
5604
13628
3352
4280
-288
-10616
-1832
-6496
-4236
6680
1936
11388
9756
1792
5240
-7428
-7208
-1672
-8688
2472
4892
4340
13120
4948
3724
956
-10072
-3420
-4812
-6028
6364
2840
9368
11556
1520
5344
-5488
-8796
-1016
-8460
344
5700
3212
13400
6124
2980
2816
-10204
-4248
-3976
-6900
5396
3384
7628
12272
2320
5068
-3608
-9828
-1104
-8000
-1292
6160
2616
12940
7200
2520
4144
-9324
-5516
-2692
-7920
4424
3784
6316
13496
3192
4712
-1644
-10376
-1608
-6808
-3024
6764
2460
11360
8864
2304
5196
-7684
-7244
-1888
-8140
2680
5044
4712
13580
4532
3448
756
-10220
-2716
-5432
-5492
6796
2452
10020
10944
1676
5404
-6428
-8232
-1012
-8672
1444
5352
3432
13720
5752
2972
1868
-10228
-3804
-3824
-6632
6048
2896
8160
11844
2056
5776
-4160
-9876
-796
-7912
-988
6272
2504
13476
7404
2016
3636
-9508
-5048
-2840
-7616
4976
3824
6648
12900
3104
4776
-2052
-9984
-1720
-6720
-2896
6584
2560
11768
8792
2000
4888
-8360
-6904
-1840
-8172
3480
4364
4548
13836
3832
3692
380
-10532
-2328
-5716
-5212
6632
2112
10252
11036
1500
5136
-6476
-8664
-952
-8684
1704
5524
3768
13576
5120
3264
2084
-10396
-3500
-4516
-6440
6080
2748
8628
11768
2396
5416
-4292
-9424
-1076
-7952
-648
6352
2632
12772
7104
2592
3656
-9084
-5460
-2920
-7496
4812
3780
6844
12840
3040
4704
-2072
-9992
-1736
-6632
-2896
6712
2320
11576
8908
1772
4864
-8028
-6836
-1912
-8680
3344
4352
4964
13888
3692
3960
-104
-10400
-2204
-5668
-4800
6432
2516
9752
10424
2396
4896
-5828
-8424
-1676
-8224
1248
5704
3792
13416
5252
3424
2044
-10092
-3952
-4444
-6244
6172
2764
8520
12016
2064
5532
-4448
-9540
-1028
-7852
-524
6100
2436
13156
7100
2936
3428
-9272
-5336
-3224
-7352
4972
3532
6488
12412
2932
5080
-1740
-10120
-1856
-7152
-2948
6352
2556
12116
8400
2128
4448
-7788
-6872
-1876
-8120
3016
4624
4568
13640
4160
3748
532
-10396
-2384
-5568
-5032
6688
2032
10292
10744
1800
5392
-6472
-8472
-932
-8176
1136
5576
3556
13712
5276
3068
2500
-10188
-3740
-4136
-6760
5836
2976
8520
12184
2008
5132
-4152
-9532
-840
-7564
-1240
6324
2684
13000
6632
2524
4092
-9216
-5460
-3036
-7760
4488
3684
6792
13036
2580
4860
-1652
-9976
-1584
-7204
-2956
6388
1864
11784
8932
2176
4976
-7844
-7140
-1868
-8352
2996
4740
4728
13520
4200
3764
860
-10456
-2716
-5200
-5464
6584
2296
9656
10832
1956
5852
-5836
-8504
-1376
-8436
748
5252
3828
13432
5624
2696
2720
-9644
-4332
-3684
-7060
5724
2864
7924
12380
2128
5232
-3368
-9512
-1432
-7852
-1544
6408
2692
12496
7340
2124
4268
-8740
-5856
-2416
-8072
3912
3924
5744
13368
3420
4484
-1100
-10220
-1800
-6764
-3844
6596
2364
11208
9316
1964
4936
-7064
-7716
-1452
-8248
2280
5096
4048
13644
5064
3584
1408
-10380
-2888
-5040
-5624
5996
2476
9496
10880
2308
5304
-5172
-8540
-1376
-8036
-112
5868
3356
12932
6492
2424
3384
-9652
-4724
-3344
-7500
5268
3468
6908
12876
2092
4840
-2356
-9968
-1408
-7272
-2352
6508
2116
12176
8840
1744
4704
-8636
-6100
-2112
-8360
3868
4060
5880
13264
3444
4400
-464
-10040
-2172
-6276
-4160
6440
2460
10768
9960
1484
5604
-6832
-7840
-1268
-8668
2020
4852
4104
13804
5092
3232
1692
-9732
-3928
-4448
-6352
6012
2932
8252
12016
1828
5176
-4284
-9344
-716
-8424
-488
6140
2800
13436
6256
2608
3516
-9508
-5196
-2796
-7340
4656
3348
6328
13136
3136
4684
-1980
-10140
-1116
-7232
-2672
6500
2656
11768
8440
2016
4588
-7628
-6752
-1980
-8216
3236
4492
4764
13328
4340
4192
40
-10412
-2664
-5676
-4840
6580
2272
9984
10484
1592
5444
-6268
-8208
-1064
-8480
1320
5096
3700
13820
5508
3128
1832
-9920
-3888
-4388
-6268
5676
2852
7620
12000
2500
5152
-3620
-9560
-1444
-7908
-1084
6284
2876
12712
7432
1940
3912
-9124
-5096
-2728
-7896
4388
3696
6432
13148
3080
4832
-1612
-10164
-1740
-6612
-3592
6600
2336
11632
9560
1520
4996
-7516
-7028
-1576
-8320
2768
4888
4440
13576
4332
3772
640
-10268
-2604
-5180
-5528
6196
2424
9704
10988
2128
5124
-5856
-8784
-1128
-7976
328
5940
3256
13176
5764
2536
3188
-9848
-4228
-4144
-6884
5520
2984
7900
12200
2700
5220
-4000
-9304
-1468
-7376
-1420
6032
2856
12184
7552
2316
4228
-8684
-5936
-2576
-7928
4128
4208
5924
13264
3584
4288
-648
-10380
-1544
-6040
-4008
6788
2356
11088
9508
1828
5176
-7148
-7748
-1388
-8308
2080
4852
3924
13732
4804
3260
1328
-10388
-3032
-4860
-5888
5912
2616
9264
11424
1648
5252
-5160
-8912
-1220
-8208
260
5796
3100
12832
6696
2768
3224
-9248
-4908
-3200
-7360
4872
3668
6976
13224
2096
4740
-2552
-9792
-1156
-7528
-2196
6388
2656
12212
8268
2032
4396
-8092
-6556
-1980
-8200
3572
4604
4912
13628
3804
3912
-208
-10568
-1720
-6036
-4516
6720
2236
10676
10160
1460
5512
-6828
-7908
-1204
-8552
1784
5216
3776
13180
5380
3472
1712
-10348
-3848
-4204
-6268
5840
3168
8292
11632
1936
5260
-4224
-9228
-1068
-8220
-708
6224
2792
12852
6900
2284
3620
-9352
-5204
-2644
-7840
4928
3720
6616
12784
3004
5124
-1884
-9872
-1628
-6668
-2912
6612
2660
11512
8900
1920
4788
-7628
-6740
-1848
-8288
3096
4640
4700
13352
3868
3940
584
-10320
-2580
-5508
-5408
6336
2384
10092
11220
1228
5260
-5824
-8520
-1056
-8284
752
5928
3300
12908
6112
3036
2936
-9736
-4496
-3692
-7160
5528
3292
7740
12696
2276
5068
-3740
-9636
-776
-7660
-1412
6316
2548
12332
7836
2168
4224
-8532
-6028
-2552
-8200
4000
4368
5696
13204
3260
4420
-816
-10488
-1660
-6656
-3888
6568
2480
11112
9380
1652
4868
-6784
-7452
-1592
-8216
2052
5116
4136
13076
4972
3140
1508
-10192
-3036
-5136
-5928
5680
2992
9476
11208
1912
5240
-4936
-8764
-1352
-8056
-36
5940
2744
12960
6764
2680
3288
-9660
-4904
-3144
-7312
4972
3576
7176
12556
2876
4908
-2684
-9792
-1360
-7308
-2080
6612
2600
11848
8228
2300
4484
-8376
-6460
-2032
-8360
3660
4544
5160
13660
3520
3992
-84
-10380
-2084
-6016
-4564
6544
2380
10612
9720
2076
5036
-6512
-8004
-1444
-8632
1704
4932
3936
13784
4996
3436
1648
-10196
-3332
-4532
-6500
5904
3008
8320
11832
1980
5336
-4232
-9468
-1124
-8208
-604
6340
2768
13320
6816
2324
3632
-9516
-4652
-2988
-7684
4936
3612
6956
12972
2332
4972
-1900
-9940
-1284
-7360
-2712
6328
2488
11948
8724
2364
4704
-8500
-7108
-1996
-8024
3344
4520
5268
13564
3304
3988
404
-10144
-2184
-6312
-4848
6488
2348
10476
10364
2076
5200
-6644
-8744
-968
-8344
1516
5436
3608
13828
5124
3048
2284
-10216
-3544
-4284
-6516
5928
3040
8464
12000
2044
4956
-4052
-9596
-1028
-7728
-876
6472
2624
13260
7164
2404
3872
-9592
-5248
-2788
-7904
5060
3556
6608
12996
2476
5028
-2392
-10064
-1472
-7124
-2652
6344
2444
11836
8392
2060
4792
-8348
-6532
-2204
-8348
3576
4440
5320
13496
4004
3636
-168
-9952
-2664
-5632
-4916
6468
2516
9904
10896
1808
5520
-6540
-8708
-956
-8500
1880
5480
3460
13820
5176
3172
2424
-10240
-3548
-4752
-6504
6140
2732
9060
11884
1952
5296
-4712
-9236
-884
-8120
-828
5976
2940
13028
6908
2096
3692
-9192
-5456
-2876
-7616
4984
3624
6380
13076
2872
4596
-2140
-10440
-1372
-7016
-2532
6264
2344
12036
8484
2092
4372
-7832
-6964
-2020
-8216
3320
4772
4968
13500
3940
4240
164
-10688
-2008
-6160
-4612
6436
2436
10888
10096
1756
5408
-6672
-7840
-1316
-8404
1888
5252
3756
13624
5100
3496
1908
-10180
-3680
-4096
-6028
5676
3020
8536
11932
1892
5332
-4128
-9536
-1132
-7872
-656
6176
2752
12996
6852
2484
3328
-9280
-5148
-3092
-7652
4668
3644
6828
13072
2484
4576
-1808
-10056
-1408
-7052
-3244
6624
2316
11748
9004
1628
5156
-8116
-7216
-1656
-8400
3320
4776
4364
13764
4324
3648
736
-10388
-2948
-5024
-5320
6728
2272
9868
10844
1572
5908
-6384
-8296
-792
-8784
1400
5416
3488
13536
5656
2856
2420
-9520
-4168
-3864
-6820
5580
3132
7432
12232
2668
4772
-3544
-9796
-1216
-7504
-1792
6584
2288
12656
7676
1804
4052
-8824
-6056
-2340
-8024
4216
4084
5520
13796
3396
4240
-1212
-10464
-1636
-6372
-3352
6508
2576
10532
9428
2296
4992
-6924
-7792
-1480
-8044
1876
5112
4452
13532
5020
3300
1368
-10328
-3260
-4616
-5688
6136
2796
9096
11448
1800
5124
-5040
-8688
-912
-8312
340
5532
3320
12816
6304
2904
2844
-9068
-5276
-3548
-7332
4968
3536
6984
12884
2204
4760
-2628
-10340
-832
-7428
-2040
6644
1868
12312
8196
2444
4624
-8508
-6356
-2104
-8092
3384
4600
5564
13320
3680
4016
64
-9884
-2572
-5968
-4464
6124
2784
10096
10492
2144
4944
-6004
-8372
-1248
-8328
1520
5488
3808
13116
5244
2956
2136
-9588
-3972
-4016
-6724
5556
3220
8024
12464
1908
4908
-3952
-9648
-976
-7656
-1084
6264
2588
12476
7252
2136
4056
-8800
-5504
-2572
-7864
4352
3876
5944
13036
3268
4344
-1328
-10276
-1844
-6440
-3792
6924
2208
11492
9008
1468
5396
-7388
-7104
-1524
-8136
2496
4808
4200
13908
4772
3256
1508
-10636
-3068
-4860
-6084
6480
2644
9168
11224
1576
5092
-4672
-9124
-860
-8076
-276
6176
2732
13400
6460
2364
3600
-9868
-4688
-3264
-7816
5028
3792
7068
12852
2456
4312
-2172
-10028
-1324
-6696
-2836
6748
2020
11612
8988
1748
5080
-8328
-6736
-1668
-8452
3664
4400
5216
13968
3800
3484
348
-10160
-2200
-5332
-5248
6672
2368
9728
10844
1508
5740
-5980
-8408
-1032
-8620
1036
5800
3652
13412
5176
2860
2636
-9800
-3940
-3908
-6972
5684
2940
7580
12768
1912
5196
-3636
-9700
-768
-7776
-1644
6648
2528
12280
7980
1608
4456
-8640
-6000
-2124
-8404
3996
4156
5604
13720
2956
4680
-936
-10388
-1836
-6292
-3648
6492
2548
10772
9388
1840
5512
-6712
-7828
-880
-8640
1736
5240
3944
14352
4832
3284
1544
-10444
-3184
-4588
-5980
6224
2836
8532
11188
1724
5492
-4052
-9296
-632
-8432
-896
6236
2796
13572
6604
1800
3620
-8896
-5324
-2748
-7820
4744
3712
6232
12884
2732
5128
-1800
-9848
-1944
-6708
-3588
6504
2640
11300
8956
1432
4924
-7208
-7064
-1548
-8172
2368
4768
4396
13552
4544
3564
1024
-10092
-2908
-5124
-5416
6380
3100
9204
10932
1764
5400
-4920
-8556
-1104
-8436
136
5912
3396
13208
6204
2596
3040
-9396
-5048
-3248
-7008
4788
3736
7044
12092
2464
5072
-2028
-9656
-1524
-7244
-2860
6444
2364
11904
8712
2000
4492
-8136
-6816
-1464
-7960
2860
5076
4684
13204
3992
3500
656
-9988
-2752
-5180
-5192
6116
2840
9620
10660
2024
4852
-5528
-8616
-1000
-8048
800
5860
2744
13300
5848
2552
3596
-9968
-3924
-4028
-7412
5740
3328
7680
12408
2024
4828
-2760
-9948
-1100
-7316
-1988
6800
2160
12312
8132
1480
4888
-8296
-6296
-2036
-8416
3592
4372
5236
13616
3708
3492
44
-10288
-2164
-6000
-4688
6872
2420
10480
9944
1464
5424
-5996
-7936
-1524
-8248
992
5576
3584
13524
5664
2696
2496
-10168
-3760
-3916
-6804
5928
2952
8200
11960
2104
5416
-3920
-9416
-960
-7820
-1396
6444
2844
12800
7524
1792
4208
-8908
-5640
-2372
-7948
4260
3816
5628
13152
2988
4584
-672
-10088
-2216
-6848
-4124
6480
2580
10824
9884
1336
4904
-6524
-7904
-1120
-8280
1544
5600
3504
13396
5332
2928
2372
-9932
-3560
-4340
-6588
6088
2940
8636
11736
2124
4904
-4188
-8928
-1260
-7544
-1060
6368
2488
12476
7120
2200
4508
-9100
-5308
-2628
-8288
4492
3956
6224
13700
2516
3984
-888
-10360
-1676
-6140
-3532
6520
2300
10344
9928
1920
4940
-6980
-7776
-1120
-8580
2156
5132
4352
13332
4668
2756
1648
-9912
-3240
-4112
-6572
6408
2556
8532
12044
1728
5520
-4728
-9392
-1048
-8100
-640
6288
3168
12804
6372
2372
3924
-9044
-5320
-2956
-7436
4648
3712
6356
13072
2680
4576
-1492
-10244
-1376
-6568
-3344
6628
2548
11136
9000
1876
4976
-7128
-7272
-1456
-8408
2216
5024
4444
13440
4408
3496
1280
-10044
-3124
-4908
-5924
6484
2880
8604
11328
1896
5228
-4696
-9440
-928
-7792
-276
6176
2808
12936
6508
2224
3796
-9072
-5068
-3072
-7788
5076
3668
6484
13044
2700
4480
-1700
-10060
-1492
-6920
-3096
6852
2388
11140
8920
1760
5372
-7552
-7036
-1540
-8480
2604
4964
4720
13656
3956
3244
1464
-9552
-3360
-4984
-5756
6280
2804
8480
11648
1880
5040
-4868
-8880
-728
-8064
-576
5828
3108
12900
6580
2144
3520
-8904
-5640
-2700
-7600
4916
3652
6176
13232
2668
4532
-1692
-9840
-1260
-6800
-3456
6380
2504
11408
9052
1688
4948
-6936
-7384
-1424
-7892
2144
4892
4232
13520
4132
3328
2000
-10020
-2792
-4892
-6320
6404
2740
8600
11908
1588
5192
-3960
-9432
-552
-7888
-1024
6404
2648
12968
7220
1836
3864
-9004
-5144
-2908
-7848
4592
3560
6348
12836
2816
4608
-1188
-9764
-1836
-6500
-3920
6192
2908
10280
9664
1700
4624
-5984
-8016
-1112
-8328
1240
5660
3396
13416
5456
2780
2464
-10504
-3564
-3876
-6384
5764
3028
8244
11588
2028
5068
-3160
-9196
-1004
-7748
-1672
6048
2880
12032
7720
2268
3992
-8092
-6148
-2028
-7948
3508
4692
4852
13568
3356
3988
252
-10384
-1948
-5728
-4832
6428
2236
9812
10268
1616
5624
-5752
-8560
-1240
-8212
644
5772
3168
13024
5612
2828
3216
-9164
-4560
-3464
-7252
5244
3364
7012
12560
2320
4828
-2152
-9816
-1132
-7172
-2904
6648
2484
11596
8404
1804
5308
-7332
-6764
-1588
-8180
2532
4936
4552
13340
4328
2952
1648
-9916
-3164
-4528
-6432
6468
2456
8444
11800
1736
5332
-4232
-9316
-776
-7752
-1048
6488
2792
12264
7056
1864
4312
-8636
-5484
-2536
-8056
3748
4064
5952
13512
2628
4272
-724
-10036
-1800
-6200
-3960
6676
2448
9972
9964
1536
5376
-6016
-7900
-992
-8396
1024
5804
3720
13244
5492
2736
2828
-9412
-4344
-3216
-7180
5220
3352
7024
12552
2060
4596
-2292
-9656
-852
-7484
-2660
6556
2324
11972
8208
1632
4520
-7872
-6860
-1512
-8008
3172
4516
4340
13240
3816
3440
1308
-10068
-2680
-4968
-5792
6232
2644
9136
10996
1480
5476
-4700
-8892
-820
-7956
-340
6164
2636
12548
6604
2496
3972
-9100
-5288
-2716
-7688
4476
4012
6364
12780
3172
4080
-1100
-9412
-2292
-5348
-4132
6216
2788
10148
9720
2268
4836
-6224
-8136
-1320
-7776
1460
5496
3476
13172
5412
2068
2868
-9568
-3864
-3636
-7164
5724
2972
7340
12568
1984
4816
-2940
-9476
-1204
-7144
-2116
6416
2376
11592
8056
1664
4384
-7700
-6164
-1800
-8252
2904
4700
4900
13256
4056
3416
940
-10028
-2672
-5264
-5504
6464
2684
8916
11252
1604
5228
-4508
-8920
-816
-7888
-384
6068
2772
12764
6876
2140
3652
-8800
-5212
-2888
-7552
4692
3996
5924
12932
3212
3816
-852
-9976
-1600
-6140
-4172
6640
2548
10656
9608
1348
4984
-6380
-7840
-1200
-8196
1300
5788
3112
13492
5188
2500
3024
-10132
-3884
-3812
-6804
5748
3148
7948
11692
2148
5028
-2852
-9292
-1272
-7256
-1820
6100
2692
11944
8132
2104
4304
-7864
-6200
-2044
-8116
3408
4648
4932
13008
3728
3608
1140
-10168
-2620
-5320
-5580
6248
2596
9540
10920
1284
5152
-4660
-8588
-1108
-8080
-268
6056
3028
12304
6744
2296
3820
-9020
-5132
-2720
-7928
4488
3964
6008
13564
2444
3904
-796
-10484
-1328
-6604
-3560
7048
2212
10828
9184
2028
5124
-6440
-7364
-1324
-8448
1500
5480
4188
13136
4728
3284
2140
-9532
-3916
-3828
-6344
5632
3428
7572
11880
2160
4820
-2824
-9568
-1196
-7444
-1972
6536
2624
12076
7924
1496
4792
-8284
-5964
-1976
-8476
3600
4248
5060
13516
3480
4248
52
-10392
-2232
-5720
-4836
6360
2728
9384
10364
1648
5348
-5080
-8636
-1280
-8488
368
5924
3212
13008
5928
2680
3188
-8916
-4720
-3216
-7368
4876
3692
6664
12420
2948
4300
-1252
-9672
-1728
-6780
-3484
6772
2452
11108
9544
1588
5036
-7408
-7336
-1480
-8548
2664
5052
3920
13224
4440
3580
1540
-10060
-3368
-4728
-5952
5908
3116
8464
11312
2024
4744
-3964
-9144
-796
-7988
-936
6404
2344
12512
7404
2512
4040
-8792
-5788
-2248
-7840
4328
4316
5524
12984
3376
4072
-552
-9964
-2140
-5716
-4368
6472
2424
10324
10400
1368
5196
-6336
-8240
-672
-8128
1216
5696
3176
13328
5268
2832
3036
-9816
-4216
-3712
-7040
5640
3436
7284
12060
2500
4732
-2528
-9816
-1300
-7028
-2416
6952
2160
11600
8408
1672
4724
-8112
-6452
-1864
-8424
3408
4516
4324
13816
3808
3340
708
-10276
-2424
-5344
-5264
6720
2308
9144
10956
2116
5464
-5476
-8592
-860
-8344
-152
6044
3488
12836
6432
1996
3504
-8996
-5048
-2616
-7452
4656
3744
6196
13028
2776
4524
-1232
-9912
-1524
-6968
-3352
6572
2576
11028
9272
1600
5072
-6976
-7444
-1324
-8608
2048
5120
4160
13312
4728
3364
1792
-9636
-3600
-4828
-6176
5844
3124
8420
11504
1928
4820
-3660
-9120
-796
-7748
-1392
6480
2668
12580
7472
1844
4104
-8308
-5944
-2076
-7952
3628
4404
4968
13580
3788
3896
-108
-10412
-1788
-5732
-4792
6684
2428
10256
9848
1720
5264
-5708
-8228
-1372
-8384
964
5772
3368
13276
5440
2824
3040
-9616
-4308
-3736
-7020
5396
3340
7160
12560
2040
4560
-2228
-9968
-1124
-7192
-2796
6600
2284
11888
8476
1572
4716
-7396
-6716
-1944
-8288
2936
4720
4808
13132
4212
3552
768
-9940
-2924
-4888
-5540
6164
2736
9396
11176
1680
4956
-4584
-9288
-804
-7748
-312
6448
2632
12820
6892
1828
3780
-8880
-5096
-2840
-7952
4956
3676
6444
12968
2604
4732
-1420
-10044
-1940
-6380
-3612
6856
2380
10724
9360
1528
5092
-6924
-7592
-1140
-8776
2212
5328
3988
13640
4156
3268
1928
-10168
-3336
-4592
-6188
5968
2948
8024
11668
2120
4712
-3320
-9520
-928
-7320
-1588
6568
2764
12320
7564
2124
4168
-8112
-6192
-2252
-7776
4048
4552
5184
13024
3748
3896
192
-10112
-2208
-5816
-4648
6480
2660
10172
9964
1868
4988
-5860
-8176
-1408
-8400
1212
5512
3864
12984
5212
2852
2832
-9140
-4496
-3712
-6916
5308
3468
7440
12256
2208
4452
-2172
-9812
-1128
-7068
-2456
6732
2320
11416
8452
1836
4864
-7372
-7276
-1764
-8056
2928
5276
4408
13356
4120
3132
1532
-9748
-2760
-5140
-6100
6480
2740
9508
11096
1832
4756
-4984
-8524
-940
-7624
-260
6160
2808
12364
6892
2364
3736
-8824
-5268
-2960
-7752
4364
4300
6416
12808
2936
4068
-1348
-9548
-1808
-6064
-4032
6380
2484
10468
9728
1344
5132
-6360
-7856
-1184
-8416
1632
5612
3888
13320
4860
2816
2256
-9708
-3372
-4076
-6804
5552
3360
7756
12128
1984
4828
-2984
-9688
-996
-6844
-1940
6552
2340
12004
8124
2040
4460
-8120
-6336
-2060
-8136
3472
4776
5436
12744
3488
3860
528
-10180
-2520
-5336
-4960
6108
2416
9432
10668
1732
5132
-5024
-8628
-1144
-8228
232
5860
3272
13408
6024
2032
3352
-9372
-4560
-3000
-7544
5324
3476
6316
12820
2620
4624
-1764
-10128
-1568
-6164
-3516
6576
2584
10824
9108
1396
4932
-6548
-7320
-1356
-8656
2264
5416
3700
13888
4940
3016
1560
-10308
-2932
-4268
-6192
6184
2616
8596
11256
1532
5400
-3788
-9292
-1240
-7892
-1028
6108
2796
12856
6976
1928
3960
-8560
-5768
-2596
-7852
4276
4036
5512
12964
3280
4016
-280
-10148
-1992
-6116
-4564
6664
2480
10120
10236
1260
5152
-5996
-8204
-864
-8004
996
5580
3516
13276
5764
2636
2808
-9204
-4208
-3780
-7048
5380
3504
7488
12324
2220
4728
-2788
-9468
-1124
-7196
-2052
6268
2484
11672
8268
2036
4864
-7952
-6572
-1812
-8352
3116
4760
4788
13524
3656
3548
736
-9904
-3020
-5120
-5432
6380
2760
8748
11164
1792
5220
-5180
-8724
-948
-8340
228
6036
2904
13044
6076
2548
3396
-9224
-4784
-3188
-7484
5096
3760
6328
12552
3136
4780
-1520
-10108
-1628
-6788
-3292
6620
2504
11536
9032
1420
4932
-7024
-6884
-1728
-8340
2316
5376
4120
13132
4700
3184
1844
-10216
-3288
-4400
-6540
6116
2940
8436
11960
1380
4996
-3952
-9580
-740
-7792
-956
6348
2636
12400
6984
2008
4056
-8464
-5824
-2732
-8188
4332
4376
5844
13072
3288
4080
-780
-10100
-2004
-5696
-4184
6564
2524
10324
9952
1404
4940
-6348
-7848
-1132
-8312
1560
5436
3612
13364
5560
3000
1956
-9880
-3660
-3912
-6584
5780
3384
7736
11344
2444
5396
-3388
-9432
-1484
-7232
-1908
6372
2900
12104
7952
1744
4180
-8544
-6096
-1924
-8012
3784
4384
4828
13220
3288
4004
352
-10304
-2304
-6116
-4580
6628
2548
10132
10140
1752
5300
-6040
-8116
-1316
-8344
1144
5264
3764
13276
5168
2940
2664
-9600
-3924
-3840
-6864
5588
3440
7552
12320
2348
5040
-3088
-9888
-716
-7504
-1992
6404
2964
12292
7408
2136
4128
-8020
-6144
-2332
-7604
3492
4504
4848
13124
3800
3992
244
-10532
-2228
-5820
-4832
6700
2564
10160
10304
1592
4732
-5676
-8156
-1192
-8096
772
5740
3332
13456
5640
2712
2712
-9644
-4176
-3780
-7248
5700
3356
7448
12520
2244
4880
-3068
-9744
-1212
-7292
-2052
6620
2584
11888
8336
1952
4236
-8356
-6576
-1684
-8236
3800
4376
4968
13556
3560
3916
-224
-10200
-2160
-5956
-4508
6632
2292
9996
10316
1888
5324
-6268
-8468
-1292
-8372
1236
5808
3392
13148
5700
2756
2400
-10064
-4040
-3832
-6704
5540
3100
7608
12072
2248
4800
-3016
-9868
-1016
-7364
-2052
6816
2372
12616
8272
1616
4392
-8768
-5692
-2460
-7796
4156
4052
5612
12904
3812
4128
-480
-9612
-2488
-5900
-4592
6640
2720
10404
10128
1216
4976
-6304
-8236
-704
-8580
1492
5520
3472
13672
4948
3148
2272
-10196
-3828
-4440
-6300
6196
2932
8272
11588
1768
5428
-3996
-9080
-1180
-8144
-1224
6516
2612
12948
7224
1816
3756
-9216
-5460
-2472
-7928
4724
3836
5860
12948
3132
4284
-904
-10116
-1752
-6376
-4044
6676
2832
11104
10024
1320
4752
-7140
-7376
-1252
-8536
2640
4952
4416
13600
4324
3628
1164
-10276
-2696
-5524
-5656
6408
2688
9548
11028
1768
5068
-5272
-8812
-824
-8240
244
5688
3240
12896
5936
3044
2768
-9096
-5320
-3480
-6924
5020
3764
7212
12324
2696
4796
-2868
-9780
-1308
-7208
-2228
6256
2944
12056
8324
1776
4548
-8124
-6628
-2052
-7992
3468
4548
5072
13124
3780
4396
-288
-10336
-2316
-6124
-4536
6504
2616
10844
10424
1448
5268
-6672
-8084
-856
-8304
1476
5408
3580
13476
5140
3288
1972
-10420
-3788
-4264
-6412
5836
3072
8244
11820
1784
4840
-4084
-9320
-1228
-7712
-852
6028
2584
12876
7228
2596
3548
-9504
-5272
-3196
-7680
4972
3820
7024
12856
2528
4776
-2240
-9644
-1564
-6776
-2988
6396
2644
11620
8920
2172
4720
-8444
-6600
-2196
-8184
3420
4720
5504
12996
3720
3920
232
-9976
-2704
-5620
-4920
6272
2788
10232
10716
1684
4972
-6204
-8332
-1396
-8296
1252
5812
3240
13780
5492
2832
2360
-10572
-3512
-4532
-6416
5832
3212
8224
11440
2452
5100
-4168
-9572
-1372
-7632
-876
6240
2936
12904
7160
1768
3840
-9500
-4836
-2980
-7804
5520
3348
6856
13140
2800
4908
-2424
-9956
-1556
-7148
-2656
6696
2516
11996
8672
1844
4800
-8308
-6532
-2236
-8280
3484
4528
5344
13624
3688
3960
-380
-10396
-2020
-6312
-4860
6444
2548
10604
10296
1600
5396
-6908
-8268
-1228
-8612
1920
5376
3776
13620
4996
3440
1600
-10200
-3640
-4800
-6284
6324
3252
8768
11388
2032
5488
-4768
-9460
-1000
-7992
-204
6304
2960
13500
6552
2396
3516
-9924
-4644
-3528
-6992
5532
3456
7524
12548
2304
5060
-3124
-9828
-1008
-7952
-1732
6360
2716
12612
7836
2012
4524
-9140
-5952
-2760
-8024
4400
3900
6116
13196
3388
4280
-1384
-9956
-2040
-6460
-3652
6592
2572
10768
9424
2388
5000
-7404
-7596
-2016
-8512
2788
5144
4800
13432
4368
3892
768
-10452
-2700
-5592
-5284
6340
2960
10244
10680
2108
5220
-5884
-8568
-1272
-8244
1216
5584
3548
13424
5628
3112
2204
-10220
-3628
-4392
-6856
5996
3192
8284
11948
2092
5116
-4352
-9780
-940
-7972
-680
6324
2804
12844
6904
2236
3692
-9196
-5304
-3296
-7636
4768
3488
7108
13128
2856
4588
-2856
-10040
-1168
-7332
-2244
6476
2412
12124
8172
2256
4560
-8372
-6472
-2272
-8396
3748
4500
5580
13768
3676
3972
-664
-10464
-2056
-6104
-3904
6856
2404
10960
9496
2108
5252
-6968
-7732
-1708
-8664
2148
5408
4560
13568
4800
3368
968
-10272
-3204
-4936
-5756
6344
2708
9540
10924
1692
5452
-5740
-8668
-1452
-8596
736
5544
3804
13272
6256
2820
2164
-9852
-4380
-3700
-7304
5928
3296
7972
12156
2204
5388
-3928
-9544
-1100
-8080
-1056
6056
2912
13288
7068
2564
3376
-9128
-5212
-2740
-7516
4608
4016
6760
12564
2968
4628
-1928
-9956
-1460
-7168
-3096
6592
2544
11968
8784
1920
4344
-8064
-7044
-1772
-8352
3436
4676
4416
13712
3980
4156
-224
-10668
-1964
-6360
-4616
6684
2524
10756
10156
1568
5168
-6724
-7884
-1376
-8524
2120
4868
4184
13832
4596
3476
1624
-10120
-3224
-4936
-5888
6044
2792
9448
11596
1756
5060
-4744
-9072
-924
-8436
40
6276
3112
13388
6368
2676
3116
-9980
-4516
-3500
-7044
5476
3192
7164
12876
2148
5004
-2716
-10152
-1196
-7896
-1792
6860
1952
13272
7612
1912
4168
-9404
-5712
-2492
-8004
4272
4092
6024
12896
3332
4268
-1320
-10288
-2108
-6332
-3748
6452
2476
11244
9492
1700
5056
-7200
-7668
-1280
-8856
2736
5336
3836
14564
4128
3624
844
-10760
-2576
-5508
-5040
6436
2688
9944
10692
1816
5060
-5772
-8468
-1192
-8284
812
5708
3720
13380
5424
3172
2376
-9752
-4408
-4084
-6524
5504
3240
7984
12076
2416
5456
-4124
-9704
-1304
-8312
-512
6404
2528
13064
6504
2508
4036
-9340
-5052
-3220
-8196
4896
3968
6644
12768
2920
5024
-2196
-10408
-1432
-6800
-3084
6640
2340
12348
8648
1148
5208
-7732
-6732
-1808
-8740
3340
4924
4636
13636
4448
3540
352
-10452
-2456
-5324
-5196
6732
2556
10148
10524
1700
5352
-6124
-8532
-1128
-8628
1324
5712
3584
13900
5256
2956
2020
-10364
-3372
-4388
-6352
5804
2908
8640
11584
2120
5144
-4080
-9416
-1396
-7700
-1140
6356
3056
12700
7104
2024
4032
-9324
-5196
-3200
-7788
4960
3808
6752
13260
2684
4656
-2372
-10104
-1156
-7232
-2556
6416
2812
12032
7988
1832
4676
-7596
-6468
-2040
-8676
3576
4320
4880
14252
3808
3756
-252
-10888
-1900
-5800
-4952
6808
2312
10172
9800
1740
5352
-6056
-8492
-1340
-8584
1156
5584
3612
13796
5372
2820
2024
-10256
-3240
-4476
-6412
6220
2556
8412
11780
2180
5216
-4376
-9372
-872
-8032
-576
6156
2864
13172
6620
2504
3752
-9160
-4968
-3272
-7740
4956
4016
6840
13036
2680
4760
-2124
-10108
-1404
-6824
-2888
6520
2564
11508
9024
1840
4952
-7676
-7040
-1948
-8752
3436
4808
4916
13644
3548
4132
-36
-9892
-2428
-6116
-4676
6008
2908
10072
10060
2172
4904
-6096
-8528
-1476
-8292
1304
5544
3800
13152
5348
3256
1956
-9708
-4104
-4256
-6560
5652
3100
8440
11896
1916
5308
-4508
-9256
-1164
-7788
-652
6076
2624
12752
7188
2388
3768
-8924
-5696
-2716
-7948
4908
4108
6012
13256
3004
4612
-1924
-10656
-1384
-6696
-2940
6604
2240
11356
9004
1984
4940
-7596
-7260
-2064
-8364
3184
4896
4988
13396
3984
3964
196
-10180
-2484
-5840
-4956
6148
2716
10212
10064
2060
5028
-6136
-8524
-1064
-7932
1172
5856
3340
13404
5252
3124
2892
-10264
-3756
-4544
-6540
5652
2976
8624
12224
1868
4776
-3864
-9088
-1036
-7708
-976
6276
2840
12436
7516
2356
3952
-8748
-5832
-2616
-7924
4600
4144
5916
13468
3080
4264
-1568
-10512
-1220
-7048
-3320
6676
2416
11480
8956
1880
4796
-7768
-7224
-1704
-8380
3092
4680
4752
13560
4144
3636
572
-10592
-2356
-5540
-5480
6748
2416
10020
10832
1548
5568
-5996
-8428
-816
-8672
1056
5632
3364
13432
6268
2912
2612
-9940
-4556
-3652
-7008
6056
3452
7588
12224
2516
5200
-3672
-9664
-764
-7912
-1532
6172
2776
12996
7272
2460
3876
-9228
-5744
-2464
-7844
4480
3768
6068
13276
3100
4660
-1428
-10028
-1804
-6548
-3648
6548
2764
11344
9128
1688
5096
-7272
-7352
-1512
-8684
2600
4960
4592
13868
4300
3868
952
-10264
-3084
-5152
-5652
6336
2840
9072
11500
1728
5144
-5244
-9040
-848
-8140
88
5928
3120
13588
6016
2600
3040
-9696
-4244
-4076
-6824
5072
3564
7692
12156
2796
4280
-2932
-9568
-1520
-7384
-1940
6488
2244
12648
8348
1668
4428
-9116
-5836
-2160
-8224
4024
3972
5560
13420
3316
3832
-512
-10480
-2088
-5964
-4256
6460
2484
10652
9760
1572
5164
-6856
-8044
-1236
-8608
2208
5576
4052
13400
4840
3288
1736
-10056
-3468
-4484
-6052
5860
3056
8852
11360
1800
5364
-4140
-9372
-1028
-8208
-180
6396
2568
13228
6804
2208
3676
-9680
-5316
-2904
-7416
5020
3428
6708
12860
2680
4712
-2468
-10360
-1264
-7716
-2500
6472
2352
12180
8228
2100
4160
-8332
-6688
-1796
-8312
3568
4456
5156
13752
3720
3876
132
-10396
-2356
-5772
-4888
6800
2296
10228
10804
1452
5352
-6260
-8296
-1076
-8524
1604
5464
3684
13448
5256
3356
2124
-9916
-3912
-4204
-6428
5884
3128
8252
12148
2148
5044
-4160
-9496
-1228
-7888
-604
6232
2804
12576
6972
2352
3680
-9200
-5328
-3004
-8076
4664
3840
7064
12844
2228
4760
-1988
-9920
-1644
-7472
-3016
6352
2760
11784
8596
1940
4468
-7672
-7024
-1824
-8128
2776
5104
4764
13672
3992
3756
696
-10312
-2444
-5772
-5204
6912
2260
10188
10564
1652
5340
-6492
-7860
-932
-8280
912
5352
4008
13120
5260
3288
2412
-9760
-4268
-4160
-6764
5716
3084
8108
12204
2272
4856
-4180
-9268
-904
-7528
-1324
6256
2584
12516
7564
2148
4452
-8976
-5852
-2628
-8228
4528
4012
5960
13484
3004
4496
-1388
-10508
-1592
-6660
-3336
6596
2612
11108
8736
1992
4864
-7132
-7352
-1664
-8228
2056
5260
4456
13672
4340
3700
1140
-10448
-2968
-5104
-5484
6484
2748
9184
11040
2012
5236
-5084
-9100
-900
-8456
300
6012
3168
13320
5808
2516
2936
-9640
-4624
-3548
-7204
5396
3412
7384
12468
2528
4888
-3096
-9868
-1164
-7492
-1996
6164
2656
12364
7820
2156
4356
-8132
-6368
-2512
-8160
3956
4488
5252
13648
3816
3948
-564
-10208
-2088
-5908
-4104
6220
2364
10628
9888
2100
4964
-6588
-7916
-1456
-8388
1540
5596
3972
13568
5140
3352
1704
-10448
-3332
-4340
-6256
6044
2752
8952
11712
1960
4948
-4596
-9180
-764
-8372
-436
6340
2840
13400
6112
2404
3768
-9620
-4900
-3312
-7452
4964
3584
6844
12836
2720
4692
-2336
-9928
-1360
-6736
-2948
6328
2704
11712
9032
1824
4496
-7772
-6920
-1608
-8296
2832
4992
4672
13584
3992
3844
456
-10420
-2220
-5904
-5032
6508
2536
10224
10400
1972
5072
-5760
-8764
-860
-8228
760
5524
3256
13808
5576
2328
2716
-9964
-3828
-3816
-7276
5784
3260
7872
12096
2140
5024
-3172
-9484
-1260
-7792
-1732
6360
2560
12468
7804
1780
4208
-8724
-5908
-1972
-8412
4192
4420
5716
13316
3452
3952
-728
-10304
-1952
-6112
-4096
6500
2628
10888
9812
1576
5084
-6536
-7940
-1208
-8500
2060
5224
3996
13812
4872
2868
2020
-10096
-3524
-4464
-6220
6100
2760
8396
11844
2120
5160
-4720
-9404
-928
-8176
-352
6272
3060
12964
6540
2412
3452
-9236
-5000
-3168
-7656
4744
3600
6740
12680
3220
4400
-1996
-9872
-2032
-6660
-2924
6408
2572
11512
8716
2132
5032
-7696
-7160
-1784
-8228
2892
5104
4760
13468
4208
3428
984
-10008
-2720
-5312
-5384
6220
2728
9060
11196
2176
4960
-5112
-9076
-868
-8380
272
6364
2816
13004
6416
2232
3440
-9632
-4856
-3212
-7384
5220
3516
7256
12424
2520
4456
-2608
-9624
-1392
-7004
-2540
6260
2744
11832
8128
1940
4404
-7976
-6516
-2012
-7952
3068
4712
5276
13364
3788
3520
600
-10156
-2288
-5624
-4952
6628
3004
9780
10604
1840
5244
-5768
-8512
-888
-8440
636
5944
3512
13224
5816
2540
2900
-9796
-4068
-3728
-7088
5716
3300
7632
12300
2132
4616
-2912
-9868
-956
-7416
-2188
6616
2604
12288
8148
1496
4336
-8300
-6592
-1672
-8116
3600
4672
4972
13880
3552
3656
80
-10476
-1872
-6084
-4404
6796
2272
10336
9952
1788
5064
-6052
-8196
-1156
-8200
1380
5600
3532
13644
4960
3300
2656
-10032
-3696
-4540
-6568
6096
2768
8172
12352
1828
5092
-3532
-9864
-896
-7408
-1756
6556
2416
12204
7600
2108
4060
-8456
-5884
-2176
-8064
3752
4552
5564
13332
3368
4088
-652
-9956
-1820
-5984
-4424
6484
2344
10640
10364
1512
4928
-6316
-7864
-1120
-8400
1108
5840
3384
13200
5816
2380
2768
-9748
-4432
-3340
-7188
6048
3152
7524
12748
1912
5112
-3296
-10000
-696
-7524
-1840
6324
2680
12368
7556
1808
4232
-7924
-6420
-2368
-7932
3604
4616
5244
13512
3752
3600
-204
-10492
-2048
-5680
-4792
6816
2124
10064
10288
1528
5256
-6220
-8036
-1072
-8248
1164
5588
3504
13060
5720
2448
2984
-9492
-4592
-3436
-7220
5568
3288
7416
12764
1992
5080
-3064
-9608
-892
-7740
-1944
6332
2792
12236
7792
2176
4500
-8112
-6220
-2088
-7760
3296
4656
5076
13064
3820
3712
528
-9880
-2644
-5180
-5272
6404
2892
9260
11048
1344
5112
-5128
-8992
-392
-8316
248
5764
2836
13688
5772
2532
3024
-9640
-4240
-3484
-7284
4872
3588
7260
12180
2556
4484
-1944
-9612
-1572
-6500
-3244
6652
2512
11436
8968
1200
5216
-7288
-6952
-1056
-8636
2628
5208
4404
13564
4188
3688
1512
-9996
-3576
-4584
-5800
6044
3192
8476
11324
1836
4696
-3912
-8964
-1016
-7924
-880
6288
2556
12964
6916
1832
3788
-8840
-5376
-2464
-7856
4384
3832
5844
13036
3444
4128
-956
-10004
-2152
-6024
-3916
6608
2672
9880
9740
1804
5224
-5812
-8432
-928
-8512
1244
6076
