# meta_json={"schema_version":4,"record_id":"20260928T183424_0800_fanA_r003","data_role":"formal","source_type":"real","device_id":"fanA","device_type":"fan","session_id":"fanA_rig01_12V_20260928_b","acquired_at":"2026-09-28T18:34:24+08:00","observed_condition":"mount_looseness","target_label":"looseness","label_basis":"controlled_injection","label_confidence":"confirmed","fault_level":1,"fault_method":"fastener_backoff","tape_count":0,"loose_fastener_id":"M1","loosen_turns":0.25,"measurement_axis":"X","reference_gravity_axis":"Y","reference_gravity_sign":"+1","fixture_id":"rig01","sensor_module_id":"mpu01","sensor_mount_id":"fan_frame_top_left","installation_orientation_id":"x_measure_y_gravity","calibration_id":"uncalibrated","voltage_set_v":12.0,"firmware_build_id":"6db13e6","notes":"仅将M1回退0.25圈；G型夹不改变","fs_config_hz":1000,"window_samples":1024,"window_nominal_ms":1024.0,"capture_samples":20480,"capture_nominal_ms":20480.0,"afs_code":0,"frames":20,"first_seq":1,"last_seq":20,"lost_frames":0,"sample_id_gaps":0,"capture_mode":"fifo_continuous"}
4520
-6968
-1280
-2736
-3992
7548
3480
7516
11396
1116
4844
-1352
-7520
-8
-6256
788
7500
2616
11684
7952
1156
5760
-5404
-3436
-732
-5496
5864
5028
5004
12240
2592
3152
1516
-7852
-620
-4868
-1620
7796
2568
10104
10096
804
6280
-3140
-5572
848
-6884
3628
6448
3016
12152
4868
1396
3728
-7616
-2384
-2964
-4924
7152
3504
7420
12104
1864
5408
124
-6828
1152
-5580
684
7828
2340
11120
7716
228
5032
-5756
-5084
-1112
-6436
5040
5168
4916
12712
3844
3756
3084
-6992
256
-3924
-1940
8016
2820
9448
9864
244
5460
-3292
-6556
216
-7104
2628
6392
3076
12448
5884
1852
5056
-6680
-1836
-1980
-4496
7172
3840
6776
11688
1400
4140
-156
-7716
84
-6008
-212
7664
2508
11060
8788
780
6068
-4532
-4344
-48
-6112
5128
5448
4312
12504
3624
2668
2740
-8040
-1100
-4040
-3244
7712
2832
9060
11140
776
5968
-1848
-6024
1092
-6100
2440
7060
3068
11928
6008
968
4460
-6868
-3368
-2172
-5492
6220
4060
6256
12340
2392
4672
1084
-6984
900
-5160
-476
8120
2396
10432
8952
292
5564
-4864
-5756
-388
-7012
3960
5688
3836
12500
4800
2548
4100
-7032
-788
-2740
-3296
7868
3336
7972
11312
636
5168
-1524
-7764
400
-6676
872
7400
2328
11552
7948
1016
5848
-5772
-3000
-348
-5736
6220
5208
5568
12500
2468
3540
1856
-8284
-616
-5100
-2412
7792
2092
9484
10196
272
6292
-3168
-5740
1256
-6172
3432
6708
3368
12600
5172
1332
4360
-7540
-2552
-2672
-5012
6980
3296
7056
11828
1448
5060
40
-6940
1164
-5564
624
7988
2588
11420
8052
332
5728
-5476
-4708
-764
-6564
4968
5016
4624
12948
3740
3284
3412
-7304
-280
-3456
-2484
7804
2760
8932
10660
400
5056
-2484
-7104
452
-6940
1536
6728
2724
11652
7100
1288
5660
-6052
-2532
-876
-5232
6528
4616
6104
12180
2204
3736
1004
-8152
-500
-5464
-1952
7508
2164
9844
9696
748
6020
-3248
-5100
724
-5896
3800
6632
3960
12428
5148
1804
4100
-7364
-2596
-2672
-5064
6588
3480
6800
11728
1960
4416
660
-7004
716
-5116
568
7608
2888
11012
8148
672
5308
-5404
-4964
-892
-6832
4776
5280
3864
12592
3976
2868
3360
-7288
-268
-3168
-2752
7836
3552
8752
10864
1028
4960
-2164
-6908
400
-6980
1872
6580
2848
11656
6968
1124
5700
-6148
-3008
-796
-5260
6368
4788
6264
12352
2720
3664
1420
-8004
-8
-5636
-1624
7528
1980
9916
9368
592
6024
-3408
-5368
944
-6156
3900
6360
4060
12220
5552
1856
4024
-7224
-2496
-3208
-4672
6372
3032
7172
11540
1564
5024
-144
-6992
960
-5440
864
7496
2956
11332
8300
804
5532
-5096
-4984
-796
-6576
4428
4936
4424
12044
3964
2988
3148
-7028
-552
-3268
-2640
7608
3284
8904
10996
1020
5284
-2004
-6784
72
-6748
1420
6772
2248
11628
7060
1064
5428
-5680
-3276
-904
-5180
6100
4900
6048
12272
2888
3724
1392
-8072
-276
-5360
-1952
7216
2284
9544
9728
600
5788
-2796
-5744
988
-5808
3492
6656
3732
12420
5732
1836
4128
-7028
-2592
-2828
-5256
6480
3156
6620
11744
1572
4868
564
-7168
780
-4936
-60
8184
2916
10760
9068
768
5684
-4892
-5012
-700
-6568
4036
5288
4108
12124
4016
2536
3396
-7068
-1092
-2952
-3064
7508
3544
8416
11296
1160
5116
-1360
-7284
224
-6464
840
7140
2208
11328
7484
752
5576
-5516
-3620
-456
-5508
5940
5292
5712
12532
3264
3428
2172
-7880
-416
-5068
-2312
7468
2092
9004
9956
440
5860
-2528
-5848
1088
-6200
3300
6840
3612
12464
6212
1688
4732
-7128
-2668
-2556
-5496
6452
3508
5892
11836
1448
4640
660
-7620
956
-4992
-56
8176
2924
11108
9244
564
5868
-4588
-5352
-352
-6984
3864
5184
3588
12108
4124
2204
3816
-7436
-1200
-2332
-3176
7900
3780
8656
11508
1620
5420
-1064
-6880
324
-6668
1284
6540
2312
11244
6904
648
5340
-6016
-3484
-656
-5684
6008
4956
5880
12808
3104
3664
2072
-7788
-408
-4788
-2272
7552
2160
9044
9828
424
5580
-3136
-5912
700
-6128
3452
6708
3884
12532
6024
1996
4596
-7120
-2580
-2620
-5336
6472
3372
6452
11624
1756
4468
72
-7324
708
-4892
104
8144
2960
11248
9008
924
5880
-4556
-5180
-616
-6848
3996
5152
3600
11880
3836
2644
2756
-7156
-840
-3116
-2888
7848
3628
8916
11536
1276
5624
-1268
-7012
252
-6360
920
6724
2008
11056
7024
400
5008
-6044
-3704
-680
-5344
6192
5064
6004
12940
3208
4060
1848
-7552
-64
-5296
-1916
7480
2292
9336
9604
508
5652
-3204
-5864
380
-5920
3320
6832
3976
12416
5820
2024
4052
-6592
-2460
-2868
-4500
6368
3536
6776
11376
1600
4608
-188
-7092
520
-4976
156
7924
2884
11256
8896
1100
5692
-4816
-5096
-684
-6768
4332
5128
3732
11896
3764
2392
2964
-7344
-1076
-3132
-2776
7872
3556
8912
11520
1368
5516
-1580
-6656
344
-6552
1524
6876
2224
11388
6440
1008
5004
-6160
-3228
-1252
-5076
6388
4904
6400
12956
2832
4200
1600
-7512
-116
-5064
-1764
7500
1840
9444
9124
572
5384
-3608
-5920
684
-6360
3564
6816
3956
12520
5768
2120
4500
-6944
-2280
-2980
-4672
6724
3052
6812
11260
1052
4808
-476
-7364
512
-5228
528
8108
2988
11648
8544
1528
6088
-4932
-4252
-536
-6828
5004
4992
3692
12272
3208
2536
2928
-7880
-880
-3204
-2948
7744
3716
9056
11312
1604
5696
-1880
-6344
532
-6768
1780
6812
2200
11332
6220
808
4820
-6352
-3476
-1136
-5192
6216
4808
6172
12656
3088
4000
1868
-7488
24
-5048
-1580
7668
2044
9468
9492
252
5356
-3592
-5876
552
-5896
3596
6812
4200
12608
5948
2364
4492
-6696
-2208
-2716
-4736
6640
3092
6396
11480
1120
4236
-148
-7460
448
-5148
-28
8024
2984
11228
9076
1092
6024
-4372
-4600
-304
-6324
4580
5156
3664
11948
3732
2184
2748
-7676
-1492
-3008
-3400
7716
3632
8532
11536
1364
5700
-1300
-6808
840
-6268
1604
6876
2292
11316
6700
532
5052
-6284
-3648
-1296
-5100
5700
5052
5732
12808
3416
3916
2068
-7312
-228
-4504
-2128
7716
2244
9072
9752
444
5464
-3240
-6160
500
-6080
2944
7072
3356
12580
6004
1956
4668
-6540
-2424
-2080
-5304
6676
3436
6188
11344
1472
4200
304
-7676
24
-4864
-736
8008
2724
10772
9568
1308
5860
-3756
-4936
0
-6388
3988
5636
3332
12168
4220
2012
3136
-7468
-1884
-2696
-3648
7328
3760
8196
11844
1984
5288
-448
-6564
644
-6176
712
7272
2052
10768
7588
312
4968
-5516
-4588
-532
-5820
4740
5780
5168
12588
4384
3344
2816
-6700
-1188
-3660
-2992
7292
2528
7940
10524
432
4984
-1936
-7156
388
-5668
1280
7448
3072
11928
7772
1652
5584
-5472
-3368
-1164
-5576
5836
4448
5004
12044
2452
3436
1716
-7932
-352
-4088
-2252
8056
2816
9780
10728
1000
6140
-2312
-6108
784
-6856
2572
6848
2168
11668
5980
824
4668
-6664
-3212
-1448
-5240
6412
4492
6172
12552
2572
4528
1428
-7688
456
-4888
-908
7344
1900
9584
9688
-104
5468
-4152
-5564
212
-6356
3184
6824
3900
12412
5612
2184
5028
-6256
-1940
-2836
-4368
6692
3648
6208
11476
1296
4372
-100
-7512
252
-5308
-104
7684
2788
10936
9672
916
5956
-3928
-4508
4
-6356
3916
5688
3432
11856
4180
1764
3604
-7560
-1836
-2960
-4040
7052
3624
7520
11976
2052
5444
-12
-6632
784
-5572
344
7428
2144
10436
7852
-84
5100
-5048
-5252
-500
-6484
4636
5724
4456
12908
4804
3120
3860
-6740
-688
-3244
-3156
7500
3180
7576
11276
500
5012
-1240
-7412
376
-6396
856
7560
2208
11552
7824
1228
5928
-5076
-3780
-480
-5984
5028
4868
4236
12148
3168
2712
2656
-7596
-924
-3952
-3212
7712
2940
8520
11460
1192
5700
-1492
-6400
796
-6268
1144
7352
2216
10976
6996
684
5068
-5516
-4252
-608
-5776
5456
5280
5232
12784
3724
3932
3116
-7212
-224
-3780
-2860
7692
2520
8308
10528
116
5080
-2156
-7332
392
-6320
1332
7412
2624
11876
7664
1272
6164
-5188
-3324
-328
-5528
5832
4884
4896
12184
2736
2792
2232
-7960
-880
-4620
-2720
7496
2696
8760
10988
1060
5968
-1596
-5836
828
-5816
2216
6936
2984
11320
6736
592
5060
-6040
-4144
-1496
-5808
5492
5060
4932
12888
3236
3788
2744
-7004
92
-4108
-2156
7828
2568
9072
10216
392
5452
-2548
-6852
356
-6644
1980
7180
2508
11932
7096
1372
5796
-5756
-3132
-764
-5516
5500
4684
5384
11832
2624
3292
1892
-7912
-504
-4708
-2264
7696
2708
9188
10808
828
6148
-1928
-5912
1060
-6148
2364
6828
2916
11516
6176
700
4932
-6516
-3520
-1772
-5556
5928
4620
5644
12316
3436
3976
2472
-7228
628
-4200
-2104
8096
2400
8884
10116
44
5240
-2900
-7108
540
-7076
2212
6608
2796
11980
6632
1660
5372
-6072
-2024
-1212
-5200
6648
4368
5976
12056
2272
3388
1560
-8332
-304
-5224
-2292
7608
2164
9148
10388
708
6324
-2432
-5708
1392
-6000
3040
7120
3496
11812
6164
936
4664
-6668
-3152
-2228
-5548
6392
3716
5904
12320
2364
4488
1684
-7292
892
-4940
-1424
7992
2368
9792
10088
-112
5776
-3228
-6536
344
-7020
2656
6752
2676
12028
6216
1404
5416
-6304
-2316
-1616
-5016
6544
4384
6204
12212
1896
3828
1052
-8028
32
-5512
-1856
7740
2448
9572
10424
528
6384
-2756
-5528
1032
-6104
3144
6848
3252
11900
5712
972
4668
-7064
-2952
-2540
-5480
6236
3768
6060
12344
2296
4540
1768
-7024
812
-4392
-1244
8016
2840
9868
9564
244
5748
-3884
-6324
-128
-6840
2588
6252
2676
12356
5944
1376
5356
-6144
-1932
-1260
-4516
6524
4340
6344
12236
2292
3872
1028
-7744
-124
-5432
-1636
7456
2108
9424
9868
504
5956
-3064
-5244
1000
-6112
3204
6748
3380
12164
5776
1292
5048
-7092
-2888
-1996
-5336
6200
4008
5812
12196
2432
4280
1404
-7144
524
-4856
-1152
7588
2532
9780
9480
200
5828
-3932
-6008
-192
-7004
2876
6120
3052
12180
5784
1896
5132
-6164
-1944
-1456
-4616
6580
4144
6596
11764
2168
3940
944
-7748
-216
-5644
-1376
7304
2084
9988
9824
688
6132
-2956
-5048
972
-5784
3584
6812
3312
12544
5756
1260
4628
-7332
-2752
-2572
-5652
6392
3436
5856
12180
2044
4500
1100
-7028
832
-4676
-696
7868
2564
10308
9384
352
5632
-3872
-5832
-168
-6952
3244
5552
3256
12060
5664
1788
4872
-6472
-1744
-1728
-4336
6908
3908
6768
12212
2052
4328
660
-7668
156
-5624
-1184
7400
2244
9784
9620
248
6268
-3384
-5396
804
-5960
3752
6400
3884
12288
5372
1812
4264
-7184
-2432
-2952
-4776
6500
3256
6704
11736
1796
4616
524
-7048
952
-5432
-4
7924
2452
10648
9120
380
5964
-4400
-5444
-220
-6808
3484
5660
3472
12188
4792
2152
4548
-6796
-1552
-2124
-3812
7164
3764
7424
11736
1440
4944
-388
-7296
172
-6356
-328
7116
2128
10920
8372
772
6188
-4360
-4560
692
-6132
4988
6000
4244
12832
4560
2264
3604
-7520
-1872
-3232
-4476
6728
3028
7288
11344
1412
5296
-332
-6684
1084
-5400
700
7676
2780
11144
8336
584
5692
-5172
-4656
-1056
-6496
4428
4728
3896
12392
3872
2788
3620
-6864
-696
-2972
-2844
7700
3612
8484
11312
1652
4924
-1224
-7012
-12
-6624
728
6584
2068
11036
7488
904
5520
-5260
-3756
-424
-5612
5312
5444
4984
12584
3984
3076
2888
-7512
-1316
-4260
-3336
6920
2628
7888
10772
720
5424
-1412
-6456
1036
-5576
1548
7452
2892
11720
7472
1136
5624
-5984
-3824
-1348
-6308
5388
4496
4732
12320
3080
3584
2580
-7060
-348
-3540
-2124
7664
3376
9204
10724
800
5492
-2376
-6608
-128
-6664
1636
6272
2188
11608
6404
948
5432
-5812
-2860
-924
-5040
6164
5272
5856
12504
3192
3580
1764
-7352
-796
-4836
-2200
6980
2304
8704
10148
420
5664
-2572
-6084
988
-5848
2516
7340
3340
12232
6412
1284
5220
-6364
-3132
-2012
-5520
5960
3920
5488
11956
2324
3964
1388
-7468
480
-4068
-1444
7960
3364
9500
10400
892
5880
-3348
-5860
-68
-6604
2496
5908
2812
11764
5368
1580
4716
-6688
-2312
-1532
-4600
6748
4624
6768
12360
2460
4320
816
-7500
-172
-5700
-1396
7384
1748
9512
8900
364
5732
-3476
-5432
552
-5572
3344
6628
4124
12724
5880
2316
4344
-6752
-2172
-2804
-5040
6608
3104
6092
11784
1272
4512
552
-7376
764
-5016
-436
8044
2812
11088
9508
836
6116
-3968
-5292
-100
-6676
3412
5680
3296
11876
4544
1824
3992
-6932
-1996
-2260
-4096
6816
3960
7500
12024
2080
4816
84
-7256
192
-5908
-492
7296
1908
10132
8476
512
5896
-4236
-5136
536
-5776
4200
6216
4344
12404
5204
2212
3988
-6960
-1828
-3468
-4136
6796
2860
6996
11160
1376
4888
-284
-7224
944
-4924
436
7700
3120
11172
8620
1052
5724
-4736
-4760
-680
-6456
4060
5140
3448
11876
3788
2384
3360
-7252
-1268
-2768
-3232
7632
3768
8520
11692
1508
5704
-936
-6896
496
-6532
532
6728
1932
10636
7396
460
5444
-5044
-4484
-192
-5656
4988
6016
4888
12744
4384
3144
3452
-7128
-1064
-3700
-3512
7080
2788
7504
10604
844
5016
-1360
-7128
844
-5636
1284
7844
3204
11636
8244
1132
5600
-5276
-3764
-1132
-6412
5216
4516
4372
11912
3180
2736
3020
-7952
-564
-3536
-2784
7752
3388
8792
11196
1364
5692
-1428
-6624
772
-6584
1252
6976
2076
11196
7256
616
5424
-5836
-4040
-136
-5576
5592
5304
5460
12896
3576
3452
2864
-7448
-580
-4572
-2896
7184
2164
8500
10260
200
5508
-2188
-6660
776
-5852
1956
7636
3232
12052
7596
1380
5372
-5572
-3312
-1576
-5596
5492
4192
4652
11780
2468
3184
1708
-7844
-236
-4172
-1864
8020
2952
9572
10972
1188
6036
-2488
-6004
588
-6652
2192
6472
2508
11616
6156
900
5016
-6360
-3176
-996
-5004
6164
4948
5992
12980
3232
4028
1760
-7308
-184
-5036
-1992
7392
2004
8940
9508
268
5740
-3260
-6200
640
-6056
2844
7072
3520
12492
6464
1876
5084
-6256
-2356
-2256
-5308
6136
3240
5636
11476
1788
3688
936
-7600
4
-4584
-1196
8052
2948
10164
10320
1188
6016
-2932
-5320
152
-6432
3136
5844
3064
11568
5156
1484
4000
-6808
-2624
-1804
-4564
6680
4364
6840
12484
2432
4596
1216
-7288
432
-5404
-940
7380
1932
9668
8784
-68
5300
-4064
-5836
160
-6220
3548
6460
4320
12444
5900
2424
4500
-6416
-2036
-2544
-4688
6884
3084
6640
11288
1304
4312
-236
-7656
316
-5340
-228
7720
2788
10928
9284
1012
6176
-3976
-4860
0
-6496
4204
5684
3416
12024
4516
1880
3368
-7172
-1732
-2508
-3744
7204
3888
7892
11960
1928
5224
84
-6976
820
-5836
352
7320
1992
10732
7624
192
5624
-5384
-4888
-236
-6500
4916
5688
4464
12880
4552
3144
3524
-6984
-936
-3380
-3340
6992
3148
7656
10544
808
4832
-1772
-6908
192
-6112
1080
7336
2920
11720
7968
1428
5916
-5212
-3492
-416
-6004
5440
4992
4528
12308
3112
2976
2364
-7808
-804
-3856
-2640
7612
3184
8856
11172
1216
5720
-1728
-6072
420
-6336
1524
6976
2212
11244
6328
696
4912
-6148
-3688
-1064
-5144
6000
4840
5872
13032
3008
4296
2100
-7288
-132
-4660
-1988
7456
2124
8856
9736
76
5148
-2672
-6804
484
-6240
2800
7148
3492
12460
7184
1880
5164
-5892
-2476
-1772
-5228
6384
3832
5668
11456
2048
3364
776
-8004
-224
-4900
-1380
7564
2940
10232
9988
1300
6140
-2928
-5144
456
-5996
3428
6180
3084
11768
4936
1364
3932
-7168
-2756
-2344
-4740
6496
3848
6776
12028
2464
4780
888
-6876
580
-5132
-424
7396
2344
10020
8768
428
5224
-4052
-5412
12
-6484
4008
5900
3828
12724
5188
2552
4264
-6652
-1408
-3000
-3896
6832
3088
7232
11164
1040
4544
-484
-7412
472
-5732
184
7844
2712
11012
8836
1160
6072
-4204
-4368
-108
-5984
4620
5452
3736
11992
3500
2280
3228
-7792
-1512
-3368
-3664
7096
3224
8024
11688
1720
5740
-436
-6392
976
-5800
828
7272
2252
10600
7612
68
5440
-5724
-4540
-772
-6148
5212
5176
4940
13076
4432
3264
3664
-7088
-72
-3756
-3064
7876
2728
8148
10988
116
4948
-1576
-7780
564
-6520
1012
7456
2528
11660
7908
792
6180
-5396
-3308
-688
-5732
5736
4868
4716
12424
2708
3036
1992
-8004
-736
-4300
-3004
7980
2704
9000
11084
840
6384
-1992
-5912
1068
-6036
2280
7212
2488
11792
6152
716
4900
-6784
-3724
-1500
-5516
6024
4256
5940
12512
2956
4340
2080
-6832
408
-4376
-1496
7908
2512
9504
9432
188
5308
-3504
-6396
188
-6700
2976
6512
3204
12516
6188
2044
5016
-6072
-2224
-1536
-4568
6744
3936
6472
11732
1324
4232
0
-7820
-80
-5852
-940
7588
1936
10672
9304
852
6316
-3588
-4648
792
-6056
4388
6556
3756
12264
4712
2072
3616
-7576
-2288
-3260
-4412
6936
3032
7344
11692
1660
5612
-44
-6708
1088
-5900
872
7648
2132
11104
8020
172
5680
-5728
-5136
-580
-6592
4740
5304
4268
12740
4084
3060
3704
-7112
-576
-3244
-3112
7780
2924
8384
10580
860
4960
-1608
-7388
496
-6596
1172
7060
2788
11556
7748
928
6036
-5364
-2932
-720
-5204
6076
4996
5284
12376
2844
3268
1824
-8132
-620
-4740
-2308
7424
2472
9280
10392
720
6040
-2216
-5848
1036
-6144
2984
6644
2936
12248
5660
876
4916
-7296
-3072
-2072
-5636
6676
3820
5844
12820
2324
4436
1712
-7216
588
-4620
-1088
7892
2692
10116
9116
448
5288
-3944
-6060
-244
-6796
3328
5936
3528
12616
5568
2444
4640
-6616
-1232
-2004
-3920
7152
3776
7016
11756
1192
4376
-348
-7912
92
-6036
-272
7392
2160
10600
8628
964
5896
-4436
-4092
80
-5832
5188
5708
4624
12440
3464
2732
3184
-8292
-1156
-4312
-3896
7424
2440
8104
11304
912
5828
-1388
-6260
1268
-5980
1712
7448
2836
11896
6912
1108
5272
-6256
-4040
-1520
-6124
5612
4460
5024
12832
2892
3740
2644
-7548
272
-4020
-2064
8260
2584
9604
10124
180
5432
-3160
-6688
196
-6912
2724
6416
2672
12508
6360
1560
5184
-6468
-2028
-1556
-4940
6828
4176
6420
12076
1660
4160
236
-7872
-68
-5688
-1268
7600
1952
10384
9364
620
6056
-3720
-4928
788
-5864
4456
6256
4152
12744
4548
1996
3436
-7384
-2296
-3368
-4408
6920
2648
7644
11580
1148
5268
-480
-6664
1108
-5532
1080
8136
2676
11336
8132
768
5156
-5256
-5056
-884
-6472
4948
4780
4492
12380
3820
3020
3136
-7180
-240
-3504
-2460
7640
3248
8896
10696
684
5652
-2456
-7140
300
-7048
1556
6804
2300
11920
6864
804
5588
-6048
-2828
-856
-5136
6352
4912
5784
12680
2356
4076
1352
-7916
-396
-5220
-2004
7752
2120
9860
10024
456
6100
-2672
-5524
976
-5876
3276
6688
3300
12216
5828
1652
4184
-7108
-2876
-2780
-4920
6452
3428
6676
12060
1660
4948
408
-6892
992
-5140
160
7784
2852
10780
8736
552
5480
-5020
-5320
-760
-6672
3916
5288
3904
12252
4484
2684
3988
-6732
-912
-2388
-3400
7660
3700
8348
11536
900
5252
-1316
-7364
252
-6776
536
6740
1884
11184
7576
868
5776
-5432
-3408
-216
-5456
5644
5420
5832
12876
3560
3172
2504
-7588
-1240
-4680
-3100
6964
2252
8348
10328
624
5444
-2140
-6224
984
-6012
2260
7508
3240
11992
6932
1192
5080
-6272
-3484
-1644
-5900
6096
3740
5472
12360
2072
4052
1916
-7592
716
-4376
-1112
8132
2720
9944
10152
248
5832
-3592
-6364
124
-7144
2780
6000
2928
11996
5636
1712
4824
-6420
-1748
-1540
-4296
7140
4012
7084
12252
1680
4712
212
-7720
-228
-6088
-1224
7264
1520
9976
8888
28
5992
-4052
-5032
804
-5756
4676
6512
4388
12892
5176
2320
3816
-7424
-1704
-3596
-4216
6884
2592
7120
10860
1456
4676
-544
-7052
708
-5516
1156
7708
3240
11340
8412
932
5796
-5376
-4064
-1000
-6508
5040
4772
4340
12416
3428
2820
3040
-7480
-560
-3384
-2608
7648
3140
9000
10732
996
5284
-2256
-6728
228
-7068
1324
6508
2200
11388
6576
920
5232
-5548
-3208
-496
-4936
6456
5148
6068
12840
3136
3700
2060
-7704
-460
-5096
-2380
7216
2004
8964
9880
400
5628
-3028
-5648
680
-5752
3300
6728
4056
12464
6244
2012
4748
-6456
-2500
-2592
-4980
6156
3324
6204
11872
1496
4520
696
-7544
800
-5040
-592
7908
2656
10580
9292
464
6172
-4260
-5364
-292
-6960
3472
5492
3200
12532
4684
2272
4056
-6616
-1512
-2032
-3768
7308
4032
7668
11748
1704
4896
-284
-7368
-156
-6200
-264
6984
1584
10408
8068
704
5620
-4620
-4208
324
-5524
5232
6012
4912
13020
4336
2976
3448
-7440
-1564
-3780
-4096
7092
2188
7344
10980
540
5316
-1268
-6952
944
-5480
1284
7876
2916
11900
8036
964
5872
-5496
-4028
-996
-6568
4916
4636
4108
12180
3080
2660
2680
-7652
-616
-3472
-2476
8056
3168
9176
11020
944
5972
-2032
-6568
624
-6664
1968
6740
2484
11628
6496
1312
5100
-6040
-3176
-944
-5080
6256
4972
6116
12352
3104
3936
1648
-7252
-756
-5064
-1896
7052
2004
8888
9540
652
5468
-3012
-5820
888
-5700
3120
7076
3800
12436
6348
1796
4764
-6916
-2512
-2636
-5600
6184
3240
5724
11424
1648
4152
896
-7624
616
-4672
-272
7956
3152
10688
9840
1156
5940
-3848
-5020
-156
-6764
3636
5576
3212
11896
4516
1948
3872
-7068
-1960
-2484
-3724
7028
3652
7760
11968
1792
5296
-128
-7064
548
-6180
-144
7392
1956
10388
8160
276
5612
-4692
-4856
312
-5780
4576
6136
4528
12908
4632
2644
3824
-7556
-1384
-3712
-3792
6876
2612
7428
10920
920
4992
-868
-6996
748
-5148
1116
8072
3436
11784
8132
1304
5924
-5332
-4168
-1188
-6308
4836
4648
4200
11936
2844
2900
2380
-7664
-640
-3572
-2508
7800
3812
8912
11592
1496
5808
-1716
-6440
380
-6548
1752
6824
2216
11200
6212
708
4780
-6496
-3568
-1068
-5496
6076
4876
5928
12856
3304
4104
2112
-7308
-308
-4728
-1984
7508
2044
8876
9900
-60
5636
-3124
-6440
716
-6160
2592
7012
3548
12244
6372
1884
4928
-6164
-2656
-2252
-5108
6336
3596
5848
11852
1836
4160
704
-7412
200
-4796
-764
7888
3072
10340
10048
1036
6000
-3556
-5480
-352
-6760
2972
5788
2876
11612
4764
1832
4068
-7212
-2132
-2112
-4256
7256
3888
7816
12388
2376
5008
412
-7156
328
-5860
-232
7172
1992
10296
8404
228
5536
-4788
-4832
-156
-6068
4672
6260
4384
12904
4784
3092
3664
-6876
-1176
-3436
-3852
7256
2764
7552
10696
792
4740
-1132
-7360
488
-5788
984
7312
2856
11460
8408
1216
5544
-4720
-3964
-604
-6104
5084
5092
4124
11952
3284
2468
2720
-7608
-976
-3724
-2928
7680
3384
8804
11400
1432
5452
-1304
-6728
844
-6260
1328
6808
2536
11176
6808
580
4980
-6064
-3920
-1060
-5236
5908
5000
5908
12716
3644
4200
2088
-7096
-136
-4624
-2208
7496
2268
9016
9592
280
5340
-3172
-6328
360
-6376
2664
6892
3420
12628
6672
1696
5432
-6228
-2436
-1636
-5076
6352
3904
5540
11668
1680
3836
940
-7992
-112
-4824
-1296
7956
2740
10412
9820
716
6416
-3780
-4952
292
-6460
3624
6016
3012
12248
4456
1828
3860
-7008
-2196
-2436
-3972
7060
4004
7412
12136
2192
5128
-96
-6744
476
-5604
-92
7328
1860
10392
7912
224
5088
-4888
-4972
-420
-6216
4772
5924
4500
12888
4588
3232
3704
-6952
-788
-3544
-3584
7504
2460
7420
10804
208
4736
-1716
-7364
56
-6060
1016
7760
2644
11844
8036
1996
5836
-4820
-3256
-484
-5668
5396
5000
4708
12164
2780
2932
1924
-8128
-816
-4064
-2996
7776
3048
9052
10816
1320
5772
-1608
-5884
776
-5804
2124
7036
2680
11500
6404
780
4748
-6480
-3932
-1448
-5492
5796
4720
5908
12520
2852
4180
1712
-7128
292
-4664
-1760
8036
2108
9452
9584
164
5592
-3532
-6328
504
-6244
2908
6832
3480
12448
6040
2156
4952
-6172
-1868
-1936
-4600
6732
3664
6384
11584
1588
3888
260
-7896
24
-5484
-792
7688
2648
10464
9672
988
6192
-3580
-4752
192
-6180
3952
5824
3264
12072
4632
1592
3600
-7660
-2300
-2784
-4344
7012
3788
7468
12016
2160
5288
196
-6684
788
-5556
356
7348
2380
10628
7940
172
5476
-5092
-4996
-684
-6456
4772
5580
4084
13088
4316
3004
3816
-6864
-620
-3156
-3456
7620
3072
7808
10920
788
5076
-1368
-7288
368
-6388
884
7272
2452
11760
7868
1152
6044
-5148
-3496
-636
-5936
5324
4752
4784
11984
3076
2660
2340
-7996
-912
-4000
-3020
7540
2864
8736
11116
1300
5588
-1328
-6280
1056
-6072
1704
7032
2636
11524
6600
580
5048
-6272
-4184
-1168
-5972
5676
4732
5420
12640
3468
3964
2512
-6936
276
-4016
-1876
7796
2564
9120
10084
48
5512
-2956
-6680
16
-6788
2212
6464
2820
12112
6428
1664
5440
-6060
-2464
-1396
-5000
6536
4276
5564
12340
2156
3848
956
-7840
-544
-4964
-2004
7728
2360
9724
10048
808
6120
-2912
-5420
780
-6096
3152
6596
3324
11828
5292
1288
4284
-6992
-2864
-2444
-4884
6496
3712
6724
12388
2336
4880
1196
-6908
1084
-5008
-664
7984
2348
9892
9196
-120
5444
-4284
-6220
84
-6904
3252
6200
3228
12304
5720
2192
4888
-6524
-1180
-2056
-3960
6752
4112
6804
11536
1292
4504
-400
-7916
-20
-5996
-544
7132
2364
10392
9028
700
6276
-3908
-4324
184
-5748
4356
6116
3788
12304
4660
1888
3508
-7392
-1924
-3436
-4080
6648
3664
7208
11860
1652
5336
-44
-6500
1068
-5428
400
7644
2668
10736
8200
480
5384
-5096
-5024
-652
-6712
4056
5260
4176
12168
4688
2784
3696
-6624
-888
-2812
-3280
7376
3268
8040
11032
1036
4828
-1084
-7472
328
-6340
628
6936
2440
11040
8052
868
6196
-4788
-3572
-120
-5716
5304
5384
4812
12408
3708
2692
2772
-7596
-1336
-3832
-3552
6992
2876
8076
11224
1236
5712
-824
-6576
1040
-5556
1204
7516
2768
11444
7672
504
5628
-5968
-4680
-1024
-6512
5092
4864
4256
12572
3796
3156
3572
-7112
-468
-3216
-2852
7376
3236
8364
10776
900
4976
-1816
-6904
-88
-6424
1064
6828
2404
11464
7396
1152
5896
-4960
-3444
-372
-5376
5536
5164
5108
12500
3432
3140
2508
-7592
-1248
-4368
-3140
7068
2444
8380
10568
1040
5740
-1348
-6072
1040
-5668
1636
7272
2896
11752
7344
752
5588
-6020
-4156
-1092
-6340
4840
4728
4228
12604
3152
3452
2844
-7480
-208
-3428
-2804
7716
3096
8460
11004
728
5428
-1764
-7072
556
-6528
924
7004
2164
11196
7604
892
5636
-5012
-3708
-56
-5420
5632
5428
5232
12296
3388
2964
2468
-7820
-932
-4400
-3504
7480
2364
8368
10924
1012
5768
-1276
-6160
812
-5652
1636
7284
2892
11724
7060
1144
5192
-5852
-4388
-1036
-6340
4960
4436
4604
12576
3188
3376
3196
-7256
-172
-3540
-2424
7708
2968
8724
11192
540
5668
-2008
-6916
264
-6616
1156
6996
2068
11172
7552
1356
5732
-5256
-3324
-460
-5320
5512
5440
5272
12240
3468
3220
2448
-7580
-1160
-4236
-3176
7000
2332
8208
10900
788
5644
-1184
-6112
1172
-5644
1636
7308
3152
11472
7660
716
5512
-6016
-4124
-1320
-6408
4872
4440
4224
12200
3332
3168
3280
-7288
-312
-3216
-2796
7764
3388
8656
11164
1004
5412
-1272
-6908
332
-6476
760
6904
2100
11168
7664
848
5800
-4976
-3884
-180
-5760
5280
5472
4840
12320
4124
2696
3048
-7492
-1392
-4000
-3736
6996
2604
7692
11280
928
5224
-532
-6932
1520
-5752
1020
7696
2700
11452
8076
628
5896
-5488
-4556
-944
-6904
4480
4792
3668
12120
3992
2584
3932
-6928
-768
-2528
-3208
7588
3792
8248
11644
1556
5096
-800
-7068
408
-6456
172
6940
2012
10628
7880
692
5860
-4624
-4400
456
-5984
4740
5944
4536
12572
4580
2600
3784
-7296
-1804
-3332
-4216
6640
2972
7020
11316
1368
4732
324
-7100
1024
-5316
304
7536
2708
11008
8860
652
5712
-4604
-5112
-352
-7020
3604
5464
3140
12012
4848
2092
4536
-6900
-1404
-1816
-3944
7072
3940
7144
12060
1804
4644
308
-7244
36
-6076
-996
6876
1804
9728
9292
372
5920
-3488
-5268
856
-5576
3420
6752
3732
12460
5756
1900
4200
-6744
-2428
-2824
-5020
6076
3068
5840
11560
1960
4168
996
-7064
496
-4332
-1072
7888
3188
9852
10328
796
5796
-2872
-5956
-12
-6452
2044
6060
2680
11396
5948
1312
5016
-5872
-2972
-860
-4756
6424
4828
6216
12440
3132
3620
1968
-7440
-372
-4748
-2332
7164
2224
8716
9948
416
5648
-2484
-6100
976
-5784
2372
7148
2932
11972
7048
1264
5516
-6348
-3596
-1592
-5824
5152
4384
4264
12276
2896
3224
2528
-7068
-328
-3288
-2232
7480
3460
8832
10920
1164
5760
-1764
-6556
364
-6628
872
6796
1988
10976
7184
796
5536
-5372
-3800
-88
-5464
5380
5680
5072
12676
4060
3428
3252
-7276
-1208
-3912
-3536
6804
2444
7488
10664
852
4920
-1056
-6884
616
-5560
748
7544
2936
11272
8436
1168
6188
-4864
-4256
-816
-6104
4208
5012
3476
12152
3936
2584
3332
-6864
-1540
-2684
-3440
7148
3516
7760
11512
2120
4912
-88
-7092
184
-5740
-528
7144
1820
10208
8596
488
5752
-4080
-4692
540
-5884
4316
6564
4120
12780
5336
2500
4372
-6804
-2204
-2808
-5032
6376
2912
6116
11040
2016
3992
616
-7060
356
-4508
-372
7692
3136
10548
9528
1316
5832
-3624
-5408
-64
-6856
2896
5676
2800
11280
5088
1380
4384
-6644
-2628
-1352
-4520
6568
5008
6628
12740
3240
4424
1740
-7092
72
-5132
-1656
7084
2084
8868
9344
272
5500
-3140
-6044
772
-6076
2808
7056
3648
12144
6696
1828
5432
-6244
-2840
-1640
-5372
5708
3864
5220
11744
2148
3556
1552
-7628
152
-4292
-1868
7824
2988
9656
10452
880
6104
-2220
-6296
700
-6540
1788
6476
2160
11448
6416
668
5124
-5928
-3504
-932
-5104
5560
5276
5312
12744
3724
3720
2620
-7180
-704
-4128
-2972
7328
2148
8332
9976
736
5272
-1900
-6560
672
-5708
1684
7432
2996
11836
7780
1388
5628
-5496
-3640
-804
-6236
5028
4540
4236
12008
3248
2700
2876
-7268
-984
-3248
-2912
7576
3564
8640
11380
1672
5552
-1088
-6344
228
-6460
788
6528
2016
10412
7444
504
5256
-4788
-4692
-120
-5532
4468
6004
5048
12316
5192
2916
3704
-6720
-1388
-3428
-3792
6844
3016
6840
11164
992
4480
-372
-7080
552
-5212
196
7808
3184
10476
9280
1056
5816
-3932
-4544
-380
-6200
3436
5736
3332
11552
4644
1636
3940
-6996
-1992
-2108
-4128
6944
4168
7092
12276
2100
4900
520
-7008
328
-5724
-852
7348
1688
9720
8636
260
5452
-3836
-5376
360
-6076
3848
6700
3860
12740
5968
2348
4852
-6168
-2260
-2136
-5116
6536
3588
5724
11628
1564
3676
928
-7568
-32
-4808
-1196
7536
2968
9964
10380
1040
6384
-3152
-5252
284
-6336
2772
6440
2476
11540
5628
1032
4712
-6384
-3276
-1504
-4992
5816
4748
5928
12500
2920
4152
2008
-7068
-12
-4508
-1948
7400
2296
8712
10268
444
5456
-2344
-6408
764
-5768
2136
7084
3284
11828
7272
1424
5200
-5512
-3396
-1260
-5832
5416
4000
4700
11680
2776
3048
2320
-7756
-328
-3980
-2056
7652
3136
9304
11072
1404
5828
-1480
-6168
588
-6680
1632
6500
2208
10700
6464
524
4764
-6200
-3644
-1036
-5636
5464
5232
5252
12652
4016
3900
3456
-6972
-232
-3428
-3200
7464
2528
7792
10612
380
4956
-1932
-7204
236
-6092
968
7272
2720
11704
7964
1308
6184
-4652
-3664
-504
-5812
5076
5132
3960
12040
3100
2476
2776
-7592
-1268
-3760
-3244
7388
3148
8080
11604
1304
5556
-772
-6568
840
-5836
544
7316
1968
10488
7644
516
5580
-5108
-4364
-288
-5940
4508
5756
4460
12604
4400
3152
3852
-6896
-868
-3228
-3728
7056
2888
7348
10868
740
4728
-1164
-6996
256
-5836
564
7648
2640
11444
8660
1516
6208
-4256
-4132
-24
-6152
4200
5452
3620
11924
3764
1904
3332
-7208
-2112
-2924
-4060
7208
3696
7688
12120
1900
5384
188
-6668
952
-5532
-252
7576
1888
10320
8212
-208
5572
-4500
-5608
-132
-6136
3800
6256
3856
12884
5420
2728
4720
-6292
-1456
-2356
-3804
6684
3564
6648
11392
1164
4108
-124
-7508
-172
-5508
-768
7752
2328
10372
9752
564
6256
-3752
-4768
592
-6348
3696
6168
3276
12092
4756
1388
4112
-7200
-2360
-2680
-4532
6580
3980
6644
12156
2320
4940
668
-6540
700
-5380
-624
7456
2292
9816
8588
100
5528
-4084
-5788
-220
-6104
3208
6368
3864
12432
6096
2224
4844
-5988
-2012
-1892
-4576
6508
3636
6056
11588
1676
3712
416
-7864
4
-5380
-1284
7756
2472
10068
10312
1076
6644
-3272
-4680
668
-6172
3220
6472
3000
11692
5080
1204
4280
-6944
-3396
-2016
-5320
5944
4220
5860
12504
2628
4408
1964
-6916
472
-4360
-1344
7780
2388
9332
9456
284
5396
-3360
-6340
32
-6520
2516
6508
2936
12180
6500
1784
5648
-5784
-2248
-1180
-4800
6056
4536
5660
11924
2180
3644
1344
-7800
-784
-4472
-2288
7620
2456
9168
10588
904
5784
-1968
-5528
836
-6064
2356
6784
2792
11408
6080
920
4764
-6360
-3612
-1384
-5788
5968
4664
5192
12708
3296
3704
2696
-6716
-180
-3724
-2280
7600
2724
8388
9952
596
4944
-2144
-6980
300
-6268
1640
7008
2712
11844
7728
1448
5820
-5000
-3092
-432
-5656
5692
5016
4976
12072
2976
2768
2336
-7952
-1272
-4048
-3304
6988
2936
8140
11132
1332
5504
-948
-6164
824
-5768
1652
7068
2876
11192
7544
532
5616
-5744
-4252
-1184
-6148
4816
4964
4172
12692
3800
3268
3692
-7012
-452
-2964
-3532
7220
3328
7588
11020
1044
4800
-856
-7232
184
-5904
152
7272
2788
10704
8724
820
6200
-3880
-4292
320
-5940
4468
5904
3880
12172
4120
1560
3764
-7644
-2412
-2844
-4636
6848
3200
7152
11796
1748
5240
344
-6224
1072
-5260
-48
7744
2476
10236
8548
440
5360
-4532
-5656
-616
-6472
3196
5680
3468
12232
5580
2404
4648
-6076
-1244
-1884
-3924
6888
4248
6408
11852
1588
4124
392
-7592
-108
-5800
-1420
7448
2016
9876
9556
628
6264
-3024
-5324
1044
-6152
3352
6680
3236
12044
5688
1412
4588
-6720
-3160
-2152
-5204
5928
3788
5872
12256
2416
3996
1916
-7076
476
-4420
-1512
7644
2468
9508
9884
248
5376
-2932
-6708
344
-6724
2148
6536
2648
12060
6632
1724
5588
-5440
-2620
-780
-4952
6088
4572
5552
11952
2636
3396
1764
-7776
-588
-4912
-2472
6940
2596
8908
10672
1176
5928
-1496
-5728
1280
-5776
2288
7004
3056
11556
7012
556
5184
-6332
-3944
-1540
-6456
5012
4384
4380
12140
3444
3232
3124
-6920
-40
-3268
-2288
7544
3508
8628
10768
1192
5416
-1868
-6864
292
-6808
912
6700
2296
11016
7336
832
6188
-5284
-3284
-196
-5548
5172
5796
4904
12440
3812
2888
3004
-7380
-1632
-3828
-3468
6560
2976
7736
10908
1524
5352
-556
-6388
976
-5504
1188
7132
2796
10936
7820
612
5600
-5108
-4784
-692
-6676
4408
5020
3968
12140
4820
2732
4040
-6388
-936
-2440
-3280
7148
3532
7752
11344
1388
4396
-304
-7760
-104
-6344
-644
7044
2024
10332
8756
832
6084
-3648
-4404
964
-5660
4444
6272
4420
12356
5100
2116
4268
-7312
-2452
-2916
-5320
6384
2904
6468
11556
1792
4484
1076
-7200
1112
-4720
-92
7816
3140
10372
9460
684
5688
-3860
-5712
-292
-7060
3076
5692
3056
11640
5312
1752
4656
-6352
-2108
-1760
-4340
6304
4348
6788
11976
2432
4136
1208
-7548
-188
-5296
-1468
7132
2388
9356
9900
792
5948
-2912
-5328
884
-5928
3092
6628
3652
12104
6224
1604
4676
-6512
-3128
-2460
-5304
5480
3816
5608
11892
2732
4044
1788
-6932
372
-4216
-1424
7804
3080
9336
10036
704
5640
-3036
-6256
12
-6896
2040
6224
2416
11648
6272
1332
5432
-5660
-2528
-904
-4812
6052
4948
6080
12292
3068
3760
1660
-7200
-576
-5192
-2300
6900
2288
8740
10352
516
5808
-2176
-5872
1296
-5764
2116
7400
3344
11540
7284
1300
4928
-5964
-3588
-1712
-5700
4672
4484
4632
11908
3168
3220
2736
-6952
-220
-3400
-2108
7600
3556
8876
10824
940
5608
-2212
-6788
296
-6880
976
6728
2008
11164
7180
608
5732
-5272
-3584
-108
-5364
5516
5432
5468
12612
3832
3228
2644
-7180
-892
-4360
-2940
6968
2436
8096
10540
740
5652
-1684
-6280
1100
-5700
1592
7260
2940
11756
7560
1084
5640
-5652
-4180
-1304
-6216
4780
4464
4328
12136
3532
2868
3168
-7040
-256
-3320
-2660
7740
3688
8320
11480
1160
5376
-1176
-6980
200
-6752
468
6612
2084
10452
7708
520
5740
-4916
-3924
44
-5500
5152
5864
4764
12864
4340
2996
3480
-7288
-1052
-3888
-3976
6932
2668
7108
11300
804
5084
-500
-6872
1108
-5372
592
7928
2920
10968
8652
828
5756
-5084
-4664
-852
-6540
3992
5080
3376
11992
3892
2700
3396
-6872
-1020
-2304
-3652
7476
3852
7860
11516
1708
5088
-504
-7080
244
-6148
-276
7092
1792
10348
8272
316
5792
-4468
-4592
432
-5620
4288
6436
4516
12424
5228
2272
3932
-6696
-1868
-3016
-4432
6728
3168
6656
11136
1252
4492
-24
-7132
552
-5244
64
7820
2604
10956
9204
808
6100
-3872
-5096
8
-6724
3844
5720
3228
11868
4688
1824
3896
-7040
-1836
-2292
-4104
6952
3908
7600
11868
1900
4812
72
-7292
144
-5924
-552
7076
2052
9724
8764
548
5800
-3812
-4820
548
-5800
4160
6484
4384
12372
5708
2364
4176
-6756
-1944
-3088
-4732
6220
3056
6100
11408
1312
4628
116
-7380
600
-4924
-352
7900
3068
10600
9544
936
6032
-3660
-5620
52
-6620
2892
5788
2636
11700
4932
1700
3912
-6684
-2300
-2072
-4028
6692
4384
7020
12516
2632
4600
792
-7104
160
-5472
-1052
7328
2196
9476
9012
272
5456
-3816
-5616
408
-5788
3320
6476
3820
12628
5764
2012
4832
-6500
-2264
-2324
-5072
6356
3584
5724
11924
1816
4172
1060
-7356
448
-4620
-904
7724
2984
10028
9932
756
5792
-3508
-5584
-36
-6724
2620
6064
2448
11740
5692
1540
4608
-6340
-2596
-1160
-4644
6600
4716
6560
12400
2860
4384
1336
-7164
-196
-5288
-1808
7144
1708
8788
9404
156
5740
-3108
-5676
768
-5752
3032
7272
3968
12108
6892
1904
4760
-5940
-2692
-1876
-5476
6008
3624
5272
11356
2060
3472
1320
-7648
-292
-4340
-1468
7652
3024
9748
10304
1184
5884
-2624
-5796
400
-6696
2596
6348
2448
11476
5784
908
4928
-6784
-2788
-1308
-4924
6232
4796
6124
12700
2976
4224
2044
-7288
-152
-4996
-2276
7260
2036
8696
9812
152
5840
-2976
-6008
796
-5812
2436
7308
3484
12148
7168
1516
5248
-5804
-3084
-1556
-5624
5556
4040
5220
11596
2288
3464
1616
-7800
52
-4380
-1764
7912
2932
9580
10772
1156
6064
-2288
-5700
144
-6332
1896
6384
2348
11076
6012
952
4680
-6332
-3692
-1224
-5064
5872
4908
6084
12692
3172
4412
2092
-6800
-168
-4932
-1948
7472
2076
8528
9632
456
5352
-2812
-6364
600
-5804
1988
7392
3492
12052
7176
1460
5404
-5592
-2936
-1604
-5236
5668
4380
5072
11836
2388
3476
1572
-7744
-260
-4388
-1756
7608
2984
9380
10440
1148
5892
-2528
-5872
432
-6512
2192
6596
2504
11264
6164
1152
4692
-6152
-3488
-1260
-4964
6004
4960
6280
12376
3364
4072
1904
-6924
-100
-4560
-2208
7528
2236
8584
10080
16
5288
-2568
-6652
564
-6092
2372
7260
3388
12412
7060
1768
5264
-5828
-2780
-1404
-5500
5828
4060
5324
11560
2060
3268
1244
-7752
-184
-4552
-1484
7460
2892
10068
10128
1444
6060
-2628
-5716
556
-6376
2732
6188
2684
11552
5532
1060
4532
-6536
-3232
-1400
-4952
6188
4580
6368
12524
3056
4392
1648
-7328
520
-4936
-1580
7592
1880
9452
9384
-136
5536
-3596
-6224
628
-6448
3200
6476
3596
12484
6196
2072
5060
-6340
-2124
-2088
-4920
6604
3556
5952
11836
1412
4040
476
-7736
48
-4916
-1252
7896
2864
9876
10196
1116
6064
-3256
-5408
428
-6308
3280
6204
3036
11804
4944
1440
4260
-7092
-2268
-2356
-4568
7156
3940
7232
12332
2364
5116
980
-6896
468
-5400
-724
7308
2244
9436
8864
104
5288
-4236
-5420
-128
-6236
3828
6308
3916
12636
5432
2624
4476
-6864
-1392
-2760
-4196
7288
3048
6768
11412
976
4352
-572
-7724
156
-5932
-336
7808
2568
10916
9212
1204
5904
-3840
-4288
180
-6252
4592
5976
3764
12124
4048
2000
3056
-7396
-1716
-3120
-3884
7280
3512
7816
11476
1788
5472
-676
-6408
876
-5992
784
7424
2292
10976
7556
316
5356
-5472
-4804
-616
-5852
5072
5352
4824
12800
4288
3160
3352
-6884
-772
-3272
-3320
7496
2808
7888
10660
396
4820
-1784
-7416
256
-6120
948
7212
2876
11732
8008
1156
5840
-5180
-3344
-748
-5456
5740
4828
5068
12028
2836
3148
1860
-7852
-760
-4096
-2576
7672
3072
9140
10544
1420
5624
-2208
-5568
620
-6436
2544
6576
2872
11808
5892
704
4920
-6768
-3532
-1752
-5428
6272
4516
6000
12380
2820
4384
1584
-7028
320
-4628
-1484
7416
2520
9556
9172
212
5288
-3808
-6192
-236
-6428
3124
6728
3664
12588
5884
2328
5028
-6528
-1692
-1892
-4404
6952
3568
6828
11588
1292
4148
-120
-7960
-104
-5840
-412
7656
2412
10840
9352
596
6264
-3792
-4704
428
-6092
4696
6044
3804
12544
3980
1980
3428
-7708
-1908
-3540
-3596
7204
3100
7992
11320
1268
5728
-1272
-6396
836
-6116
1292
7532
2388
11332
7368
612
5240
-5976
-4016
-992
-5860
5436
5448
4840
12928
3700
3692
2848
-7048
-312
-3800
-2120
7572
2664
8688
9912
308
5008
-2988
-6628
240
-6696
2456
6888
2844
12176
6892
1532
5524
-5932
-2216
-1160
-5132
6500
4580
5972
12080
1920
3568
680
-8248
-324
-5424
-1208
7444
2600
10140
9616
864
5896
-3480
-4788
612
-5976
4076
6360
3732
12356
4916
1744
3940
-7496
-2320
-3068
-4444
6976
3420
7268
11756
1632
5128
-232
-6712
1080
-5396
884
7532
2728
11116
7576
640
5328
-5552
-4456
-1144
-6376
5088
5296
4820
12420
3688
3324
2980
-7072
-260
-3640
-2472
7828
2924
8864
10412
348
5120
-2848
-6760
284
-6592
2060
6852
2912
12256
6532
1596
5176
-5896
-2356
-1172
-4736
6732
4556
6316
12056
1704
3860
484
-8080
-12
-5664
-1088
7716
2236
10368
9372
584
6384
-3936
-4572
620
-6136
4440
6184
4316
12556
4408
2012
3328
-7880
-2060
-3416
-4036
7196
3052
7676
11500
1288
5436
-916
-6688
1212
-6020
1508
7588
2744
11684
7336
248
5500
-6256
-4284
-1116
-6232
5828
4524
4948
12872
3040
3740
2448
-7416
572
-4288
-1804
8160
2352
10048
9904
104
5920
-3508
-6368
108
-6928
3204
6356
2948
12764
5716
2128
4660
-6500
-1700
-2068
-4384
7448
3656
7460
11560
1220
4708
-740
-7780
-28
-6236
32
7696
1944
11284
8356
748
5900
-4668
-4348
100
-5776
5372
5576
4984
12624
2972
3012
2320
-8232
-860
-4556
-3136
7676
2272
8848
10944
220
6032
-2228
-5980
1172
-6268
2912
7220
3080
12580
6092
1096
4796
-7024
-3044
-2212
-5596
6608
3468
6188
11992
1864
4736
640
-7200
1148
-5140
-200
8076
2644
11040
8696
416
5512
-4780
-5580
-568
-6604
4332
5040
4060
12548
4140
2692
3604
-7304
-644
-3008
-3132
7844
3364
8576
11216
608
5236
-2012
-7224
384
-6876
1532
6776
2480
11940
6872
1192
5584
-5772
-2940
-848
-5460
6564
4508
5972
12496
2180
3904
1020
-8028
56
-5668
-1848
7792
2028
9952
9732
652
5916
-3296
-5272
740
-5928
3908
6324
4252
12292
4960
2000
3628
-7304
-2348
-3056
-4616
6828
3232
7180
11732
1268
4884
-328
-6820
1100
-5728
1116
7652
3200
11596
7620
640
5232
-5712
-4512
-980
-6824
5372
4188
4896
12560
3160
3148
2784
-7672
292
-3660
-1636
8032
3260
9756
10640
420
5660
-3140
-6248
152
-7076
2808
6184
3016
11792
5964
1632
4760
-6864
-1912
-2004
-4324
6816
3844
7252
12216
1740
4492
296
-7880
148
-5952
-800
7524
2004
10336
8768
368
5952
-4168
-4772
392
-5768
4608
6088
4664
12620
4652
2152
3300
-7752
-1564
-3804
-3656
6968
2836
8004
11224
952
5288
-872
-6836
1128
-5632
1552
7668
3088
11748
7508
1056
5136
-6004
-4052
-1596
-5864
5244
4624
5144
12188
2660
3660
2000
-7412
144
-3848
-1412
7872
3188
9856
10088
600
5560
-3536
-6404
-24
-6844
2772
6016
2976
11856
5412
1536
4488
-6600
-1772
-1604
-4164
7228
4208
7452
12108
1892
4552
-64
-7576
56
-5788
-572
7160
2388
10452
8376
848
5360
-4408
-4476
48
-5648
5068
5936
4868
12848
4252
2772
3156
-7760
-1272
-3832
-3756
7160
2676
7828
10888
708
5420
-1424
-6520
904
-5452
1660
7332
3420
11780
7400
940
5188
-6104
-3872
-1672
-5752
5396
4216
5176
12076
2640
3464
1808
-7436
296
-4272
-1180
7716
3236
10020
10204
464
5760
-3504
-6036
-160
-6916
2888
6132
3152
11648
5772
1280
4764
-6544
-2112
-1380
-3952
7148
4732
7184
12492
1852
4812
112
-7672
104
-6196
-988
7396
1800
10064
8352
-8
5396
-4428
-5072
320
-5512
4988
6168
4804
12700
4836
2644
3540
-7384
-1400
-3992
-3748
7228
2312
7756
10624
616
5296
-1588
-6804
1136
-5724
1880
7684
3260
12088
7544
1076
5396
-6076
-3588
-1404
-6076
5732
4004
5052
12116
2600
3640
2100
-7544
128
-4000
-1508
8116
2984
9892
10356
696
5688
-3432
-5880
96
-6808
2628
6260
2508
11996
5460
1324
4616
-6552
-2548
-1496
-4460
7184
4452
7148
12224
2160
4692
352
-7392
248
-5948
-316
7116
1916
10308
8448
340
5524
-4692
-4860
252
-5852
4676
6220
4716
12724
4864
2844
3568
-7472
-1380
-3640
-3476
6948
2712
7684
10692
908
4920
-1384
-6760
772
-5616
1616
7316
3116
11704
7720
1080
5396
-5400
-3892
-1168
-6064
5212
4668
4548
12100
2788
3128
2164
-7752
-192
-3964
-2084
7944
3068
9724
10596
812
5832
-2628
-6176
172
-6888
2484
6236
2500
11544
5948
1200
4808
-6612
-2760
-1336
-4696
6824
4824
6768
12344
2468
4316
1268
-7756
-100
-5428
-1108
7352
2108
9456
9080
224
5776
-4064
-5084
208
-5712
3828
6384
4328
12708
5404
2364
3864
-6916
-2016
-3436
-4384
6816
2884
6752
11292
1088
4864
-264
-7164
748
-5192
352
7944
3316
11056
8656
976
5616
-4796
-4816
-736
-6464
4240
5236
3884
12128
3656
2620
3248
-7268
-1252
-2904
-2940
7488
3752
8592
11648
1284
5632
-1484
-6672
532
-6456
1204
7064
1988
11212
6792
560
5096
-5968
-3908
-544
-5396
5816
5012
5636
12908
3556
3556
2236
-7256
-448
-4664
-2536
7144
2316
8496
9948
232
5268
-2856
-6232
552
-5872
2320
7288
3356
12356
6488
1844
4924
-6060
-3100
-1848
-5284
6080
4088
5708
11772
2052
3700
952
-7588
32
-4508
-1360
8028
3008
10216
10236
1000
5984
-3180
-5440
68
-6504
3268
5832
2808
11716
4876
1524
3708
-7044
-2348
-2076
-4324
7000
4160
7220
12368
2092
4892
432
-7144
408
-5464
-688
7684
1920
10028
8360
96
5488
-4824
-5252
184
-6020
4100
6288
4536
12424
5188
2588
3920
-6840
-1368
-3216
-3804
7028
3028
7208
11276
716
4972
-796
-7524
568
-5660
684
7856
2680
11732
8496
960
6132
-5080
-4088
-484
-6316
4740
5144
3960
12156
3268
2728
2712
-7596
-1016
-3096
-3144
7824
3560
8668
11128
1172
5480
-1500
-6460
444
-6352
1444
6664
2300
11280
6504
756
4948
-6004
-3520
-1136
-5384
6196
4880
5872
12820
3196
4252
2108
-7248
-236
-4608
-2208
7536
2380
8772
9656
312
5196
-2856
-6512
584
-5856
2808
7076
3532
12404
6432
1748
4940
-6440
-2512
-1988
-5120
6148
3712
5656
11508
1548
3836
572
-7596
256
-4644
-860
8044
3028
10544
9916
796
6152
-3800
-5340
108
-6568
3764
5836
3224
12044
4384
1620
3812
-7372
-1884
-2492
-3900
7296
3928
7596
12200
2120
4576
216
-6996
740
-6068
408
7360
2228
10540
7852
528
5428
-5420
-4672
-524
-5828
5076
5704
4796
13148
4024
3252
3220
-7380
-672
-3624
-3584
7688
3052
7672
10708
216
5220
-1976
-7240
600
-5964
1528
7632
2912
12028
7488
1432
5612
-5708
-3140
-1488
-5456
6048
4000
5216
11996
1932
3436
1308
-8084
-124
-4832
-1644
7940
2660
9880
10432
1124
6012
-2880
-5276
344
-6332
3040
6528
2964
11620
5236
1344
3928
-6872
-2732
-2224
-4652
6752
4140
7136
12228
2304
4952
432
-6724
584
-5324
-312
7704
2032
10364
8140
60
5356
-4996
-5244
-504
-6304
4276
5992
4240
12980
4868
2784
3708
-6756
-804
-3184
-3512
7596
2844
7772
10992
596
4964
-1312
-7428
400
-6228
1088
7384
2780
11784
7880
1100
5512
-5136
-3496
-932
-5468
5628
4828
4948
11980
2856
3332
1856
-7780
-384
-4316
-2224
8004
2744
9336
10792
568
5888
-2728
-5936
480
-6644
2904
6596
2936
11668
5644
1312
4324
-7348
-2580
-2324
-4596
6764
4248
7040
12404
2504
5004
820
-7056
580
-5552
-196
7324
2224
10456
8160
180
5108
-4980
-5304
-468
-6256
4508
6032
4424
12808
5044
3100
3992
-6752
-676
-3088
-3240
7548
3060
7856
10916
428
4808
-1820
-7352
300
-6332
1260
7156
2552
11932
7584
1376
5616
-5520
-3384
-856
-5536
5820
4736
5152
12304
2236
3464
1284
-7872
-588
-4672
-2068
7620
2708
9612
10376
920
5788
-2868
-5512
588
-6092
3104
6908
2928
12108
5312
1304
4232
-6988
-2716
-1968
-4776
7072
3776
7152
12364
2120
4852
752
-7248
1120
-5580
196
7780
2108
10448
8316
-152
5304
-5436
-5388
-456
-6604
4712
5496
4692
12832
4336
3476
3268
-6724
-440
-3516
-2788
8012
2664
8648
10608
192
4948
-2552
-7240
204
-6776
1664
7068
2716
12116
6980
1724
5248
-5820
-2484
-1580
-5036
6720
4340
6092
12032
1764
4000
912
-8132
-76
-5184
-1496
8096
2212
10536
9932
564
6116
-3820
-5144
600
-6148
4360
6228
3652
12552
3960
2256
3272
-7760
-1788
-3348
-4116
7320
2876
8060
11768
1012
5456
-816
-6788
1104
-6052
1312
7916
2236
11612
7020
492
5180
-6308
-4292
-1136
-6012
5804
4828
5228
12716
2928
4128
1780
-7104
272
-4432
-1408
8116
2664
9956
9564
376
5624
-3744
-6408
8
-6636
3232
6228
3592
12416
5492
2244
4408
-6888
-1524
-2572
-3868
7152
3640
7656
11236
1164
4820
-1116
-7500
-4
-6020
544
7364
2404
11508
7952
688
5868
-5280
-3544
-708
-5648
5608
5056
5128
12380
2856
2976
1872
-8268
-820
-4804
-2028
7668
2532
9308
10504
760
6080
-2888
-5416
888
-6060
3476
6648
3356
12288
5168
1420
4124
-7748
-2488
-2916
-5016
7144
3540
6988
12232
1468
5204
276
-7200
1148
-5192
656
8020
2556
11160
7912
548
5048
-5824
-4720
-1156
-6440
5152
4784
4692
12636
3284
3396
2408
-7412
-180
-3932
-1992
7988
3104
9352
10560
88
5788
-3396
-6560
296
-6768
3144
6392
3072
12576
5720
1688
4940
-7084
-1640
-2224
-4236
7244
3616
7472
11700
1204
4676
-728
-7864
316
-6544
496
7296
2348
11548
8088
748
6092
-5116
-3668
-64
-5628
5884
5436
5380
12376
3168
2876
1800
-8084
-920
-5080
-2476
7212
2296
9504
9964
872
5796
-2632
-5612
980
-6092
3776
6872
3816
12704
5588
1460
4296
-7252
-2720
-2616
-5008
6864
3544
6960
11896
1672
4892
32
-7116
1128
-5588
628
7688
2984
11132
8044
576
5172
-5668
-4444
-1340
-6268
5032
4916
5172
12588
3572
3384
2572
-7224
-8
-4088
-1812
7948
2876
9372
10156
312
5356
-3248
-6820
-12
-7112
2672
6304
2932
12344
5732
1796
4844
-6628
-1700
-1752
-4112
7320
4112
7648
11780
1572
4852
-664
-7796
4
-6412
68
7128
2152
11052
7896
712
5704
-5092
-4116
24
-5756
5708
5588
5476
12556
3580
3136
2528
-8040
-796
-4620
-2656
7476
2348
9096
10276
476
5788
-2632
-6276
976
-6720
3368
6828
3532
12536
5672
1656
4236
-7388
-2524
-2832
-4740
6820
3112
7428
11604
1900
4976
-120
-6892
1116
-5408
708
7572
3032
11180
7952
324
5320
-5820
-4780
-1124
-6704
5144
4944
4760
12540
3312
3440
2600
-7272
68
-3764
-1444
8364
2940
10048
10352
728
5488
-3636
-6280
-312
-7352
2752
5968
3068
12016
5160
1936
4276
-6832
-1756
-1884
-4048
7576
4136
7900
12220
1724
4788
-468
-7820
252
-6368
96
7152
2092
10852
7732
648
5628
-5444
-4164
-332
-5624
5632
5384
5664
12712
3660
3492
1976
-7800
-392
-5040
-2104
7544
2396
9356
10084
412
5828
-3060
-5548
844
-6232
3504
6576
3864
12756
5264
1840
3984
-7496
-2368
-3644
-4604
6708
3056
6968
11612
1272
5136
-576
-6852
1040
-5604
1404
7900
3040
11600
8024
1048
5212
-5956
-4152
-1532
-6352
5140
4468
4888
12256
2832
3540
1804
-7540
200
-4052
-1308
7920
3304
10300
9884
932
5744
-3696
-5812
-200
-6900
3640
5540
3200
12308
4860
1920
3952
-7348
-1488
-2416
-3680
7540
3908
7912
11892
1204
5092
-1136
-7300
180
-6256
764
7160
2364
11296
7228
1012
4992
-5872
-3488
-972
-5100
6132
4840
6572
12484
2988
3880
1216
-7796
-292
-5416
-1532
7692
1940
10064
9204
232
5748
-3856
-5532
888
-5912
4448
6660
4540
12960
4932
2304
3648
-7612
-1760
-3648
-3980
7248
2624
7876
10720
804
4972
-1384
-6852
968
-6096
2416
7652
3320
12168
7124
1420
4788
-6152
-3232
-2040
-5848
6080
3800
5948
11832
1704
4008
448
-7436
336
-4892
-232
8056
3064
11268
9180
1040
5864
-4540
-5108
-368
-6884
4588
5048
4052
12336
3788
2424
2960
-7732
-688
-3208
-2576
7988
3520
9308
10948
1196
5320
-2240
-6412
232
-6496
2052
6616
2908
11644
5896
1248
4660
-6556
-2860
-1660
-4548
6736
4456
7224
12068
2044
4564
-84
-7796
344
-6240
12
7228
2160
10828
8040
808
5580
-5284
-4432
-100
-5636
5520
5436
5748
12620
3664
3612
2180
-7748
-648
-4788
-2540
7336
2108
9100
9916
364
5660
-2984
-5768
952
-5832
3412
7068
3916
12840
5904
1980
4316
-7068
-2376
-3268
-4800
6648
2964
7020
11096
1212
4352
-568
-7368
808
-5456
1084
7684
3264
11624
8228
1048
5368
-5244
-4384
-1100
-6256
5480
4488
4928
11756
2816
3320
1612
-7872
-196
-4008
-1524
8136
3160
10360
10604
864
5884
-3440
-5832
160
-6936
3264
6020
3172
12008
4880
1380
4244
-7368
-1796
-2288
-3712
7776
3776
8088
12136
1524
5228
-1096
-7116
540
-6596
1060
7296
2276
11064
6956
544
5084
-5932
-3976
-960
-5204
5924
5168
6196
12644
3156
4192
1776
-7376
-144
-5060
-1684
7544
2088
9660
9184
24
5496
-3968
-6100
448
-5916
3648
6840
4304
12688
5572
2496
3724
-6828
-1660
-3196
-3724
7160
3064
7612
10876
724
4992
-1500
-7024
636
-5464
1556
7664
3264
12064
7792
1432
5200
-5764
-3496
-1892
-5592
5852
3932
5624
11756
2400
3492
1072
-7660
80
-4952
-796
7944
2860
10604
9656
984
5928
-4264
-5240
-260
-6972
3996
5444
3536
11960
4220
2104
3088
-7416
-1404
-2788
-2984
7636
3792
9096
11624
1376
5664
-1536
-6680
792
-6724
1532
7080
2044
11380
6352
924
4712
-6496
-3580
-1388
-5032
6592
4792
6852
12540
2700
4600
956
-7292
264
-5452
-632
7848
1964
10368
8360
240
5428
-4860
-5552
-128
-6140
4580
5884
4904
12608
4792
3040
3220
-7280
-1064
-3928
-3172
7568
2756
8288
10380
420
5252
-2588
-7020
740
-6276
2768
7308
3564
12620
6948
1796
5020
-6164
-2724
-2000
-5308
6512
3488
6256
11500
1448
4160
-24
-7780
364
-5528
352
8140
2652
11448
9264
1180
5740
-4740
-4472
-548
-6600
5144
5048
4196
12040
3132
2732
2124
-8000
-932
-3920
-2416
7952
3352
9584
10948
1372
5788
-2660
-5744
516
-6800
2964
6792
2820
11840
5464
1112
4220
-7088
-2708
-2164
-4736
7296
3812
7748
12100
2136
5212
-12
-7068
1052
-6124
608
7768
2100
10952
7660
364
5180
-5748
-4668
-604
-5984
5432
5356
5476
12748
3760
3804
2084
-7200
-68
-4896
-1788
7820
2088
9552
9640
-12
5600
-4008
-6240
372
-6420
3808
6636
3768
12976
5448
2488
4252
-7016
-1564
-3040
-3832
7228
3024
7400
10900
700
4764
-1380
-7580
440
-5824
1224
7696
3352
12072
7912
1868
5508
-5432
-3164
-1320
-5612
6128
4124
5472
11696
2056
3380
648
-7928
-316
-5060
-1424
8156
2760
10356
10244
1156
6012
-3512
-5160
-96
-6396
4280
5856
3632
11916
3932
1760
3100
-8040
-1628
-3428
-3436
7732
3188
8816
11660
1020
5712
-1456
-6380
896
-6496
2264
7100
2428
11856
6076
956
4488
-6684
-3508
-1924
-5004
6588
4492
6868
12780
2524
4916
652
-7084
624
-5468
-556
7872
2088
10628
8232
328
5324
-5280
-5268
-396
-6188
4944
5628
4860
12872
4160
3376
2880
-7452
-400
-3968
-2276
7512
2756
9136
9736
448
5024
-3008
-6768
300
-6244
3156
6868
3880
12912
6352
1996
4792
-6276
-2032
-2368
-4512
7120
3356
6892
11148
928
4432
-1204
-7992
540
-5976
740
8144
2876
12212
8428
1336
5932
-4980
-3724
-368
-6024
5856
5112
4880
12028
2268
3024
1204
-8416
-816
-4840
-2052
8152
2880
10268
9920
1180
6060
-3452
-5116
720
-6308
4020
6628
3536
12284
4276
1876
3132
-7692
-2296
-3312
-3948
7488
3164
8184
11648
1408
5572
-1044
-6796
1040
-6236
1804
7348
2496
11832
6704
588
4564
-6520
-3584
-1688
-4968
6168
4588
6292
12460
2692
4340
1036
-7344
456
-5264
-732
7840
2136
10452
8640
260
5404
-4916
-5672
-312
-6332
4684
5880
4388
12944
4340
3088
3168
-7084
-548
-3700
-2564
7760
2888
8728
10256
388
5192
-3292
-6664
-24
-6580
2528
6856
3220
12340
6692
1980
4872
-6064
-2244
-1512
-4520
6764
4184
6708
11584
1384
4276
-548
-7696
-24
-5844
8
7724
2488
11244
8632
972
6060
-4876
-4084
-304
-5864
5496
5408
4924
12304
2964
2928
1764
-8116
-760
-4760
-2444
7712
2700
9404
10660
712
6004
-2788
-5808
916
-6408
3544
6800
3248
12244
5308
1324
4124
-7708
-2404
-2644
-4804
7140
3916
7464
12276
1576
5228
-216
-7040
1220
-5996
1264
7544
2448
11424
7344
468
5124
-6272
-4132
-1388
-6232
6048
4816
5452
13104
2872
3960
2100
-7616
388
-4812
-1216
7788
2692
9876
9412
336
5272
-4484
-6300
-172
-6664
3868
5940
3840
12888
5016
2460
4492
-6832
-1168
-2624
-3428
7772
3188
8116
11148
640
4936
-2120
-7424
172
-6848
1360
7276
2612
12284
7160
1420
5768
-5952
-2436
-980
-5100
6484
4748
6208
12260
1992
3796
684
-8268
-280
-5688
-1268
7652
2492
10384
9232
648
5912
-4120
-4748
316
-6024
4900
5852
4508
12528
3892
2480
2836
-8152
-1576
-4216
-3348
7428
2876
8704
11056
1156
5424
-1724
-6308
964
-6036
2644
7084
3368
12060
6068
1252
4424
-7232
-3220
-2608
-5352
6908
3800
6864
12356
1936
4928
592
-7292
1268
-5620
576
8044
2464
11252
8020
332
5424
-5640
-5092
-1196
-6512
5056
4784
4928
12676
3612
3460
2768
-7408
148
-4212
-1924
7936
2920
9444
10052
440
5316
-3468
-6580
40
-6964
2852
6172
3132
12464
5524
2160
4568
-6740
-1936
-2056
-4256
7352
3808
7444
11936
1152
4696
-760
-7664
324
-6312
236
7664
2400
11268
8152
976
5872
-5164
-3724
-328
-5464
5840
4992
5564
12460
2660
3400
1652
-8188
-516
-5400
-2156
7636
2212
9840
10152
560
6160
-3172
-5560
828
-6324
3940
6576
3996
12460
4884
1932
3772
-7960
-2128
-3784
-4456
6824
2824
7640
11652
1188
5508
-792
-6628
1424
-5968
1644
8020
2736
11776
7660
676
5396
-6308
-4148
-1100
-6448
5312
4608
5256
12308
2828
3720
2044
-7520
308
-4056
-980
7988
3060
10368
9860
464
5524
-4244
-6056
-256
-7200
3936
5716
3224
12580
4544
2252
4028
-7404
-1060
-2552
-3608
7644
3548
8296
11820
968
5328
-1364
-7652
704
-6996
1216
7240
2012
11852
7320
864
5568
-6044
-3088
-760
-5504
6516
4860
6332
12432
2632
4020
924
-7744
-252
-5876
-1236
7228
2264
10076
9496
308
6108
-3824
-5328
800
-5844
4308
6568
4236
12796
4856
2096
3568
-7800
-2084
-3692
-4028
7156
2504
8168
10764
900
5492
-1508
-6528
1068
-6344
2436
7548
3124
12400
7144
1072
5204
-6564
-3508
-1840
-6060
6020
3748
5548
12300
2200
4004
1364
-7612
912
-4600
-780
8264
3128
10592
9584
568
5668
-4192
-5716
-284
-6808
3976
5332
3724
12380
4376
2376
3576
-7388
-860
-2932
-3160
7844
3212
8896
11288
844
5388
-1828
-7232
296
-6960
1384
6840
2288
11872
6696
1184
5196
-5936
-3108
-660
-5164
6656
4760
6444
12268
2684
3748
972
-7948
-372
-5504
-1424
7320
2224
9912
9368
576
5796
-3552
-5300
692
-5900
4212
6404
4464
12736
4868
2208
3820
-7908
-1688
-3616
-4180
7272
2640
8056
11172
928
5680
-1352
-6588
1340
-5856
2040
7408
3344
12016
7120
1116
5096
-6576
-3844
-1952
-5952
5516
3896
5516
12108
2476
3860
1488
-7472
612
-4568
-880
7744
3372
10240
9648
756
5740
-3780
-5876
-260
-6616
3460
5812
3512
12292
4928
2000
3688
-7020
-1264
-2552
-3304
7692
3640
8556
11552
1388
5256
-1516
-6996
280
-6788
1128
7024
2136
11360
7108
908
5284
-5592
-3600
-508
-5020
5960
5308
6092
12360
3148
3428
1464
-7816
-752
-5596
-1676
7260
2284
9592
9284
528
5660
-3236
-5436
940
-6032
3976
6968
4088
12700
5492
1928
4216
-7304
-2320
-3228
-4696
6844
3116
6984
11324
980
4880
-596
-7264
1116
-5488
1252
7664
3336
11688
7880
1136
5348
-5572
-4000
-1532
-6192
5184
4500
4720
11908
2740
3184
1932
-7548
-388
-3892
-1784
7912
3008
9784
10260
1072
5572
-3296
-6076
-8
-6832
2508
6076
2928
11776
5500
1492
4548
-6712
-2228
-1640
-4000
7128
4408
7584
12060
1768
4896
-172
-7576
108
-6344
96
7000
2064
10564
7920
416
5732
-5192
-4392
92
-5896
5484
5888
4992
13036
4064
3044
2592
-7752
-596
-4664
-2948
7420
2052
8588
10028
292
5520
-2304
-6416
1036
-6132
2868
7212
3788
12176
6904
1648
4760
-6664
-2884
-2244
-5500
6308
3404
6148
11432
1760
4172
232
-7156
492
-5160
228
7768
3304
11172
9188
1100
6032
-4672
-4808
-660
-6780
4480
5100
3732
12272
3668
2360
3372
-7948
-772
-3172
-2824
8016
3448
9044
11560
1268
5804
-1668
-6980
352
-6704
1844
6576
2192
11588
6152
572
5024
-6648
-3436
-1268
-5084
6628
4612
6608
12720
2888
4212
1080
-7476
252
-5736
-1184
7252
2060
9932
8948
88
5648
-4076
-5512
484
-5852
4460
6544
4732
12424
5340
2532
3756
-7416
-1688
-3520
-3716
6928
2936
7572
10860
696
5104
-1244
-6940
764
-5796
2060
7476
3732
11904
7812
1584
5284
-5924
-3460
-1876
-5804
5652
4152
5124
11984
2208
3244
1172
-7912
48
-4472
-1304
8272
2964
10548
10328
916
6152
-3432
-5548
176
-6740
3636
5968
3280
12084
4528
1744
3424
-7428
-1668
-2740
-3680
7336
3868
8152
12048
1380
5340
-888
-6896
516
-6296
860
7272
2244
11040
7272
548
5412
-5916
-4064
-716
-5268
5892
5504
5560
13016
3244
3528
1952
-7904
-468
-4820
-2412
7388
2176
9064
9540
232
5512
-3712
-5876
516
-5792
3604
6928
4232
12684
5888
2204
4384
-6988
-2020
-2992
-4516
6656
3092
6880
11000
1148
4380
-880
-7136
440
-5584
1232
7620
3128
11644
8324
1352
5760
-5280
-4012
-952
-5956
5404
4636
4724
12244
2832
3088
1776
-7904
-472
-4244
-1780
7868
3040
9924
10432
876
5956
-2996
-5860
160
-6632
3024
6172
2852
11888
5308
1456
4124
-7240
-2276
-2292
-4392
7228
4048
7412
12280
1832
4912
-80
-7432
524
-5916
-16
7760
1816
10688
7988
36
5508
-5296
-4784
-36
-5628
5440
5752
5500
12960
3944
3876
2380
-7272
-444
-4732
-2588
7688
1904
9100
9636
104
5256
-3272
-6584
584
-6260
2996
7080
3760
12644
6468
2100
4560
-6408
-2200
-2548
-4676
6632
3480
6444
11188
1172
4072
-600
-7944
260
-5512
40
7752
2820
11672
8736
1276
5812
-4856
-4216
-208
-6344
5508
5320
4448
12392
3116
2812
2244
-7736
-1128
-4072
-2344
7804
2912
9568
10744
1024
6036
-2596
-5972
768
-6436
2656
6724
2788
11932
5504
1280
4236
-6952
-2892
-2044
-4608
6916
4384
7340
12304
2144
5168
16
-6952
200
-5700
-4
7432
2052
10748
7756
284
5196
-5240
-5132
-208
-5832
5104
5672
5224
12916
4308
3324
3100
-6976
-796
-4116
-2728
7620
2512
8560
10044
272
5364
-3144
-6600
444
-6284
2608
7092
3660
12436
6588
2004
4984
-6192
-2600
-1820
-4988
6612
3756
6072
11720
1472
3688
184
-7884
-48
-5352
-316
7936
2920
11140
9140
1096
6140
-4320
-4520
-52
-6504
4820
5384
3848
12096
3508
2356
2692
-7900
-1332
-3632
-3128
7756
3124
8960
11448
1312
6148
-1896
-6120
840
-6508
2068
7188
2428
11792
5988
640
4728
-6784
-3520
-1612
-5128
6648
4836
6468
12752
2868
4512
1252
-7132
260
-5184
-760
7516
2464
9988
8548
524
4960
-4644
-5628
-500
-6232
4252
5776
4376
12752
4868
2896
3740
-6768
-952
-3364
-3368
7500
2804
8160
10596
636
4876
-2032
-7148
184
-6372
1392
7404
2816
12136
7696
1592
5816
-5428
-2980
-1084
-5424
6156
4740
5348
12360
2224
3212
1136
-8116
-544
-5072
-1452
7824
2736
10260
9888
892
5996
-3176
-5432
516
-6444
3752
6180
3432
12096
4388
1652
3412
-7548
-2344
-2900
-3988
7012
3684
7876
11932
1780
5300
-156
-6732
824
-5776
744
7356
2448
11036
7500
180
5040
-5772
-4840
-1020
-5812
5436
5264
5296
13028
3516
3712
2536
-6964
-252
-4288
-2068
8008
2448
9076
9804
44
5356
-3424
-6668
172
-6592
2868
6892
3440
12604
6220
2076
5164
-6556
-1800
-2004
-4560
7072
3580
6676
11640
948
4264
-536
-7900
-76
-6000
-248
7684
2180
11116
8720
956
6128
-4632
-4068
-112
-5860
5280
5540
4524
12472
3328
2504
2448
-8056
-1140
-4216
-3124
7548
2888
8652
11176
1080
6036
-2056
-6048
1000
-6336
2612
7448
3004
11916
6020
1064
4652
-6892
-3336
-1972
-5268
6172
4220
6492
12216
2520
4360
1088
-6852
224
-5104
-640
7560
2580
10224
8540
352
5288
-4664
-5572
-572
-6268
4068
6052
4188
12796
4752
2920
3768
-6656
-1044
-3040
-3156
7340
3324
7912
10812
632
4512
-2096
-7320
-200
-6008
1280
7092
2972
11920
7400
1484
5732
-5464
-2992
-724
-5244
6180
4904
5644
12284
2328
3364
1100
-8252
-952
-4896
-2000
7544
2472
9712
10012
588
6020
-3344
-5108
736
-6088
3864
6468
3744
12496
4772
2008
3816
-7548
-2168
-3148
-4396
6920
3260
7340
11840
1592
5352
-528
-6604
1052
-5764
976
7588
2696
11312
7668
516
5304
-5888
-4388
-1048
-6180
5308
5132
4800
12832
3584
3760
2708
-7184
12
-3948
-2188
7900
2760
9248
10084
-40
5432
-3396
-7016
124
-6572
2460
6776
2692
12596
6304
1924
4992
-6512
-1728
-1588
-4584
6928
3836
6736
11752
1352
4420
-392
-7956
-224
-6084
-624
7672
2356
10856
8892
896
6228
-4116
-4288
312
-5604
4580
6088
4504
12352
3716
2372
2680
-7840
-1920
-3780
-3596
7084
3072
8256
11212
1028
5652
-1616
-6028
1072
-5828
2300
7304
3252
11736
6592
932
4872
-6744
-3332
-2024
-5528
5916
4204
5932
12244
2332
4252
1560
-7508
552
-5144
-588
8016
2596
10388
9164
132
5616
-4600
-5548
-252
-6948
3996
5696
3656
12844
4668
2612
4144
-7088
-692
-3012
-3408
7880
3224
8104
11208
712
4904
-1376
-7648
172
-6548
928
6956
2536
11504
7576
1300
5620
-5344
-3064
-640
-5284
6308
4788
5928
12272
2584
3512
1364
-8384
-492
-5548
-2196
7508
2028
9708
9804
860
6020
-3064
-5328
1000
-6076
3984
6544
4156
12172
5344
1864
3932
-7480
-2092
-3456
-4648
6916
2840
7404
11648
1420
5176
-500
-6928
1332
-5600
972
7760
3016
11428
7948
928
5384
-5736
-4288
-1316
-6396
5044
4568
4916
12304
3244
3524
2516
-7648
-12
-4068
-1712
7576
3000
9464
10308
584
5428
-3292
-6200
-56
-7000
2924
5956
3072
12284
5696
1756
4928
-6604
-1832
-1940
-4288
6984
3992
7372
12016
1496
4352
-248
-7780
68
-6208
-364
7456
2032
10932
8828
500
6144
-4656
-3988
368
-5912
5548
5656
5044
12424
3800
2764
2380
-8060
-1020
-4780
-3412
7176
2300
8828
10652
600
5864
-2140
-6100
1068
-6028
2584
7380
3440
12112
6664
1112
4576
-6720
-3488
-2276
-5540
5944
3712
6184
11968
1916
4484
988
-7448
932
-4892
-264
8364
2716
10920
9088
616
5632
-4616
-5468
-564
-6904
4232
5140
4044
12220
4008
2776
3316
-7288
-572
-2920
-3064
8132
3532
8988
11160
1216
5108
-1896
-7124
116
-6632
1484
6596
2428
11508
6468
1236
5028
-5968
-3068
-1012
-4972
6544
4476
6700
12216
2528
3852
860
-7964
-220
-5740
-1424
7104
2248
9792
8980
688
5720
-4088
-4868
496
-5868
4668
6140
4708
12476
4696
2504
3428
-7588
-1488
-3940
-3656
7072
2680
8120
10688
1024
5268
-1748
-6504
1184
-6040
2244
7448
3376
12212
7144
1364
4924
-6208
-3688
-1888
-5620
5732
3984
5692
12208
2096
4128
1268
-7688
588
-4588
-880
8260
2696
10636
9228
652
5428
-4452
-5704
-504
-7024
4000
5520
3692
12004
4304
2616
3412
-7048
-836
-2996
-2748
7876
3456
9068
11252
1368
5488
-1784
-7052
344
-6972
1400
6492
2312
11508
6256
1148
4956
-6116
-3080
-1128
-4792
6620
4796
6936
12756
2624
4400
976
-7444
-164
-5512
-1044
7120
2084
10108
8608
96
5604
-4660
-5016
-220
-5928
4764
5912
4944
12808
4440
2764
3200
-7544
-1036
-3988
-3468
7428
2660
8492
10776
592
5508
-1976
-6860
924
-6012
2244
7488
3476
12212
6796
1852
4752
-6728
-3084
-2064
-5472
6536
3692
6256
12040
1852
4608
684
-7496
904
-5076
84
8336
2980
11304
9068
696
5732
-4824
-5312
-728
-6896
4520
4852
4104
12116
3380
2864
2528
-7580
-448
-3884
-2192
8316
3436
9764
11024
1092
5792
-2776
-6668
496
-7112
2444
6176
2572
11876
5532
1160
4296
-6764
-2816
-1724
-4252
7164
4112
7640
12324
2176
4952
128
-7248
572
-6308
312
7532
2024
10996
8044
548
5532
-5620
-4152
-460
-5668
5808
5276
5428
12592
3684
3244
2056
-7836
-652
-5084
-2512
7548
1932
9164
9988
452
5540
-3192
-6044
952
-6152
4104
6532
4360
12908
5388
2276
4028
-7384
-1992
-3456
-4584
7036
2684
7024
11320
880
4832
-796
-7220
920
-5344
1304
7768
3616
11976
7892
1548
5244
-5720
-3796
-1716
-6028
5552
4012
5284
11676
2280
3560
1084
-7880
84
-4672
-808
8200
3040
10980
9812
1008
5868
-4000
-5372
44
-6904
4016
5664
3572
12000
3996
2300
3096
-7728
-1296
-3384
-2936
7568
3612
8912
11152
1220
5548
-2040
-6796
504
-6676
2232
6832
2564
12012
6084
1292
4780
-6760
-2772
-1708
-4428
6984
4504
7232
12332
2196
4752
68
-7200
156
-6172
32
7208
1984
10724
8116
316
5444
-5292
-4528
-80
-5716
5552
5768
5332
13048
3764
3472
2472
-7832
-652
-4756
-2596
7620
1956
9076
9720
208
5588
-3416
-6404
868
-6088
3632
6924
4024
12856
5832
2152
4220
-7072
-2076
-3020
-4316
7136
2832
7468
10932
852
4884
-1532
-7260
824
-5748
1728
7936
3080
12580
7472
1584
5340
-5936
-3468
-1400
-6004
6320
3960
5316
11680
1792
3708
840
-8128
-84
-4748
-788
8104
2984
11136
9680
1064
5916
-4128
-4988
-76
-6428
4264
5636
4152
11944
3480
2360
2432
-8064
-1340
-3704
-2568
7836
3212
9560
10808
1404
5520
-2388
-6312
532
-6480
2812
6476
3028
12136
5188
1484
4404
-7472
-2388
-2308
-4372
7260
4088
7652
12236
1672
5068
-552
-7052
508
-6360
444
7388
2312
10940
7720
424
5168
-5736
-4408
-488
-5372
6088
5508
5972
12800
3116
4200
1472
-7896
-124
-5128
-2072
7756
1972
9744
8996
-128
5248
-3944
-6080
532
-6104
4520
6688
4624
13204
5092
3156
3872
-7396
-860
-3668
-3788
7908
2348
8020
10540
-268
5092
-2252
-7328
648
-6108
2280
7468
3504
12668
6984
1960
5348
-6632
-2292
-1960
-4764
6780
3448
6432
11736
868
4248
-412
-8192
100
-5800
-104
8128
2872
11176
8720
1232
5784
-5048
-4096
-536
-6008
5284
5172
4732
12500
2648
3072
1948
-7968
-860
-4088
-2200
8356
3156
9724
10552
1172
5724
-2980
-6004
396
-6532
3196
6504
3564
12024
4892
1672
3528
-7336
-1900
-2608
-3736
7652
3896
8364
11800
1632
5252
-720
-7196
612
-6156
948
7048
2428
10868
6792
208
4452
-6528
-3964
-1452
-5176
6452
4988
6544
12688
2840
4364
1312
-7452
412
-5332
-1020
8004
2212
9812
8460
-208
5156
-5084
-5592
-364
-6448
4832
6056
4952
12932
4660
3400
3372
-7280
-144
-3804
-2988
8008
2664
8576
10212
68
5004
-2632
-6996
448
-6564
2788
7028
3384
12416
6448
2180
4908
-6660
-1832
-2204
-4348
7268
3452
7104
11636
760
4536
-924
-7736
80
-5984
740
7760
2688
11572
8252
1268
5628
-5216
-3520
-1092
-5600
6004
4664
5320
12256
2356
3140
1240
-8140
-596
-4712
-1576
8000
2944
10180
10088
1152
6092
-3576
-5216
272
-6228
4096
6028
3596
12288
4060
1884
3408
-8024
-1728
-3356
-3680
7948
3460
8672
11576
1440
5752
-1376
-6540
620
-6180
1964
6868
2696
11548
6004
672
4360
-7076
-3252
-2192
-5156
6684
4380
6872
12404
2528
4668
916
-7364
652
-5292
-44
7824
2452
10556
8284
228
5088
-5208
-5168
-712
-6160
4956
5640
5124
12820
3868
3552
2616
-7220
-168
-4052
-2288
7860
2668
9336
9956
136
5200
-3248
-6388
-108
-6484
3108
6776
3436
12876
5756
2176
4524
-6940
-1456
-2892
-4300
7348
3232
7072
11600
588
4516
-1264
-7788
204
-6024
600
7912
2740
11688
8140
1368
5624
-5440
-3404
-796
-5488
6016
5060
5532
12224
2064
3636
948
-8132
-344
-5188
-1600
7904
2360
10308
9784
748
6052
-3700
-5000
440
-6084
4520
5868
4024
12508
4132
1984
3088
-7824
-1552
-3752
-3640
7528
3324
8448
11496
1180
5788
-1672
-6024
776
-6276
2280
7236
2788
11832
6112
804
4728
-7044
-3344
-2220
-5420
6448
4404
6252
12628
2440
4892
824
-7160
696
-5000
-268
7980
2536
10592
8408
316
5124
-5056
-5448
-696
-6020
4628
5736
4940
12768
4256
3504
3220
-7112
-316
-3712
-2624
8072
2676
8968
9956
352
5120
-3100
-6840
108
-6724
2584
7032
3180
12480
6252
2284
4552
-6384
-1940
-1936
-4612
7128
3840
6984
11416
908
4292
-616
-8200
-40
-5960
-172
7704
2500
11344
8572
876
6024
-5016
-3448
-240
-5912
5872
5496
5176
12388
2748
3192
1636
-8264
-736
-5032
-2164
7776
2244
9956
10336
544
6276
-3020
-5456
824
-6024
3764
6872
3528
12332
5000
1544
3724
-7820
-2440
-3368
-4192
6796
3256
7712
11616
1412
5156
-696
-6636
944
-5908
1492
7512
2836
11584
7352
488
5212
-6408
-4132
-1484
-6052
6012
4588
5436
12860
2600
4068
2332
-7472
704
-4672
-1136
8276
2644
10072
9640
192
5612
-4384
-5768
-464
-6856
3720
6152
3456
13020
4568
2612
3908
-7060
-796
-2764
-3340
7856
3356
8536
11088
644
5036
-1864
-7324
160
-6884
1476
6948
2264
11768
7144
1240
5480
-6016
-2588
-1088
-5208
6564
4632
6256
12176
2060
3892
540
-7800
-80
-5780
-868
7524
2312
10580
9188
776
6112
-4372
-4636
192
-6004
4512
6112
4244
12620
4176
2408
2708
-7564
-1816
-3964
-3652
7368
2788
8724
11080
1064
5800
-1640
-6180
1108
-5940
2376
7244
3060
12116
6076
988
4652
-7004
-3620
-2304
-5496
6120
3820
6216
12540
1888
4612
1140
-7328
992
-5120
32
8144
2860
10840
8860
116
5412
-5264
-5552
-832
-6592
4144
5256
4100
12736
4012
3004
3364
-7340
-188
-3404
-2332
8012
3540
9184
10724
716
5476
-2736
-6836
184
-6800
2144
6732
2644
12176
6024
1480
4900
-6712
-2096
-1800
-4636
7220
4124
6900
12080
1636
4512
-188
-7964
100
-5972
-480
7700
2100
10792
8656
520
5956
-4688
-4568
132
-5944
5132
5604
5220
12284
3508
2932
1948
-7868
-1044
-4604
-2552
7600
2580
9384
10188
748
5952
-2864
-5644
1108
-6364
3576
6708
3796
12304
5196
1652
3708
-7440
-2548
-3216
-4764
6936
2856
7484
11732
1512
4972
-364
-6916
1276
-5644
924
7920
3240
11620
7916
1028
5076
-5896
-4464
-1748
-6484
5444
4332
5036
12084
2996
3404
2044
-7348
452
-4172
-1288
8268
3116
10296
10004
768
5588
-3724
-6112
-8
-6912
3292
6008
3228
12236
4912
1788
4196
-7368
-1308
-2636
-3328
7584
3552
8356
11792
1032
5160
-1588
-7416
472
-6616
912
7184
2004
11904
7044
760
5484
-5952
-3200
-668
-5400
6452
4720
6436
12448
2544
3948
1028
-7956
-364
-5908
-1256
7460
1908
9988
9248
368
6132
-4296
-5272
532
-6072
4700
6248
4668
12988
4756
2508
3428
-7732
-1492
-3740
-3808
7348
2436
8576
10768
820
5248
-1640
-6788
1208
-6048
2248
7512
3396
12332
7000
1264
4828
-6584
-3500
-2092
-5664
6220
3660
6028
12104
2040
4212
860
-7660
812
-5112
-220
8380
2776
11008
9168
580
5888
-4992
-5228
-620
-6872
4504
5268
3836
12472
3776
2704
3276
-7732
-416
-3324
-2504
8028
3616
9476
10936
900
5708
-2508
-6808
128
-6892
2388
6512
2540
11892
5932
1116
4964
-6516
-2772
-1444
-4392
6948
4516
7196
12188
2124
4720
40
-7440
136
-6168
-232
7144
1876
10788
8096
300
5600
-5016
-4300
-40
-5852
5292
5812
4924
12888
4020
3224
2664
-7864
-1000
-4336
-3264
7392
2456
8524
10256
464
5552
-2464
-6320
972
-5568
2896
7352
3836
12600
6420
1728
4684
-6840
-2696
-2472
-5432
6860
3200
6636
11580
1444
4464
-36
-7664
1112
-5524
340
8120
2756
11424
8656
676
5752
-4964
-5060
-568
-6396
4540
4996
4124
12120
3712
2756
2788
-7544
-432
-3568
-2484
8028
3240
9180
11168
732
5460
-2468
-6772
344
-6984
2164
6420
2524
11520
6156
1132
4752
-6376
-2420
-1376
-4176
7024
4516
7076
12256
2656
4332
552
-7648
56
-6004
-728
7424
1884
9920
8528
212
5500
-4272
-5040
652
-5932
4892
6388
4736
12884
4880
2492
3844
-7832
-1108
-3964
-3720
7048
2600
7576
10940
420
5172
-1704
-7012
976
-6076
1780
7584
3156
11972
7792
1196
5368
-5824
-3448
-1540
-6052
5696
4224
5004
11888
2748
3336
1872
-7644
48
-3796
-1588
8196
3188
10020
10272
812
5784
-3128
-6244
404
-6904
2916
5928
2740
11992
5240
1464
4472
-6856
-2260
-1580
-4296
7268
4376
7396
12112
2156
4840
96
-7336
232
-6352
-252
7124
2156
10104
8212
440
5276
-4704
-4948
236
-5788
4820
6012
5064
12756
4656
2912
3348
-7208
-1204
-3912
-3712
7092
2568
7668
10744
764
4852
-1308
-6764
708
-5492
1420
7564
3252
11764
7796
1504
5404
-5560
-3540
-1412
-6000
5488
4212
4828
11904
2556
3192
1960
-7700
-328
-3908
-1716
7804
3268
9648
10628
1152
5748
-2580
-6028
-132
-6612
2376
6268
2628
11680
5576
1292
4656
-6788
-2696
-1540
-4672
6980
4484
6880
12488
2432
4540
1036
-7396
-20
-5396
-1328
7076
1952
9368
9048
432
5380
-3896
-5444
348
-5704
3764
6608
4072
12932
5688
2476
4604
-6880
-1892
-2816
-4652
6564
3324
6588
11208
1180
4480
-372
-7388
508
-5380
232
7616
3216
10888
9060
1020
5784
-4300
-4540
-412
-6388
4444
5036
3748
11984
4004
2296
3420
-7564
-1492
-2880
-3208
7324
3692
8052
11720
1568
5176
-620
-6852
524
-6016
644
7096
2252
10600
7684
392
5312
-5244
-4352
-468
-5500
4940
5680
5132
12680
4292
3552
2940
-7240
-596
-4192
-3232
7240
2296
7988
10440
276
5136
-2408
-6724
692
-5876
1896
7440
3020
12392
7552
1372
5580
-5780
-3436
-1308
-5996
5536
4124
4916
11968
2364
3264
2000
-7576
-252
-4172
-1776
8024
3120
9700
10808
1056
6144
-2444
-5836
520
-6496
2464
6340
2512
11432
5656
856
4568
-6748
-3000
-1500
-4812
6632
4488
6540
12956
2744
4428
1668
-7036
40
-4880
-1216
7484
2020
9336
9012
-24
5252
-3944
-5808
268
-6016
3456
6696
3716
12712
5776
2448
4412
-6244
-1948
-2432
-4392
6632
3460
6324
11756
912
4272
-8
-7676
88
-5248
-144
7936
2700
10816
9456
1016
5916
-3904
-4676
32
-6180
4292
5784
3516
12232
4080
2192
3464
-7544
-1864
-2912
-3680
7296
3420
7712
11724
1460
5352
-636
-6628
664
-6088
960
7248
2180
10888
7460
472
5312
-5384
-4504
-832
-5956
5160
5284
4924
12712
3908
3624
2736
-7144
-288
-3952
-2952
7396
2624
8256
10376
384
5276
-2216
-6720
428
-5976
1896
6920
3252
12076
7232
1780
5408
-5784
-3044
-1460
-5684
5964
4220
5116
11984
2556
3404
1460
-7512
-564
-4276
-1936
7712
3040
9820
10388
1196
6084
-2760
-5676
500
-6708
2652
6412
2492
11400
5468
996
4512
-7164
-2880
-1676
-4920
6608
4372
6912
12504
2536
4880
1176
-7048
548
-5352
-752
7624
2300
9640
8892
100
5260
-4280
-5876
40
-6196
3384
6504
3868
12664
5724
2596
4288
-6532
-1460
-2424
-4184
7252
3060
7232
11324
1088
4564
-692
-7636
228
-5708
-132
7796
2604
10848
9084
764
5988
-4204
-4560
-8
-5856
4512
5840
3752
12088
3816
2148
3216
-7684
-1404
-3412
-3448
7428
3228
8276
11684
1348
5632
-1088
-6552
928
-6024
908
7240
2204
11000
7540
448
5240
-5540
-4444
-856
-5708
5296
5572
4960
12820
4048
3368
3136
-7100
-160
-3980
-2848
7624
2416
8320
10360
192
5240
-2576
-7016
184
-6644
2044
6840
2908
12116
7228
1700
5700
-5760
-2776
-1160
-5324
6296
4536
5368
12104
1932
3496
1188
-8060
-464
-4892
-2096
7520
2768
9500
10332
960
6108
-2628
-5404
724
-6152
3108
6404
3304
11984
5368
1504
4460
-7048
-2616
-2308
-4720
6464
3964
6496
12228
2192
4488
996
-7020
580
-5212
-612
7640
2484
10116
8944
252
5576
-4352
-5572
-44
-6576
4028
5964
3888
12528
5120
2492
4248
-6908
-1272
-2580
-3948
6856
3528
7308
11116
1088
4504
-792
-7268
68
-5788
240
7400
2812
10984
8708
1096
6140
-4424
-3964
100
-5772
5108
5244
4288
12448
3304
2308
2852
-8068
-1340
-4052
-3416
7584
3020
8236
11616
996
5828
-1120
-6488
1176
-6024
2012
7232
2540
11632
6752
588
5000
-6668
-3428
-2020
-5712
5904
4524
5476
12508
2728
3880
1968
-7164
420
-4616
-1496
7948
2780
9548
9848
112
5460
-3572
-6472
220
-6608
2908
6564
3184
12392
5972
2024
4828
-6592
-1640
-1956
-4292
7032
3888
7076
11636
1196
4392
-276
-7972
76
-5828
-276
7372
2412
10764
8956
1096
5960
-4144
-4256
48
-5656
4792
5872
4780
11844
3988
2380
2732
-7772
-1528
-4104
-3664
7288
2940
7988
11204
1184
5456
-1128
-6556
1152
-5908
1676
7480
2944
11512
7120
552
5288
-6368
-4204
-1376
-5828
5472
4352
5764
12404
3032
4180
2080
-7036
460
-4952
-1220
7720
2492
9744
9684
16
6012
-3736
-6248
-32
-6900
2904
6720
3144
12472
5952
1792
4940
-6620
-1624
-1900
-4812
7028
3776
6680
11708
1296
4396
-464
-7732
-160
-6000
-392
7448
2152
10832
8712
692
5944
-4392
-4072
324
-5724
4928
6072
4612
12496
3796
2200
3028
-7956
-1560
-4136
-3296
7132
2588
8212
11208
1020
5472
-1564
-6352
1308
-5952
2060
7496
3024
12216
6688
1124
5248
-6508
-3368
-1792
-5884
6148
4196
5744
12332
2588
3960
1712
-7320
324
-4512
-1344
7792
3072
9720
9576
400
5596
-3668
-6180
-252
-6632
3356
6100
3312
12184
5596
1952
4472
-6792
-1536
-2368
-3916
7248
3556
7432
11484
1400
4580
-784
-7624
192
-6580
476
7232
2260
11260
8324
912
6120
-4784
-3772
140
-5624
5576
5640
5084
12500
3360
2996
2124
-8016
-1196
-4500
-2868
7196
2572
8936
10512
832
6032
-2116
-5832
1152
-6056
3012
6948
3464
12316
5884
1324
4360
-6812
-3344
-2432
-5220
6140
3592
6400
11964
2100
4192
944
-7084
520
-4780
48
7984
2580
11312
8832
608
5724
-4928
-5144
-296
-6744
4180
5624
4044
12448
4320
2632
3472
-7148
-728
-3084
-2996
7724
3220
8660
11032
992
5376
-1968
-6916
360
-6544
1228
6808
2488
11556
7084
932
5348
-5564
-3224
-700
-5144
5968
4936
5960
12368
2672
3496
1440
-8100
-464
-5240
-2012
7592
2164
9836
9892
432
5984
-3400
-5440
1040
-6232
4152
6412
4032
12708
5052
2008
4172
-7652
-1972
-3156
-4432
6776
3044
7436
11468
1412
4924
-284
-6924
1020
-5400
1104
7532
2996
11564
8156
548
5500
-5692
-4552
-1236
-6196
4760
4776
4560
12304
3348
3208
2492
-7200
-12
-3964
-1884
7868
3092
9588
10388
696
5728
-3112
-6608
212
-6988
2208
6340
2588
11940
5852
1332
4920
-6400
-2404
-1476
-4492
6936
4520
7144
12268
2172
4364
496
-7572
96
-5848
-832
7620
1576
10576
8792
404
5920
-4236
-5052
576
-5892
4624
6180
4692
12504
4468
2444
3452
-7588
-1764
-3556
-3996
7176
2764
7876
11004
956
5164
-1192
-7028
1064
-5780
1492
7604
3140
11736
7240
1196
5180
-6068
-3956
-1500
-5952
5456
4380
5156
12340
2652
3804
1964
-7632
524
-4212
-1456
7976
3152
9816
10108
672
5808
-3512
-6268
204
-7076
2884
5936
3124
12000
5288
1676
4436
-6732
-1748
-1708
-4016
7372
4168
7708
11864
1828
4596
-412
-7496
156
-6432
80
7164
2112
10816
8028
260
5652
-5216
-4160
-64
-5696
5372
5856
5088
12936
3908
2852
2856
-8120
-684
-4500
-3260
7568
2288
8340
10432
332
5368
-2508
-6428
1036
-6096
2596
7324
3600
12364
6760
1500
4952
-6376
-2908
-2124
-5120
6164
3624
6188
11996
1720
4212
788
-7884
756
-5060
-484
8060
3120
10552
9368
592
5744
-4548
-5004
-416
-6500
4180
5372
3884
12076
4008
2476
3236
-7500
-908
-3212
-3076
7772
3664
8436
11380
1116
5492
-1656
-7048
160
-6592
1256
6880
2488
11380
6708
984
5116
-6148
-3100
-1032
-5168
6500
4948
6440
12752
2876
4324
1292
-7828
-72
-5272
-1936
7456
1900
9480
9236
304
5392
-3828
-5712
668
-5864
4000
6532
4328
12976
5384
2284
3972
-7212
-1596
-3368
-4592
7160
2720
7144
11136
800
4776
-716
-7460
944
-5660
836
7700
3220
11524
8352
1040
5744
-5356
-3928
-1284
-5856
5236
4532
4760
12268
2712
3460
2132
-7720
-512
-3812
-2116
8140
3084
9744
10732
1060
5568
-2688
-6400
324
-6512
2532
6400
2812
11956
5588
1612
4316
-6384
-2476
-1612
-4668
7252
4040
7128
12392
1860
4552
448
-7928
360
-5840
-888
7424
1784
10196
8624
340
5836
-4532
-5048
268
-5892
4916
6004
5000
12592
4964
3020
3296
-7068
-1088
-3956
-3576
6896
2728
7700
10648
944
4672
-1212
-7092
652
-5528
1216
7600
3428
11560
7996
1344
5412
-5200
-3736
-976
-5744
5384
4384
4976
11852
2488
3392
1896
-7956
-224
-4356
-1896
8128
2940
9628
10416
992
5740
-3032
-5908
88
-6548
2968
6172
2940
11840
5324
1576
4344
-6852
-2540
-1788
-4460
6904
4136
7444
12108
2492
4612
656
-7224
408
-5904
-492
7492
2128
9920
8636
404
5576
-4316
-5388
92
-5932
4188
6188
4700
12532
4876
2840
3688
-7284
-1064
-3588
-3840
7304
2736
7476
11212
732
4932
-1364
-7336
692
-5684
1160
7636
3060
11700
7824
1180
5244
-5260
-4124
-956
-6176
5248
4568
4568
12068
2800
3080
2192
-7628
-520
-3784
-2236
8320
3020
9732
11012
892
6328
-2444
-6196
896
-7064
2492
6548
2416
11652
5684
768
4784
-6904
-2704
-1640
-4692
6892
4416
7108
12452
2608
4752
828
-7028
424
-5740
-644
7360
1960
9720
8608
48
5396
-4608
-5456
152
-6128
3868
6484
4168
12816
5360
2712
4076
-6576
-1420
-2760
-4104
7244
2984
6936
11176
836
4424
-1072
-7616
384
-6072
608
7828
2524
11596
8376
1096
6124
-5096
-3916
-372
-6280
5368
5312
4392
12484
3144
2924
2600
-7668
-876
-3548
-2720
7880
3000
9200
10692
804
5676
-2372
-6476
508
-7044
1888
6552
2344
11456
6224
1040
4980
-6364
-3328
-936
-5388
6556
4948
6408
12724
3148
4308
1752
-7332
20
-5104
-1768
7564
1880
9312
8912
-80
5148
-4036
-5976
384
-6200
3496
6880
3816
12888
6152
2452
4604
-6216
-1660
-2468
-4344
6956
3276
6852
11164
1192
4284
-564
-7916
72
-5596
4
7892
2520
11052
8948
920
6064
-4356
-4428
-328
-6244
4704
5364
3956
12176
3548
2404
2868
-7876
-1012
-3808
-3164
7604
3288
8652
11520
1264
5612
-1184
-6648
860
-6496
1316
7144
2304
10928
7168
144
4776
-5852
-4252
-920
-5456
5788
5080
5912
12868
3512
4260
1984
-7088
404
-4392
-2324
7964
2128
9032
9660
-176
5280
-3372
-6904
640
-6452
2644
7096
3064
12664
6452
1888
5020
-6420
-1984
-1812
-5000
6784
3732
6352
11676
1480
4136
312
-7828
-88
-5432
-740
7460
2588
10872
9136
1028
6076
-3772
-4836
212
-6408
4288
5560
3860
12200
4340
2024
3392
-7200
-1696
-2864
-3708
7020
3944
7748
12028
2012
5188
-60
-6848
700
-5660
412
7500
2208
10628
7656
312
5236
-5340
-4864
-560
-5824
4896
5428
4896
12768
4188
3368
3404
-6988
-408
-3664
-2956
7388
2888
8120
10424
300
4940
-2156
-7232
68
-6032
1636
7448
3136
11800
7432
1216
5348
-5444
-3076
-1180
-5136
6000
4688
5464
11956
2244
3204
1464
-7656
-428
-4804
-1588
7708
2740
9732
10472
804
6188
-3080
-5168
792
-6460
3036
6964
2956
11696
5392
1320
4148
-7072
-2780
-2356
-4864
6600
4028
7004
12088
2380
4704
564
-7072
764
-5360
-324
7456
2180
10540
8308
180
5524
-4720
-5388
-268
-6424
4180
6044
3980
12700
5056
2508
3996
-6728
-1236
-2500
-3864
7240
3472
7508
11304
1012
4596
-1016
-7248
84
-6180
584
7564
2524
11164
8560
1148
6016
-5040
-3712
-368
-5580
4936
5356
4328
12100
3212
2504
2516
-7820
-1620
-3716
-3300
7484
3084
8672
11228
1508
5600
-1344
-5896
908
-5640
1644
7128
2780
11264
6928
424
5044
-6376
-4348
-1392
-5916
5720
4544
5352
12852
3364
3888
2520
-6968
412
-3940
-1792
7892
2600
9220
9944
32
5568
-3072
-6632
144
-6592
2212
7116
2532
12292
6728
1932
5276
-5964
-2552
-1388
-5092
6224
4256
6136
11748
1896
3756
1056
-7948
-292
-4936
-1500
7616
2268
10180
10148
620
6284
-2960
-5544
968
-6416
3312
6420
2956
12140
5080
1240
4236
-7148
-2964
-2328
-4980
6596
3928
6368
12356
2228
4736
1376
-6952
992
-5080
-708
7896
2480
10212
9004
104
5624
-4356
-5584
-380
-6452
3484
5828
3380
12464
5456
2228
4256
-6312
-1900
-2044
-4248
6920
3788
7120
11336
1892
4140
40
-7536
-296
-5496
-920
7260
2508
10264
9460
768
6148
-3316
-4924
448
-5948
3944
6172
3528
12072
4816
1788
3728
-7200
-2292
-2900
-4580
6628
3676
6800
11908
2040
4768
680
-6828
1072
-5124
12
7552
2776
10260
8848
364
5584
-4592
-5444
-456
-6688
3708
5508
3644
12420
5152
2208
4496
-6720
-760
-2868
-3920
7208
3388
7212
11848
1260
4736
-304
-7756
160
-6136
-488
7340
1924
10468
9228
256
6556
-3864
-4580
600
-5928
3980
6500
3916
12192
4948
1964
3972
-7132
-2568
-2728
-4716
6196
3504
7036
11772
2100
4988
868
-6652
880
-4876
-188
7696
2620
10412
8780
360
5684
-4472
-5560
-168
-7004
3656
5352
3136
12388
5260
2044
4560
-6384
-1376
-1744
-4332
7232
3868
7016
11712
1968
4156
344
-7688
-76
-5964
-1016
7296
2068
9968
9268
340
6044
-3468
-5112
1072
-6344
3824
6476
3600
12408
5476
1344
4708
-7116
-2592
-2412
-5052
6536
3720
6268
11888
1984
4472
1128
-6924
760
-4832
-724
7760
2560
9964
9556
428
5764
-4040
-5904
-28
-6884
3144
5912
2936
12300
5764
1732
5124
-6548
-1796
-1728
-4324
6644
4476
6772
11820
2096
3964
676
-7676
-524
-5660
-1700
7116
2028
9580
9508
704
5924
-2736
-5272
936
-5828
3264
6800
3684
12148
6192
1608
4648
-6444
-3008
-2244
-5480
5752
3808
5872
11584
2584
4088
1648
-7104
328
-4064
-1544
7696
3004
9580
10068
740
5584
-2868
-6272
336
-6904
2288
6200
2840
11480
6392
1360
5324
-6104
-2848
-1100
-5180
6016
4712
5812
12188
2668
3480
1800
-7460
-576
-4800
-2316
7000
2876
8904
10320
700
5848
-2088
-5804
776
-5708
2464
6888
3472
11892
6968
968
5056
-5980
-3796
-1492
-6012
5260
4532
5012
12264
3000
3580
2328
-6984
56
-3584
-2256
7772
3412
9076
10596
800
5100
-1996
-6808
172
-6556
1260
6484
2388
10980
7072
856
5368
-5388
-3356
-608
-5212
5448
5208
5228
12248
3728
3208
2580
-7340
-984
-4128
-3160
6764
2588
8200
10736
800
5368
-1112
-6540
1128
-5540
1184
7132
3296
11272
7996
1008
5596
-5248
-4312
-948
-6132
4356
4972
4356
12180
3880
3024
3544
-6688
-924
-2752
-2892
7168
3568
8004
11188
1208
5044
-996
-7280
264
-6300
108
6856
2016
10472
8256
1040
5972
-4508
-4028
224
-5724
4500
5892
4332
12608
4784
2240
3676
-7228
-1920
-3112
-4504
6684
2968
7028
11304
1608
4556
276
-6820
748
-4824
-76
7736
3108
10576
9356
976
5736
-3864
-5552
-228
-6756
3072
5580
3216
11696
5124
1652
4396
-6416
-2256
-1564
-4204
6600
4484
6948
11980
2716
4120
1172
-7424
-124
-5528
-1616
7048
1856
9472
9308
500
5740
-3052
-5516
1056
-6264
3312
6796
3540
12292
6292
1400
5160
-6480
-3136
-1956
-5348
5640
4144
5480
11964
2600
3656
1916
-7096
-64
-3916
-1532
7588
3092
9388
10556
924
5880
-2616
-6144
108
-6496
1736
6260
2380
11328
6768
824
5144
-5568
-3540
-300
-5176
5780
5288
5612
12440
3640
3244
2816
-7368
-1000
-4220
-3204
6892
2384
8024
10376
780
5092
-1300
-6524
748
-5460
1344
7420
3108
11460
8048
1080
5652
-4984
-4148
-948
-6192
4808
4648
4100
12000
3752
2888
3268
-7008
-1064
-2780
-3344
7056
3680
8136
11236
1968
5056
-548
-6556
-76
-5856
236
6860
2244
10496
8068
760
5572
-4440
-4456
204
-5872
4436
5968
4516
12036
5068
2316
3788
-6668
-2076
-3104
-4536
6076
3384
6424
11144
1932
4600
324
-6948
772
-4772
-388
7772
2908
10660
9460
928
5932
-3628
-5400
-64
-6584
2752
5808
2924
11636
5604
1360
4716
-5976
-2720
-1416
-4452
6404
4632
6252
12540
2868
4256
1552
-7196
-404
-5056
-1848
7148
1768
8872
9404
488
5448
-2588
-6180
856
-5860
2556
7280
3272
11996
7100
1420
5456
-5612
-3348
-1472
-5776
5492
4180
4740
11736
2920
3248
2148
-7176
-492
-3620
-2364
7708
3300
9024
10936
1388
5672
-1404
-6368
628
-6320
1140
6784
1940
10972
7468
584
5812
-5292
-4344
28
-5888
4968
5676
4776
12600
4564
2788
3508
-6964
-1264
-3552
-3620
6664
2668
7132
10884
1224
4648
-432
-7048
696
-5268
152
7732
2888
10760
8952
1000
6036
-3892
-5180
-168
-6436
3448
5496
3444
11672
4932
1504
4308
-6512
-2156
-1728
-4164
6900
4284
7040
12224
2328
4760
952
-7004
360
-5592
-1164
7132
1692
9128
9168
196
5632
-3608
-5616
488
-5900
2676
6812
3628
12244
6496
1872
5236
-5904
-2776
-1876
-5228
5232
3928
5140
11460
2332
3692
1236
-7144
-464
-4316
-2200
7572
2908
9612
10236
1352
6020
-1624
-6328
684
-6228
1500
6868
2284
10904
6992
664
5072
-5200
-4064
-388
-5624
5196
5552
5100
12540
4176
3088
3660
-7048
-952
-3516
-3500
7136
2596
7264
10920
1120
4728
-700
-6808
364
-5264
460
7384
2916
10988
8620
1032
5488
-3972
-4860
-384
-6404
3796
5300
3272
11500
4704
1984
4028
-6748
-2048
-1852
-4024
6676
4272
7280
11944
2688
4692
956
-6908
176
-5204
-1312
7224
1860
9100
9008
100
5268
-3284
-6000
564
-5800
2764
6948
3596
12464
6800
2076
5500
-5612
-2692
-1408
-5428
5764
3968
5192
11384
2352
3228
1668
-7500
-548
-4312
-2212
7416
3108
8940
10760
1196
6044
-1568
-5924
876
-6124
1392
6968
1852
11020
6908
484
5536
-5692
-4236
-500
-5592
4752
5576
4568
12484
4592
2908
3436
-6712
-1096
-3128
-3564
6796
2920
6952
11072
1088
4704
-392
-7132
452
-5044
72
7588
2928
10636
8976
1240
6164
-3728
-4776
-92
-6392
3572
5520
3360
11456
4992
1484
4068
-6652
-2480
-2064
-4128
6440
4344
6960
12140
2980
4540
1512
-6760
156
-5088
-1344
6808
2224
8992
9236
132
5264
-3236
-5984
136
-6172
2320
6940
3328
12012
7452
1404
5840
-5400
-2980
-1064
-5492
5516
4256
4800
11812
2584
3124
2128
-7540
-532
-4028
-2504
6992
3128
8528
11100
1568
5624
-992
-6168
856
-5944
904
6844
2188
10756
7448
320
5408
-5204
-4616
-440
-5940
4564
5240
4416
12604
4612
2952
4036
-6612
-800
-3040
-3600
6536
3140
6836
10972
1292
4524
-420
-7080
-120
-5196
-392
7372
2664
10544
9220
1064
6368
-3520
-4696
348
-5928
3288
5924
3216
11612
5444
1328
4376
-6564
-2984
-1816
-4708
6184
4448
6144
12280
2940
4300
1840
-6564
140
-4508
-1792
7420
2664
8508
9640
240
5176
-2912
-6472
276
-6244
2096
7140
2916
12008
7056
1480
5736
-5336
-3168
-756
-5600
5516
4624
4816
11940
2728
3016
2256
-7536
-1064
-4064
-2824
7248
2996
8460
10968
1240
5728
-1016
-6048
716
-5548
1220
7440
2388
11008
7392
576
5340
-5240
-4396
-664
-6140
4436
5168
4200
12332
4692
2648
3808
-6660
-1252
-2696
-3728
6660
3360
7244
11068
1280
4424
-360
-7152
260
-5624
-280
7384
2256
10532
9304
600
6368
-3800
-4608
228
-6292
3420
6252
3372
11520
5052
1588
4416
-6928
-2436
-2084
-4620
6432
4104
6192
12316
2608
4656
1460
-6796
756
-4732
-1284
7536
2072
9276
9396
-112
5388
-3232
-6444
-68
-6264
2480
6520
3060
12132
6900
1712
5588
-5648
-2224
-1204
-4940
5968
4288
5332
11760
2264
3072
1964
-8232
-588
-4584
-2688
7500
2496
8620
10984
772
5864
-1392
-5812
1180
-5884
1616
7204
2712
11240
7100
912
5260
-5604
-4148
-1120
-5928
4856
5100
4640
12172
4004
3208
3300
-6824
-600
-3212
-3160
7264
3160
8080
10784
708
5280
-1300
-6972
436
-5904
508
7336
2328
11152
8100
792
5948
-4476
-4168
20
-6020
4584
5472
4192
12012
3884
2060
3476
-7368
-1616
-3200
-4128
6804
3252
7368
11976
1792
5076
356
-6332
824
-5016
-44
7704
2240
10484
8456
340
5428
-4200
-5656
-236
-6588
3204
6164
3528
12300
5404
2296
4724
-6000
-1548
-1652
-4444
6992
4032
6440
11620
1688
3940
752
-8004
-144
-5212
-1480
7328
2268
9600
10020
600
6172
-2864
-5128
864
-6192
3020
7000
3056
11928
5960
1148
5100
-6544
-3404
-1776
-5364
5552
4364
5356
12116
2940
3832
2168
-6692
340
-4104
-1824
7480
2904
8796
10464
464
5412
-2164
-6768
304
-6340
1444
7016
2484
11560
7312
1008
5628
-5168
-3152
-576
-5528
5140
5044
4812
11776
3312
2956
2376
-7744
-988
-4248
-3388
7360
2388
8324
10920
1452
5460
-444
-6288
1272
-5416
1196
7400
2692
10768
7828
336
5512
-5348
-4732
-800
-6292
4016
5320
3956
12404
4428
2640
3940
-6468
-872
-2396
-3316
7136
3564
7760
11312
1560
4896
-584
-7092
280
-5960
-288
6984
2188
10368
8740
532
6040
-3828
-4688
232
-5860
3868
6312
3776
12340
5124
1932
4240
-7124
-2100
-2768
-4960
6256
3416
6344
11876
2084
4520
1204
-6916
648
-4468
-956
7588
2592
9684
9568
444
5596
-3032
-6132
160
-6676
2568
6428
2788
11920
6544
1104
5536
-5824
-2432
-816
-5096
6144
4584
5744
11800
3044
3356
1884
-7724
-792
-4708
-2692
7148
2320
8784
10348
924
5828
-1572
-5960
1028
-5612
2044
7112
2996
11336
7164
760
5128
-5944
-3772
-1400
-6132
4876
4396
4744
12104
3372
3176
3156
-6984
-272
-3428
-2668
7648
3356
8292
11212
872
5244
-1220
-6988
420
-6288
448
6976
1928
10548
7920
584
5808
-4788
-3808
64
-5548
4660
5720
4860
12204
4536
2668
3316
-6848
-1744
-3272
-4068
6576
2780
7236
11248
1220
5000
-152
-6968
816
-5204
-8
7812
2620
10508
8992
592
5728
-4020
-5264
-200
-6432
3488
5520
3624
11888
5016
2216
4228
-6436
-1636
-2108
-4004
6688
3868
7088
11540
2112
4120
748
-7516
128
-5628
-1120
7440
2060
9764
9584
660
6116
-2948
-5380
1016
-5940
3604
6512
3520
11856
6220
1196
4704
-6612
-2928
-2336
-5656
5668
3764
5644
11844
2508
4028
1920
-6996
464
-4096
-1160
7776
3052
9576
10204
876
5356
-2760
-6384
168
-7096
1980
6204
2352
11736
6356
1256
5312
-5828
-2984
-512
-5224
6244
4940
5808
12572
3248
3256
2544
-7456
-812
-4292
-2956
7000
2516
8304
10320
608
5588
-2064
-6060
892
-5844
2212
7168
2964
12276
7028
1280
5500
-5876
-3732
-1488
-6060
5220
4600
4516
12084
3156
3048
2592
-7048
-436
-3284
-2096
7316
3536
8732
10704
1188
5332
-1832
-6536
152
-6584
1236
6568
2528
10776
7408
680
5608
-5344
-3504
-292
-5212
5328
5652
5116
12484
4048
3004
3140
-7248
-1112
-3928
-3344
6772
2828
7852
10836
864
5276
-1140
-6420
848
-5388
1192
7548
2660
11444
8088
720
5608
-5168
-4644
-768
-6428
4544
4988
4088
12104
3936
2620
3488
-6996
-864
-2888
-3240
7368
3484
8140
11480
1552
4924
-1052
-7140
28
-6408
220
6932
2052
10568
8020
560
5844
-4484
-4520
564
-5360
4516
6376
4968
12360
4956
2680
3424
-6936
-1464
-3448
-4180
6692
2956
7196
10848
936
4660
-272
-7080
808
-5292
396
7856
2992
11016
8796
904
5992
-4564
-4640
-604
-6408
4168
4956
3576
11916
4136
2224
3560
-7124
-1692
-2640
-3520
6992
4044
7648
11508
1960
5008
-392
-6932
416
-5944
-52
6968
2292
10136
8456
816
5524
-4104
-4784
304
-5372
4044
6044
4632
12092
5372
2384
3624
-6760
-2144
-3284
-4084
6364
2952
6788
11040
1396
4624
-304
-6712
760
-5056
384
7720
3024
10856
8940
1072
5728
-4432
-4916
-808
-6560
3740
5124
3468
11684
4640
2004
4100
-6668
-1892
-2284
-3660
6936
4328
7108
12236
2072
4840
236
-6900
196
-5724
-776
6936
2176
9580
8920
380
5640
-3680
-5268
304
-5616
3304
6328
4400
12192
6088
2132
4440
-6376
-2024
-2696
-4536
5916
3528
6080
11456
1712
4256
800
-7268
224
-4456
-872
7916
2920
10036
9944
948
5836
-3392
-5376
-272
-6288
2340
6128
2680
11464
5752
1424
4604
-6276
-2756
-1300
-4592
6356
4824
6160
12404
2908
4160
1664
-7008
-272
-4768
-2036
7152
2060
8824
9572
592
5248
-2528
-6132
592
-5620
2648
7100
3256
12248
7204
1500
5348
-5964
-2856
-1748
-5644
5696
4076
4944
11816
2580
3272
2004
-7616
-392
-3964
-2212
7768
3240
9148
10892
1328
5652
-1632
-6168
340
-6200
1280
6544
2104
10888
6748
916
4976
-5512
-3908
-588
-5576
5292
5424
5092
12604
4212
3008
3196
-7020
-860
-3636
-3216
7004
2788
7468
10928
664
4892
-1032
-6952
500
-5368
912
7472
3024
11224
8304
1212
5808
-4828
-4232
-652
-6124
4532
5160
3648
11968
3896
2288
3560
-7320
-1520
-2580
-3896
7132
3792
7552
11720
1756
4924
52
-6952
472
-5544
-244
7180
1888
10328
8228
448
5408
-4044
-5024
152
-5940
4344
6388
4116
12612
5524
2692
4556
-6532
-1644
-2676
-4684
6564
3156
6092
11324
1328
4092
160
-7100
220
-4864
-716
7640
2812
10328
9852
1200
5916
-2864
-5368
304
-6160
2956
6100
2888
11536
5196
1160
4296
-6736
-2936
-1464
-5080
6116
4572
6432
12400
3012
4188
1996
-7080
60
-4512
-1776
7196
2356
8880
9468
368
5468
-2744
-6000
368
-5968
2692
6920
3376
12220
7004
1540
5392
-5784
-3164
-1412
-5320
5524
4360
4880
11808
2700
2976
2304
-7612
-608
-3556
-2396
7472
3376
8820
11320
1260
5840
-1612
-5940
468
-6176
1208
6740
2060
10972
6524
480
5020
-5768
-4156
-836
-5624
5216
5320
5232
12728
4024
3792
3012
-6784
-820
-3648
-3244
6980
2572
7612
10380
764
4804
-1392
-6908
340
-5580
1016
7320
3012
11312
8528
1288
5816
-4128
-4096
-324
-6040
4488
5160
4040
11724
3996
2168
3168
-7112
-1784
-2816
-3620
7284
3292
7804
11624
1824
5424
-196
-6532
644
-5576
-32
7360
1984
10168
8040
368
5160
-4492
-5160
-80
-6164
3940
5900
4324
12480
5396
2752
4276
-6392
-1620
-2520
-3968
6392
3292
6728
10932
1368
4124
64
-7312
248
-5420
-300
7516
2928
10344
9780
964
6136
-3192
-5032
348
-6312
3508
5920
3220
11648
5048
1324
4200
-7036
-2588
-2032
-4696
6392
4104
6760
12236
2580
4792
1444
-6908
428
-5112
-1016
7324
2344
9440
9124
248
5412
-3600
-5888
100
-6308
2808
6304
3348
12196
6688
1824
5268
-5756
-2444
-1432
-5084
6008
4084
5612
11648
2516
3100
1440
-7576
-740
-4168
-1916
7272
3268
9272
10632
1216
6192
-2292
-5652
696
-6084
2316
6652
2516
11304
6172
764
4652
-6184
-3612
-1404
-5312
5636
4888
5652
12364
3520
3596
2496
-7044
16
-4068
-2356
7624
2284
8508
10176
52
5220
-2148
-7032
656
-6408
1812
7096
2556
11976
7628
1164
5932
-5360
-3136
-548
-5704
5680
4748
4812
12056
3328
2740
2224
-7512
-1044
-4072
-2900
7432
2940
8544
11156
1324
5760
-1104
-6148
1144
-6012
1560
7000
2372
10888
7096
328
5200
-5804
-4372
-616
-6100
5208
5196
4804
12660
4084
3048
3576
-7064
-236
-3516
-3076
7480
2956
7736
10812
360
4884
-1276
-7236
372
-5916
640
7200
2656
11260
8168
1188
5888
-4588
-3812
-156
-5748
5004
5108
4324
11968
3564
2400
2752
-7608
-1396
-3600
-3368
7224
2976
7960
11320
1648
5408
-668
-6296
972
-5588
892
7312
2588
10680
7712
196
5288
-5368
-4780
-788
-6108
4620
5476
4420
12632
4472
3032
3720
-6692
-912
-2972
-3416
7060
3364
7396
10980
788
4568
-1016
-7524
324
-6152
180
7440
2532
11128
8636
1120
6180
-4312
-3852
32
-5720
4772
5608
4236
11988
4036
2136
3048
-7460
-1584
-3716
-3872
7028
3260
7632
11672
1480
5488
-456
-6572
904
-5316
392
7600
2440
10744
8236
128
5508
-5308
-4892
-888
-6376
4456
5544
4132
12660
4480
2616
3844
-6896
-512
-3048
-3256
7300
3076
7700
11020
880
4636
-976
-7284
20
-5812
188
7444
2472
11012
8476
912
6024
-4684
-3560
-376
-5688
4792
5620
4236
12344
3952
2432
2992
-7664
-1560
-3592
-3736
7004
3068
7732
11512
1260
5584
-600
-6380
896
-5460
672
7588
2596
10956
7980
452
5340
-5428
-5092
-784
-6396
4448
5288
4200
12500
4228
3064
4008
-6908
-476
-3184
-3096
7308
2980
7888
11096
892
5076
-1256
-7520
420
-6280
408
7288
2208
11180
8180
852
6168
-4628
-3864
72
-5940
4964
5844
4380
12276
3692
2476
3100
-7712
-1604
-3960
-3480
6944
2776
7968
11340
1056
5420
-712
-6456
1076
-5664
1248
7500
2592
11444
7472
716
5320
-5420
-4568
-944
-6256
4540
5092
4212
12448
4064
2812
3396
-6800
-656
-3128
-2916
7448
3264
8300
10756
996
5276
-1588
-7120
328
-6296
776
7168
2188
11308
7908
912
5940
-4928
-3748
64
-5772
5252
5504
4612
12312
3608
2632
2868
-7596
-1516
-3856
-3716
7112
2792
7824
11408
1148
5408
-632
-6588
1228
-5744
1000
7484
2420
11476
7440
376
5476
-5620
-4800
-708
-6624
4624
5052
4104
12340
4004
2860
3444
-6744
-548
-2900
-2856
7372
3448
8508
11000
976
5288
-1376
-7016
364
-6672
884
6920
2308
11008
8068
716
5904
-4780
-4184
24
-5864
5248
5732
4680
12148
3884
2704
2928
-7508
-1444
-3976
-3412
6908
2652
7892
10996
1000
5532
-1036
-6644
1312
-5680
1344
7336
2984
11356
7632
936
5340
-5608
-4492
-1060
-6392
4676
4756
4544
12344
3924
3128
3324
-6772
-340
-3108
-2548
7536
3484
8392
11200
1204
5192
-1424
-6996
148
-6616
624
6696
2148
10776
7724
544
5900
-5016
-3752
-108
-5508
4992
5732
5040
12308
4080
2776
2980
-7372
-1284
-3996
-3520
6664
2744
7640
10992
996
5292
-728
-6476
992
-5360
848
7600
2884
10956
8240
804
5444
-5100
-4544
-808
-6336
4624
4876
4208
12304
4308
2548
3688
-7004
-592
-3148
-2848
7300
3456
8104
11220
1304
4884
-1196
-7004
204
-6340
396
6900
1868
11012
8060
648
6224
-4872
-3816
184
-5600
5148
5916
4280
12592
4396
2420
3428
-7580
-1896
-3736
-4044
6412
2792
7312
11064
1220
4972
-316
-6316
856
-5084
872
7600
2932
11232
8456
856
5492
-4832
-5004
-668
-6580
3924
5240
3496
12288
4396
2188
4012
-6940
-1008
-2316
-3508
7420
3944
7508
11844
1832
4916
-196
-7156
320
-6156
-244
6852
2192
10188
8512
384
5948
-4604
-4340
244
-5852
4232
6152
4204
12332
4916
2300
3652
-6896
-2184
-3100
-4432
6404
3088
6700
11660
1864
4672
432
-6740
684
-4780
44
7420
3172
10412
9160
892
5524
-3964
-5324
-560
-6308
3128
5724
3328
11516
5192
1984
4400
-6460
-1800
-1740
-3944
6912
4112
7184
11980
2276
4324
844
-7392
-32
-5744
-1156
6952
2108
9460
9236
464
5604
-3496
-5236
384
-5624
3436
6388
4100
11980
5984
1852
4568
-6400
-2452
-2164
-5104
6004
3636
5888
11604
2188
3872
1124
-7308
712
-4604
-1052
7732
3072
9808
9768
984
5656
-3288
-5944
52
-6912
2728
5864
2864
11328
5960
1824
4800
-6176
-2244
-1164
-4536
6568
4516
6412
12596
2596
4024
1540
-7556
-408
-5104
-2256
6720
2228
8792
9364
648
5340
-2628
-5716
576
-5528
2728
6980
3896
12224
6908
1524
5208
-6028
-3080
-1884
-5736
5360
4108
4864
11772
2800
3364
1788
-7388
-104
-4036
-1960
7460
3360
9176
10836
1300
5784
-1956
-5852
336
-6280
1580
6648
2580
11168
6808
1096
5336
-5588
-3464
-736
-5316
5512
5228
5340
12180
3652
2952
2676
-7416
-756
-4384
-3220
6948
2468
8060
10432
996
5292
-1224
-6320
976
-5432
1472
7348
3228
11540
7992
932
5596
-5244
-4180
-1116
-6208
4624
4456
3864
11784
3536
2820
3160
-7108
-696
-3040
-2856
7404
3712
8236
11576
1764
5516
-820
-6640
360
-6076
488
6864
1996
10368
7884
356
5604
-4932
-4548
-84
-5700
4476
5968
4320
12652
4696
2704
3720
-6916
-1588
-3328
-4036
6780
3084
7164
11088
1240
4720
-292
-7008
464
-5112
-4
7772
2780
10832
8944
952
5676
-3936
-5184
-440
-6224
3640
5516
3496
11544
4844
2140
3876
-6688
-1476
-2416
-3688
7204
3868
7704
11860
1836
5176
-260
-6772
196
-5976
-656
7200
1952
9880
8560
364
5592
-4128
-5172
268
-5780
3800
6676
4024
12760
5416
2384
4224
-6620
-2144
-2788
-4656
6108
3200
6384
11052
1496
4192
72
-7204
588
-5052
-220
7696
2844
10972
9152
912
6256
-4048
-4888
-132
-6832
3940
5500
3192
11764
4800
1740
3812
-6788
-2048
-2140
-4220
6992
4092
7244
12108
2392
5000
412
-6748
492
-5676
-644
7124
1912
10036
8576
240
5524
-4008
-5772
332
-6360
3744
6376
3992
12456
5720
2516
4340
-6376
-1760
-2536
-4528
6480
3144
6372
11412
1368
4064
304
-7484
288
-5116
-432
7672
3124
10288
9484
1152
5956
-3808
-4848
-320
-6304
3652
5536
3384
11936
4712
1800
4020
-6664
-2052
-2344
-3836
6796
4164
7480
12116
2588
4876
408
-6780
88
-5492
-580
6924
2008
9664
8308
100
5304
-4284
-5572
84
-5668
4040
6400
4192
12664
5716
2500
4452
-6604
-1840
-2544
-4668
6824
3172
6120
11736
940
4204
148
-7928
372
-5464
-496
7744
2724
10676
9420
888
6356
-3884
-4572
260
-6264
3852
5988
3376
12040
4788
1540
3948
-7184
-1912
-2504
-4132
7180
3728
7520
12120
1688
5092
72
-7216
664
-5880
-24
7076
2044
10252
8280
200
5684
-4580
-5080
84
-5940
4200
6024
4468
12408
5248
2632
3828
-6828
-1312
-3260
-3956
7008
2540
7420
10836
812
4696
-736
-7404
576
-5800
768
7816
2768
11332
8868
1168
6232
-4516
-3992
-164
-6132
4484
5340
3836
12012
3520
2460
2804
-7444
-1624
-3176
-3280
7360
3200
8412
11528
1556
5696
-876
-6468
720
-5920
1136
7112
2224
11128
7344
184
5192
-5820
-4140
-1008
-5928
5308
5388
4904
12776
3816
3488
2680
-6932
-760
-3876
-2656
7308
2616
8208
10328
272
5336
-2316
-6584
504
-5840
1824
7448
3092
12136
7484
1576
5676
-5624
-2920
-1304
-5512
5900
4384
5420
11700
2340
3460
944
-7688
-416
-4644
-2072
7708
2820
10152
10184
1216
6328
-3016
-5336
324
-6208
2968
6148
3148
11744
5060
1448
3932
-6852
-2976
-2348
-4672
6276
3948
6964
12060
2500
4872
788
-6676
356
-5164
-656
7724
2412
9968
8708
416
5256
-4324
-5296
-388
-6192
3880
5992
4256
12292
5244
2872
4180
-6752
-1108
-2872
-3792
6976
3420
7328
11160
900
4580
-892
-7372
40
-5784
476
7104
2984
11224
8564
1100
5860
-4588
-3876
-448
-5824
4928
5076
4332
11912
3236
2624
2368
-7672
-1112
-3848
-2988
7656
2840
9172
11052
1424
5764
-1820
-6092
804
-6296
2224
6928
2756
11692
6512
804
4748
-6340
-3792
-1372
-5336
5828
4868
5768
12724
3080
4300
1976
-7076
336
-4572
-1608
7972
2208
9416
9560
-124
5356
-3736
-6524
96
-6436
2872
6744
3528
12516
5996
2208
4924
-6480
-1592
-2176
-4148
6820
3748
6920
11388
1248
4148
-424
-7792
-64
-6184
-364
7392
2588
10968
9132
960
6328
-4396
-4000
128
-5896
4872
5816
4324
12292
3732
2452
2972
-7668
-1496
-3792
-3488
7280
3124
8360
11144
1288
5500
-1160
-6700
948
-5820
1476
7136
2796
11292
6904
644
4956
-6020
-4356
-1340
-5612
5676
4540
5660
12580
3304
3640
2432
-7416
456
-4644
-1468
7628
2576
9392
9728
24
5512
-3356
-6472
60
-6692
2964
6644
3244
12468
6208
2120
5048
-6268
-1856
-2120
-4492
6948
3992
6468
11712
1340
4212
52
-7976
-80
-5772
-736
7644
2080
10832
9052
1020
6072
-4016
-4668
356
-6116
4764
5588
4244
12356
4296
2116
3288
-7760
-1756
-3608
-3652
7152
3004
8048
11332
1280
5140
-664
-6524
832
-5972
1044
7336
2772
10996
7704
624
5144
-5584
-4576
-976
-6088
5276
5004
4984
12780
3604
3264
3276
-7300
-40
-3536
-2464
7964
2880
8848
10556
276
5352
-2444
-6928
72
-6856
1988
6524
3032
11912
7064
1276
5584
-6088
-2408
-1360
-4808
6192
4556
5976
12144
2352
3760
1096
-8084
-376
-5472
-1752
7460
2324
9644
10240
504
6160
-3048
-5516
788
-6080
3136
6472
3460
12376
5248
1540
4452
-7072
-2504
-2412
-5000
6676
3864
6584
12452
1772
4764
868
-7220
648
-4984
-604
7988
2440
10372
8840
476
5416
-4272
-5684
-312
-6628
3684
5864
3784
12388
5128
2540
4588
-6724
-832
-2532
-3768
7184
3580
7596
11240
1196
4728
-804
-7648
-24
-6308
-372
7120
2080
10680
8500
924
5980
-4068
-4224
304
-5600
4924
5644
4716
12088
4456
2192
3392
-7568
-1872
-3964
-3800
6484
3212
7488
11440
1484
5216
-340
-6320
1000
-5508
836
7696
2912
11060
8408
712
5656
-5264
-4764
-924
-6324
4396
4932
4040
12380
4044
2716
3452
-6964
-676
-3280
-3064
7440
3456
8068
11008
1308
5048
-1368
-6968
60
-6252
548
6728
2320
10964
7824
956
5748
-5108
-3452
-180
-5540
5100
5516
4916
12516
3828
2688
3044
-7848
-1656
-3532
-3448
6600
3100
7704
11216
1188
5416
-452
-6324
964
-5432
1628
7524
3028
11236
7796
552
5300
-5752
-4620
-1228
-6224
4696
4444
4672
12072
3784
3160
2832
-6832
-372
-3172
-2348
7580
3320
8556
10792
1000
5316
-1892
-6736
-56
-6616
1060
6480
2292
11128
7052
964
5400
-5268
-3544
-320
-5364
5392
5188
5508
12244
3740
2904
2776
-7568
-1096
-4324
-2944
7004
2780
8300
10716
1160
5232
-1248
-6460
964
-5740
1748
7200
3208
11680
7436
1048
5436
-5704
-4212
-1436
-6068
5036
4364
4428
12332
3336
3352
2920
-6976
-236
-3396
-2472
7512
3292
8852
10716
888
5228
-1932
-6888
-52
-6568
1236
6380
2376
11112
7088
1416
5392
-5108
-3000
-544
-5104
5884
5360
5480
12696
3436
3420
2612
-7820
-868
-4504
-3076
7004
2536
8148
10644
988
5492
-1544
-6332
1012
-5624
1892
7180
3132
11672
7448
1036
5400
-5732
-4308
-1424
-6060
5108
4236
5016
11928
3232
3292
2464
-7132
52
-3756
-2236
7684
3256
8908
10700
836
5080
-2144
-6708
-152
-6356
1360
6500
2452
11348
6892
1228
5476
-5632
-2952
-584
-5160
5980
5108
5652
12552
3016
3420
2288
-7876
-696
-4840
-2688
6708
2460
8560
10032
780
5340
-1864
-6136
1044
-5744
2452
7220
3444
12056
7384
1176
5336
-5760
-3852
-1568
-6020
4980
4464
4832
11808
3020
3104
2308
-7052
-496
-3704
-1992
7796
3316
9436
10452
1156
5556
-2128
-6676
440
-6852
1616
6340
2508
11180
7088
772
5380
-5640
-2964
-696
-5236
5644
5328
5752
12188
3700
3472
2232
-7264
-848
-4824
-2296
6628
2600
8532
10164
988
5556
-2336
-6012
784
-5504
2252
7272
3360
11812
7152
1416
5284
-5912
-3636
-1544
-6028
5320
3976
4948
11720
2744
3324
2056
-7232
-284
-3828
-2004
7820
3112
9296
10680
892
5720
-2092
-6260
192
-6404
1900
6676
2248
11648
6248
1172
5200
-5832
-3168
-664
-5204
6072
5136
5680
12788
3212
3768
2064
-7108
-708
-4460
-2520
7092
2456
8564
10012
964
5440
-2096
-6080
604
-5524
2032
7108
3700
11656
7024
1696
4840
-5816
-3624
-1780
-5516
5060
4108
5112
11692
2768
3456
1804
-7260
-328
-3856
-1804
8024
2924
9540
10540
892
5920
-2476
-6208
420
-6628
2028
6352
2416
11660
6152
1052
5068
-6112
-2620
-936
-4928
6496
5032
6096
12492
3004
3876
1960
-7728
-392
-4924
-2496
7380
2008
8604
10148
-8
5808
-2564
-6280
1120
-5764
2860
7096
3700
12116
7056
1396
5288
-6456
-2872
-2180
-5584
5884
3908
5016
11916
1936
3604
1324
-7716
52
-4276
-1460
8072
2924
10008
10484
1148
6044
-2648
-5592
328
-6532
2556
6292
2492
11620
5484
1108
4628
-6492
-2880
-1564
-4632
6476
4524
6572
12300
2564
4616
832
-7080
172
-5360
-1264
7400
2120
9608
9200
376
5872
-3664
-5636
300
-6000
3452
6340
3772
12364
5768
1940
4576
-6916
-2440
-2568
-4868
6156
3440
6156
11612
1568
4180
592
-7364
312
-4780
-276
7904
3232
10440
9688
720
6028
-4076
-5096
-136
-6648
3356
5592
3356
11772
4764
1912
4048
-6804
-1792
-2368
-3880
6992
4164
7460
12008
1944
4860
-68
-6972
336
-6080
-312
7200
1956
10008
8184
440
5412
-4560
-5116
176
-5868
4372
6068
4624
12696
4836
2712
4048
-7016
-1572
-3412
-4220
6776
2752
7228
10980
996
4784
-532
-7212
624
-5304
392
7880
3036
11116
8732
1064
5860
-4436
-4404
-824
-5940
4664
5120
4060
12060
3732
2488
2788
-7488
-924
-3396
-2924
7476
3320
8988
11360
1680
5508
-1528
-6356
320
-6344
964
6732
2180
10712
7116
420
5100
-5536
-4116
-744
-5468
5480
5480
5356
12940
3968
3536
2896
-7208
-168
-4240
-2668
7228
2212
8496
9872
312
5108
-2576
-6588
620
-5984
2164
6980
3288
12420
6968
2052
5072
-5640
-2628
-1744
-5204
5976
4220
5376
11816
2368
3580
1084
-7388
-452
-4400
-1708
7700
2992
9920
10336
1092
5840
-3020
-5600
184
-6488
2872
6168
2708
11740
5368
1236
4364
-6848
-2600
-1836
-4560
6556
4532
6768
12360
2552
4796
796
-6888
172
-5668
-952
7348
1760
9652
8704
92
5348
-4212
-5628
252
-5960
4164
6444
4272
12780
5744
2756
4540
-6520
-1532
-2652
-4092
7072
2808
6852
10948
804
4452
-772
-7840
400
-5740
296
7808
2860
11180
8964
1048
6136
-4568
-4196
108
-6136
4840
5364
3984
11872
3396
2232
2804
-7796
-1456
-3564
-3524
7548
3124
8544
11608
1184
5740
-1108
-6584
908
-6184
1412
7160
2156
11288
7004
528
5108
-6304
-3952
-1060
-5756
5876
4892
5688
12840
3268
4176
2200
-7080
-48
-4532
-1780
7516
2460
9136
9652
428
5176
-3148
-6396
16
-5972
2572
6756
3572
12388
6444
2068
4984
-6040
-2264
-1960
-4908
6524
3640
6140
11524
1616
3892
236
-7516
-240
-5296
-780
7732
2552
10792
9704
1272
6264
-3280
-4936
136
-6488
3860
5908
3372
11940
4292
1824
3388
-7372
-2136
-2972
-3944
7216
3452
7872
11920
1904
5644
-264
-6412
856
-5908
608
7592
1936
10700
7712
392
5180
-5424
-5068
-660
-5972
4688
5632
4800
12808
4032
3428
3340
-6940
-596
-3628
-2888
7488
2688
8052
10496
364
4980
-2208
-7160
248
-6100
1640
7236
3292
11876
7496
1620
5820
-5744
-2884
-1140
-4964
5920
4592
5228
11812
2244
3460
896
-7772
-660
-4872
-1504
7528
3004
9972
10376
872
6336
-2976
-5176
708
-6252
3260
6336
3108
11904
5152
1252
4032
-7004
-2904
-2640
-4504
6708
3880
7088
12216
2116
5016
520
-6876
640
-5656
132
7556
2232
10424
8464
8
5372
-4960
-5236
-712
-6288
4264
5932
4472
12716
4808
3076
3712
-6816
-700
-3352
-3164
7568
3180
7944
10700
772
5044
-1880
-7560
284
-6320
844
7580
2884
11640
8012
1304
5800
-5204
-3492
-632
-5404
5768
4844
5292
12056
2476
3188
1348
-8068
-664
-5012
-2204
7568
2436
9540
10456
912
6112
-2600
-5676
760
-6000
2764
6732
3592
11936
5440
1424
4124
-7052
-2876
-2368
-4872
6472
3868
6668
12224
2192
4792
856
-7100
748
-5236
-316
7792
2588
10272
8712
372
5632
-4792
-5352
-308
-6240
4324
5516
4380
12908
4888
2740
4040
-7116
-644
-3252
-3412
7520
2864
7792
10936
488
4952
-1680
-7440
448
-6296
936
7588
2648
11800
8028
1420
5892
-5016
-3252
-456
-5440
5724
4616
5364
11788
2740
2852
1248
-8152
-724
-5128
-1764
7452
2640
9728
10556
1084
6356
-2484
-5288
1192
-5960
3156
6912
3360
12180
5868
1068
4396
-7344
-3100
-2932
-5060
6284
3572
6520
12360
1628
4832
604
-7112
1012
-5308
-84
7976
2644
10736
8748
40
5736
-5212
-5292
-700
-6332
4276
5636
4192
12584
4364
2716
3500
-7076
-520
-3524
-2748
7592
3008
8284
10812
688
5028
-1896
-7272
64
-6256
1392
7136
2944
11540
7736
1284
5456
-5364
-2912
-1000
-5124
5896
4736
5744
11884
2516
3328
1204
-8060
-828
-5372
-1648
7380
2392
10036
10152
808
6308
-2904
-5252
1148
-6072
3796
6556
3496
12348
5144
1276
3916
-7744
-2724
-3108
-5012
6676
2964
7220
11792
1776
5168
248
-6776
1296
-5324
712
8028
2776
11348
8352
432
5564
-5464
-4936
-700
-6604
4448
5288
4208
12660
4008
2896
3264
-7140
-480
-3304
-2976
7988
3104
8916
10940
672
5272
-2020
-7016
480
-6768
1780
7008
2600
12016
7076
1300
5568
-5804
-2856
-1008
-5368
6312
4496
5808
12076
2172
3492
1072
-8376
-448
-5340
-1520
7428
2384
9948
9832
860
6280
-3004
-5220
924
-6196
3932
6396
3800
12300
5004
1888
3824
-7484
-2456
-3248
-4744
6572
3256
7228
11908
1828
5048
312
-6936
1328
-5192
500
7944
2724
11256
8016
508
5628
-5668
-5124
-760
-6916
4688
5000
4172
12672
3664
3016
3404
-7036
-388
-3288
-2612
7988
3168
8900
10836
844
5300
-2100
-7060
212
-6824
1484
6376
2500
11660
6716
1276
5472
-5848
-2780
-932
-4888
6560
4600
6100
12668
2580
3856
1432
-7948
-232
-5348
-1860
7416
2080
9364
9868
588
5944
-3064
-5592
1004
-6280
3616
6628
3484
12616
5424
1464
4652
-7300
-2800
-2468
-5252
6500
3432
6476
12116
1892
4332
872
-7504
932
-5028
-348
8084
2764
10548
9108
500
5472
-4528
-5584
-564
-6624
3828
5372
3772
12356
4492
2600
3844
-6836
-948
-2700
-3096
7456
3648
8144
11596
1148
5112
-1012
-7564
168
-6224
288
6800
2496
10848
8064
780
5472
-4992
-3612
-360
-5504
5720
5360
5216
12560
3572
3020
2660
-7720
-1092
-4272
-2924
6976
2676
8352
10580
716
5264
-1756
-6488
892
-5752
2160
7340
3036
11940
7080
1032
5148
-6456
-3596
-1748
-6048
5568
4352
5384
12020
2940
3780
2212
-7236
312
-4276
-1348
7928
3028
9812
10220
624
5684
-3316
-6004
-36
-6824
2400
6264
3040
11692
5848
1584
5004
-6496
-2016
-1796
-4208
6980
4336
6868
12136
2056
4464
480
-7896
116
-6132
-1532
7136
1512
10228
8856
396
6104
-4032
-4860
732
-6032
4220
6492
4212
12552
4964
2368
3776
-7464
-2096
-3304
-4480
6644
2976
7072
11464
1368
5080
-368
-6612
1020
-5332
756
7652
2968
11332
8664
740
5900
-4848
-4768
-536
-6648
4256
5040
3732
12272
3940
2636
3528
-7276
-576
-3068
-2896
7304
3560
8576
11240
1368
5256
-1620
-6788
64
-6716
984
6476
2300
11048
7132
760
5552
-5372
-3740
-260
-5312
5512
5628
5480
12600
4044
3060
2724
-7568
-956
-4568
-2928
6876
2532
8248
10488
704
5416
-1740
-6396
1180
-5804
2072
7372
3352
12152
7172
1344
5188
-5996
-3556
-1532
-6064
5400
4376
5172
11952
2608
3676
2068
-7460
-84
-3844
-1712
7884
3000
9888
10200
868
5472
-2912
-6136
-240
-6644
2368
6088
2676
11468
5844
1324
4996
-6308
-2784
-908
-4628
6320
4876
6832
12080
2876
4116
1208
-7524
-412
-5484
-1544
7096
2040
9572
9052
664
5632
-3412
-5112
512
-5684
3744
6784
4152
12476
5828
2028
4644
-6636
-2572
-2808
-5116
6308
3260
5880
11460
1728
4028
552
-7288
500
-4704
-308
7916
3204
10532
9448
812
5884
-4060
-5288
-160
-7028
3688
5520
2916
11836
4788
1892
4268
-7072
-1812
-2060
-3832
7240
4188
7960
11900
2192
4856
24
-6996
176
-5800
-268
7136
2036
10304
8324
244
5840
-4552
-4912
216
-5788
4600
6036
4396
12844
4704
2488
3708
-6944
-1664
-3472
-4108
6784
3008
7196
10980
1076
4808
-696
-6888
532
-5216
1040
7620
3076
11524
8252
1232
5340
-4952
-4116
-1268
-6256
4344
4932
4164
11684
3720
2600
2912
-7076
-1216
-2872
-2788
7448
3864
8740
11220
1980
5412
-1148
-6364
4
-6216
856
6576
2340
11020
6996
708
5284
-5516
-4016
-384
-5416
5388
5304
5332
12740
3800
3600
2388
-7168
-800
-4296
-3008
7356
2192
8036
10380
540
5320
-1996
-6440
704
-5568
1516
7528
3232
11616
7456
1184
5360
-5576
-3860
-1312
-5724
5136
4528
4828
11856
2988
3316
2072
-7500
-268
-3540
-1996
7964
3324
9628
10676
1184
5708
-2216
-6288
200
-6644
2060
6300
2488
11356
6204
912
4744
-6300
-3060
-1196
-4856
6112
4672
6588
12468
3100
4280
1688
-7472
-56
-4912
-1932
7316
1932
8852
