# meta_json={"schema_version":4,"record_id":"20260928T181136_0800_fanA_r001","data_role":"formal","source_type":"real","device_id":"fanA","device_type":"fan","session_id":"fanA_rig01_12V_20260928","acquired_at":"2026-09-28T18:11:36+08:00","observed_condition":"baseline","target_label":"normal","label_basis":"controlled_injection","label_confidence":"confirmed","fault_level":0,"tape_count":0,"measurement_axis":"X","reference_gravity_axis":"Y","reference_gravity_sign":"+1","fixture_id":"rig01","sensor_module_id":"mpu01","sensor_mount_id":"fan_frame_top_left","installation_orientation_id":"x_measure_y_gravity","calibration_id":"uncalibrated","voltage_set_v":12.0,"firmware_build_id":"6db13e6","notes":"仅从9V改为12V；全部紧固且无胶带","fs_config_hz":1000,"window_samples":1024,"window_nominal_ms":1024.0,"capture_samples":20480,"capture_nominal_ms":20480.0,"afs_code":0,"frames":20,"first_seq":1,"last_seq":20,"lost_frames":0,"sample_id_gaps":0,"capture_mode":"fifo_continuous"}
1388
1020
7580
-1116
2392
1792
-5364
2852
-2120
-1608
6000
-480
4760
4988
-2400
4444
-1816
-3120
3244
-3952
1908
4076
-704
7584
1584
-576
4296
-4856
584
744
-3924
5200
944
1280
7644
-1580
2544
1616
-5180
3184
-2228
-1844
5872
-416
4564
5460
-2116
4436
-1488
-3476
3420
-3752
1968
4432
-1044
7560
1536
-508
4428
-4556
252
712
-3792
5068
1512
1104
7740
-1324
1960
1968
-5136
2740
-1892
-1976
6064
-820
4516
5536
-2208
4600
-2156
-3064
2984
-4148
2176
4240
-508
7172
1584
-620
4476
-4660
184
876
-3996
5440
1320
1188
7732
-1604
2844
1732
-5168
2924
-2212
-1468
5892
-372
4372
5444
-2184
4516
-1604
-3448
3276
-4264
2472
4180
-992
7488
1336
-300
4244
-4648
368
664
-3832
4932
1288
1316
7296
-1036
2440
1648
-5324
2868
-1820
-1872
5976
-988
4656
5460
-2632
4652
-1988
-2792
2924
-4188
2128
4096
-652
6940
1908
-816
4396
-4964
272
1152
-4196
5380
1260
1300
7336
-1412
2496
2100
-5260
2640
-1732
-2052
6176
-468
4580
5608
-2396
4660
-1876
-3060
3088
-4080
2220
4196
-980
7584
1464
-456
4416
-4584
236
740
-4044
5392
1480
1000
7524
-1540
2504
1828
-5152
2888
-2256
-1824
5580
-336
4604
5216
-2316
4640
-1860
-3544
3140
-3924
2152
4200
-1140
7328
1544
-512
4276
-4544
260
684
-3928
5268
1572
1404
7696
-1684
2488
1644
-4832
2936
-2052
-1728
5784
-548
4504
5784
-2404
4872
-2044
-3276
3160
-3972
2128
3932
-692
7044
1736
-676
4356
-4404
96
952
-4040
5024
1428
1140
7652
-1396
2512
1452
-5320
3160
-2532
-1188
5928
-712
4676
5004
-2320
4784
-1672
-3084
3096
-4016
2160
4144
-716
7284
1896
-496
4316
-4560
328
688
-3964
5400
1368
1304
7592
-1664
2552
1768
-5060
3044
-2048
-1692
5572
-424
4592
5288
-2020
4124
-1700
-3440
3140
-3816
1980
4120
-1060
7024
1660
-500
4380
-4524
-36
872
-4016
5244
1452
1316
7704
-1680
2500
1640
-5128
2808
-2172
-1452
5432
-492
4192
5676
-2104
4392
-1824
-3492
3372
-4120
2304
4244
-1032
7524
1588
-496
4576
-4644
484
592
-3916
4972
1884
1032
7732
-1168
2076
2156
-5516
3156
-1940
-1976
6292
-988
4340
5524
-2468
4852
-1748
-3172
3036
-3996
1800
4340
-852
7088
1840
-1024
4644
-4560
180
940
-4340
5320
1324
904
7720
-1316
2196
1864
-5436
3044
-1920
-2148
5964
-344
4252
5472
-2244
4628
-1184
-3592
3068
-3916
1944
4332
-520
7024
1960
-924
4552
-4188
-108
1196
-4088
4960
1876
788
7612
-1092
2192
2120
-5276
2932
-1740
-2000
6284
-492
4632
5428
-2500
4508
-1344
-3432
3104
-3880
1584
4212
-1020
7064
2268
-1064
4428
-4400
-360
1268
-4296
4992
1808
796
7768
-1136
1884
2368
-4972
2640
-1556
-2404
5900
64
3828
6020
-2376
4004
-960
-3888
3656
-3988
1644
4492
-1140
7424
2084
-980
4780
-4448
-384
1340
-3932
4608
2368
260
7988
-1084
1460
2672
-5464
2852
-1616
-2472
5860
-512
4288
5944
-2140
3884
-1040
-4016
3276
-3576
1240
4776
-1252
6636
2768
-1292
4888
-4172
-420
1516
-4624
4996
2040
900
7628
-996
1596
2456
-4812
2548
-1056
-2792
5788
-296
3832
6404
-2312
4568
-1068
-4320
3580
-3692
1624
4708
-1056
6644
2428
-1340
4992
-3668
-712
1152
-4672
4704
2148
772
7848
-676
1132
2216
-5340
2648
-1016
-2736
5852
-360
3276
6596
-2220
4260
-756
-4248
3040
-3528
936
4976
-844
6540
2428
-1336
4832
-3964
-600
1472
-4292
4560
2052
400
8080
-852
1556
2652
-5544
2724
-1460
-2276
6084
-412
3700
6032
-2008
4256
-812
-4076
3168
-3432
780
4940
-828
6608
2840
-1812
5100
-3808
-724
1632
-4500
4720
2036
412
7908
-712
1132
2760
-5520
2508
-1292
-2808
6152
-312
3156
6200
-2360
4384
-652
-4248
3220
-3572
852
4884
-856
6900
2492
-1396
4684
-3676
-920
1580
-4080
4320
2472
164
7896
-340
1204
3104
-5312
2440
-1176
-2804
6140
40
3332
6488
-2532
4432
-928
-3936
3392
-3912
924
4900
-824
6396
3004
-1532
5064
-4040
-956
1840
-4528
4384
2396
100
8036
-748
1276
3120
-5308
2160
-800
-3120
5644
280
3020
6560
-2012
3548
-416
-4248
3496
-3268
544
4908
-1276
6460
3236
-1724
5028
-3716
-1268
1920
-4172
4364
2940
-120
7988
-380
764
3552
-5268
2180
-892
-3240
5892
356
2992
6688
-2192
3536
-60
-4696
3256
-3172
236
5280
-1176
6076
3204
-1512
4868
-3216
-1524
1948
-4332
3840
3008
-120
7820
-144
584
3536
-5212
2068
-536
-3508
5744
428
2736
7076
-1984
3540
216
-4936
3676
-3304
244
5220
-864
6004
3424
-1576
4644
-2972
-1824
2276
-4284
3472
3092
-392
7852
524
116
3932
-5548
1624
-12
-3836
6456
292
2216
7036
-2344
3452
660
-4832
3232
-3112
-836
5620
-760
5556
4208
-2292
4588
-2572
-2072
2884
-4536
2924
3276
-564
7836
592
212
3904
-5300
1368
176
-3652
5948
628
1772
7548
-2204
3360
864
-4700
3296
-2904
-760
5592
-496
5220
4596
-2192
4796
-2684
-2424
3120
-4144
3052
3136
-516
7392
1164
148
4100
-4936
456
384
-4016
5656
1296
1864
7500
-2248
2764
1072
-4760
3368
-2604
-1144
5540
-976
4908
5316
-1856
4588
-2128
-3216
2892
-3880
2344
4180
-712
7328
1300
-520
4648
-4268
468
676
-4212
5092
1624
1380
8024
-1240
1836
1964
-5496
3092
-1808
-1856
6264
-840
4496
5108
-2028
4992
-1708
-3372
2900
-4092
1716
4584
-828
7312
1940
-1472
4756
-4588
284
1116
-4388
5232
1492
744
7656
-1016
2164
2244
-5692
2460
-1500
-2312
6224
-12
3396
6248
-2676
4364
-608
-4184
3428
-3916
1308
4700
-880
6664
2708
-944
4656
-3952
-620
1748
-4328
4688
2180
624
7624
-676
1528
2880
-5148
2192
-1244
-2612
5936
204
3124
6504
-2180
3800
-404
-4332
3424
-3424
260
5344
-1220
6448
3068
-1684
5048
-3752
-1172
1840
-4268
4032
2616
312
7408
80
692
3212
-5080
1792
-456
-3344
5920
224
2660
6860
-2364
3912
48
-4540
3528
-3196
176
5172
-1100
5896
4196
-2020
4848
-3248
-1680
2340
-4316
3684
3056
-400
7736
552
276
3928
-5152
1280
48
-3764
5944
760
2236
7168
-2008
3252
600
-4664
3340
-2744
-1060
5052
-568
5500
4540
-2156
4632
-2780
-2468
2672
-4020
3152
3268
-696
7644
800
136
4104
-4912
1192
-40
-3692
5608
984
1596
7544
-1600
2836
1372
-5204
3620
-2492
-1320
6032
-1016
5336
4780
-2544
4856
-2380
-2700
3024
-3952
2168
3992
-892
7188
1568
-712
4488
-4908
336
640
-4004
5336
1256
1476
7384
-1352
2408
1664
-5080
2828
-1924
-1604
5916
-428
4568
5376
-2272
4520
-1548
-3216
3212
-3932
1728
4408
-924
6984
2008
-904
4568
-4552
-228
1332
-4044
5208
1528
720
8004
-1128
2216
2236
-5300
2864
-1556
-2120
5792
-120
3548
6132
-2168
4384
-1288
-4160
3428
-3764
1576
4660
-940
6872
2048
-1116
4544
-3780
-500
956
-4216
4420
2168
628
7796
-476
1424
2364
-5544
2744
-1280
-2628
6016
-384
3692
5864
-2160
4152
-500
-4100
2976
-3420
740
4976
-996
6764
3080
-1596
4608
-3676
-1008
2000
-4188
4436
2204
-100
7904
44
1312
2896
-5388
2128
-912
-2984
6260
-32
2880
6516
-2304
4084
56
-4436
3244
-3352
0
5260
-556
5980
3752
-2172
4652
-3324
-1624
2320
-4468
3908
2932
-532
7796
-220
824
3604
-5716
2000
-832
-3144
6128
188
2936
6584
-1892
3424
428
-4520
3304
-2812
-704
5592
-772
5668
4368
-1808
4576
-2888
-2220
2692
-3956
3196
3372
-120
7492
536
236
4024
-4840
1356
-460
-3600
5652
636
2356
7300
-1780
2808
732
-4772
3396
-2516
-844
5816
-1412
5348
4568
-1880
5228
-3064
-2192
2768
-4236
2996
3532
-348
7304
984
-312
4288
-4832
792
472
-3924
5636
1008
1160
8180
-1624
2824
1240
-5364
3528
-2772
-960
5844
-704
5052
4600
-2072
4632
-1956
-2984
2984
-3904
1860
4244
-952
7748
1716
-1184
4500
-4720
400
980
-4124
5168
1560
720
7644
-1204
1964
2260
-5520
2972
-1972
-2400
5956
-400
4176
5612
-2568
4296
-1364
-3420
3080
-3616
1552
4508
-1048
6748
2376
-1232
5024
-4208
-480
1408
-4304
4960
2064
1024
7548
-948
1460
2552
-5008
2844
-1224
-2552
5764
-388
3692
6024
-1852
4236
-852
-4304
3112
-3376
900
4940
-1040
6416
2924
-1680
5220
-3760
-844
1484
-4556
4064
2440
616
7540
-236
652
2868
-5208
1800
-68
-3052
5868
-156
2876
6804
-2164
4024
192
-4364
2968
-2976
-148
5664
-684
5644
3732
-2180
5028
-2820
-1560
2644
-4756
3600
2756
-68
8132
168
536
3500
-5168
1704
-280
-3252
5732
524
2116
6748
-1348
3116
736
-4752
2984
-2712
-1080
5980
-728
5560
4320
-2472
5088
-2672
-2244
2744
-4240
3148
3264
-640
7324
1256
-140
4176
-5040
584
420
-3960
5896
980
1476
7684
-2048
2812
1552
-4784
3136
-2316
-1624
5652
-560
4792
5580
-2256
4500
-1964
-3244
3172
-3808
2200
4200
-1008
7156
1660
-700
4748
-4532
268
632
-4236
5208
1492
1332
7392
-1208
2032
1908
-5100
2440
-1436
-2340
5860
-404
3640
5948
-2384
4604
-1136
-3656
3200
-4040
1324
4464
-584
7088
2480
-1620
4396
-3688
-552
1660
-4216
4180
2308
460
8004
-488
1468
2788
-5432
2388
-1064
-2796
6152
-340
3656
6252
-2536
4372
-440
-4000
3384
-3352
220
5148
-956
6264
3736
-2056
4768
-3476
-1588
2452
-4480
4052
2840
-316
7836
-48
876
3196
-5276
1672
-696
-3084
5780
288
2268
7032
-2064
3708
276
-4624
3500
-3232
-484
5740
-1084
6392
3608
-2068
4968
-2820
-2084
2832
-4364
3248
3348
-648
8000
936
-196
3896
-5244
1464
416
-3920
5832
516
2032
7164
-1896
3132
1136
-4932
3124
-2352
-1236
5876
-768
4988
4768
-2216
4604
-1900
-3084
3048
-4152
2392
4028
-852
7576
1352
-652
4484
-4832
732
444
-4024
5464
1128
1332
7728
-1488
2364
1548
-5152
3032
-2108
-1644
5920
-372
4196
5592
-2252
4696
-1396
-3444
3340
-3880
1528
4560
-772
6820
2408
-1040
4928
-4268
-408
1372
-4060
4984
1980
208
7760
-852
1672
2964
-5456
2468
-1504
-2696
6132
-24
3540
6112
-2424
3900
-692
-3916
3444
-3292
728
4600
-1080
6476
3420
-1332
4772
-3660
-1348
2048
-4256
4084
2828
-132
7440
-80
496
4144
-5344
1912
-480
-3836
6116
368
2716
7180
-2000
3212
388
-4516
3260
-2660
-416
5360
-724
5328
4456
-1820
4892
-2908
-2204
2300
-4188
3316
3260
-264
7620
404
-268
4068
-4712
1168
164
-4148
5516
920
1600
7584
-1680
2736
1088
-5444
3288
-2232
-1308
5972
-976
4864
4996
-2692
5124
-1860
-3012
3228
-4436
2244
4048
-840
7304
2244
-1104
4328
-4360
-228
1744
-4212
5024
1844
392
8068
-1084
1756
2696
-5664
2792
-1328
-2496
5984
72
3232
6024
-2384
3956
-524
-3760
3264
-3500
964
4676
-1024
6764
3024
-1476
4496
-3812
-532
1864
-4228
3992
2692
-112
7904
-24
852
3588
-5468
1924
-240
-3420
6012
196
2328
6892
-2184
3724
648
-4552
3264
-2608
-916
5604
-416
5092
4640
-2480
5112
-2324
-2608
2936
-4264
2812
3524
-948
7552
1172
-448
4216
-4768
692
568
-4052
5220
1260
1064
7624
-1540
2272
1952
-5368
3360
-1952
-1992
6080
-700
4188
5420
-2316
4392
-1172
-3936
3192
-3692
1036
4636
-932
6796
2644
-1764
4936
-4104
-720
1768
-4188
4660
2020
224
7872
-340
1352
3020
-5160
2268
-816
-2796
5848
260
2432
6988
-2008
3648
248
-4944
3648
-3008
-432
5688
-940
5500
4000
-2232
5116
-2692
-2800
2764
-4368
2864
3484
-780
7788
1072
-516
4212
-5008
1020
352
-3956
5556
1064
1480
7432
-1508
2316
1500
-5220
3120
-1756
-1632
5708
-744
3956
6000
-2248
4524
-1144
-3952
3264
-3824
1656
4960
-932
6904
2236
-1336
4860
-3784
-196
1592
-4384
4432
2212
340
7848
-104
1180
2952
-5332
2048
-620
-2788
5920
-260
2836
6708
-2276
3676
356
-4540
3304
-3380
-116
5388
-824
5516
4192
-1972
4624
-2532
-2496
2808
-4280
3104
3540
-848
7644
932
-168
4000
-4732
956
588
-3920
5364
1228
1452
7552
-1464
2488
1836
-5312
3244
-2028
-1728
5896
-748
4616
5452
-2252
4440
-1264
-3420
3136
-3768
1488
4568
-876
6772
2588
-1312
4844
-4144
-684
1916
-4388
4340
2248
-196
7836
-212
900
3344
-5404
1852
-704
-3300
6164
388
2216
6624
-2028
3536
768
-4736
3204
-2900
-644
5628
-792
5440
4460
-2304
5088
-2712
-2328
2916
-4148
3040
3640
-772
7552
1280
-376
4240
-4936
652
720
-3968
5568
1248
1008
7436
-1156
2528
1828
-5312
2744
-1692
-2096
5880
-524
4028
5708
-2660
4472
-1044
-3968
3420
-3644
1192
4696
-1228
6876
2632
-1456
4732
-3944
-580
1852
-4376
4424
2236
216
7652
-408
1304
3336
-5376
2172
-748
-3096
5804
204
2692
6868
-1964
3360
632
-4792
3432
-2732
-856
5808
-1080
5604
4332
-2160
4736
-2368
-2396
2620
-3908
2572
3684
-592
7328
1108
-676
4408
-4640
944
520
-4084
5084
1308
1388
7268
-1176
1972
1772
-5160
2884
-1496
-2344
5764
-324
3764
5732
-2312
4592
-988
-3776
3040
-3284
860
4884
-868
6508
3092
-1928
5012
-3452
-956
2172
-4380
4272
2240
-44
8024
20
1024
3256
-5288
2044
-436
-3364
6160
416
2544
6932
-2332
3452
600
-4800
3592
-2852
-652
5440
-1028
5416
4344
-2124
4772
-2544
-2760
2804
-4072
2732
3748
-780
7096
1220
-448
4460
-4572
432
728
-4100
5092
1604
1352
7640
-1268
2148
2060
-5448
3168
-1764
-1836
5752
-648
4208
5920
-2260
4356
-1204
-3828
3436
-3724
1176
4624
-868
6524
2800
-1552
5028
-3896
-760
1508
-4204
4264
2240
340
7704
-524
860
3172
-5168
2264
-828
-3172
5876
92
2492
7072
-2204
3360
128
-4900
3400
-2788
-484
5656
-1028
5340
4124
-2248
4948
-2652
-2412
2692
-4476
3108
3408
-180
7560
844
-280
3888
-4452
960
548
-3968
5152
1400
1236
7896
-1632
2448
1672
-5404
3200
-1740
-1696
5868
-628
4384
5456
-2272
4276
-1076
-3584
3104
-3724
1468
4612
-1252
7060
2748
-1520
4804
-4296
-532
1616
-4460
4596
2388
404
7532
-460
1248
2872
-5140
2116
-736
-3048
5704
356
2940
6664
-2524
3832
-132
-4432
3364
-2968
-24
5204
-1072
5764
4120
-2092
5120
-3088
-1984
2528
-4232
3268
3240
-212
7216
828
228
4004
-4700
788
396
-4104
5828
792
1896
7120
-1664
2772
1432
-4796
2784
-2144
-1700
5488
-468
4480
5340
-2364
4300
-1544
-3324
2916
-3960
1884
4120
-1160
7248
2096
-880
4608
-3940
-404
1080
-4232
4612
2592
216
7756
-408
1388
2944
-5452
2444
-904
-2724
5892
8
3072
6428
-2300
3896
-8
-4224
2996
-2792
-240
5452
-792
5356
4412
-2488
4892
-2716
-2348
2744
-4284
3392
3408
-908
7856
616
-12
4056
-5344
1556
232
-3756
5436
1004
1564
7184
-1496
2484
1892
-5376
3020
-2132
-1912
5956
-764
4268
5504
-2436
4576
-1456
-3552
3516
-3948
1556
4428
-936
6780
2520
-1012
4680
-3768
-852
1600
-3872
4236
2424
184
7644
-560
1084
3316
-5056
2080
-968
-3044
5708
132
2736
6968
-2208
3480
400
-4704
3516
-2852
-480
5496
-1008
5492
4092
-1812
4568
-2504
-2224
2312
-3852
2864
3624
-632
7168
1440
-644
4356
-4836
700
628
-4016
5448
1196
1412
7560
-1244
2540
1808
-5220
2824
-1532
-1796
5904
-468
4156
5576
-2488
4456
-960
-3728
3188
-3428
928
4736
-856
6376
2972
-1444
4628
-3540
-1028
1920
-4104
4068
2556
-244
8156
-76
836
3136
-5452
2028
-404
-3316
5676
620
1964
6996
-1772
3308
868
-5024
3224
-2312
-1136
5632
-888
5068
4800
-2440
4764
-2208
-2728
2868
-3700
2544
3768
-1004
7420
1552
-668
4476
-4520
388
900
-4140
5140
1796
872
7548
-544
1588
2604
-5236
2692
-1044
-2788
6000
-140
3248
6260
-2380
4264
-588
-4292
3200
-3176
604
4968
-868
5940
3640
-1956
4848
-3196
-1560
2256
-4248
3472
2880
-376
7936
408
228
3796
-5352
1708
-48
-3608
5732
472
1948
7304
-1884
2920
1292
-5152
3312
-2388
-1340
5756
-768
4604
5392
-2252
4560
-1880
-3248
3304
-3988
1940
4300
-944
7204
2052
-1092
4752
-4476
-100
1164
-3848
4440
2012
284
7528
-284
1112
3088
-5228
2280
-892
-2976
6056
80
3200
6300
-2192
3940
-256
-4200
3128
-2888
-52
5216
-928
5852
4160
-1936
4440
-2876
-2164
2680
-4016
3092
3360
-660
7524
872
-240
4424
-4904
952
544
-4012
5608
1028
1660
7668
-1444
2200
1856
-4988
2784
-1380
-2040
5768
-504
3636
5936
-2248
4276
-1004
-3828
3192
-3952
1264
4932
-752
6472
2568
-1360
4828
-3708
-884
1816
-4320
4128
2232
44
7828
-304
932
3032
-5088
1908
-308
-3592
5744
240
2404
7220
-2144
3416
692
-5164
3480
-2492
-828
5508
-908
4956
4948
-1984
4512
-1836
-3052
3116
-4040
2060
4276
-804
7480
1676
-848
4244
-4372
488
1144
-3980
4520
1508
608
7904
-492
1660
2304
-5848
2484
-936
-2564
5996
-380
2992
6328
-2424
4236
-96
-4424
3276
-3636
292
5280
-756
5992
3624
-2216
4788
-2980
-1548
2528
-4152
3136
2972
-440
7800
1048
72
4220
-5100
980
344
-3708
5780
1356
1208
7392
-1564
2632
1908
-5208
3424
-2056
-1856
5772
-848
4440
5740
-2188
4260
-1504
-3656
3476
-3488
1376
4588
-1056
6652
2224
-1024
4652
-3580
-1072
1356
-4016
4248
2616
124
7608
-228
412
3404
-5200
2408
-620
-3420
5904
236
2892
7040
-2296
3768
268
-4740
3412
-2720
-528
5356
-816
5224
4624
-2380
4748
-2084
-2552
2920
-4248
2528
3768
-688
7524
1396
-556
4332
-4548
520
940
-4044
5320
1432
788
8080
-1320
2056
2080
-5332
2916
-1896
-2372
6164
-396
3440
5776
-2392
4320
-708
-4200
3400
-3392
348
5120
-924
6076
3296
-1884
5004
-3180
-1516
2136
-4072
3796
2848
-232
7656
440
644
3560
-4980
1268
-232
-3440
5948
976
1604
7080
-1828
3156
1376
-5192
3528
-2580
-1600
6060
-748
5304
4756
-2508
4616
-1768
-3000
2916
-3476
1632
4020
-944
6804
2580
-1160
4540
-4564
-204
1084
-4056
5052
1896
736
7228
-768
1464
2820
-4920
2444
-996
-3140
5948
100
3056
6816
-2256
3860
-236
-4516
3528
-3144
488
5040
-1328
6128
3320
-1540
4864
-2924
-1600
1920
-4080
3320
3580
-596
7660
744
-136
3968
-5188
1472
288
-4140
5556
920
1592
7480
-1820
2848
1552
-5472
2968
-2064
-1716
5888
-660
4280
5416
-2420
4560
-1004
-3648
2972
-3996
1516
4740
-992
6920
2248
-1264
4620
-4044
-264
1436
-4132
4172
2152
532
7716
48
1116
2848
-5316
1896
-500
-3088
6080
532
2468
6784
-2500
4080
376
-4588
3160
-3324
100
5280
-840
5636
4420
-2228
4532
-2756
-2232
2928
-4520
3200
3284
-648
7564
872
296
4004
-5060
888
484
-3944
5740
796
1616
7268
-2044
3072
1376
-5028
3148
-2452
-1532
5916
-720
4520
5340
-2560
4748
-1804
-3292
3376
-4136
1812
4440
-936
6960
2060
-844
4880
-4304
-284
1236
-4272
4768
2188
840
7608
-788
1448
2780
-5284
2496
-1036
-2600
5844
-180
3284
6460
-2496
3932
-248
-4344
3364
-3380
312
5216
-1216
5948
3508
-1712
4808
-3608
-1372
2216
-4560
3752
2660
252
7628
52
564
3744
-5060
1444
-260
-3496
5920
576
2332
7148
-1756
2968
756
-4912
3348
-2472
-916
5728
-812
5156
4888
-2372
5060
-2204
-2912
2860
-4128
2720
3900
-552
7232
1636
-464
4124
-4528
344
744
-4032
5092
1532
976
7580
-1400
2148
1832
-5300
2628
-1676
-1884
5784
-240
3956
5616
-2332
4236
-1152
-3432
3192
-3572
1148
4528
-788
6584
2692
-1336
4916
-4292
-376
1548
-4312
4936
1916
816
7580
-684
1400
3004
-5140
2380
-964
-2780
5908
228
2764
6528
-1900
3660
-60
-4692
3304
-3136
80
5424
-1148
5944
3160
-1768
5052
-3140
-1564
1796
-4080
3532
3156
-124
7332
708
116
3656
-5008
1332
256
-3672
5708
584
2188
7164
-1892
3228
732
-5120
3340
-2532
-724
5556
-572
5056
4940
-2300
4548
-1988
-2884
3052
-4120
2560
4068
-800
7400
1192
-328
4476
-4920
696
524
-3648
5344
1152
1620
7272
-1352
2336
2040
-5052
2820
-1800
-2284
6120
-860
4048
6004
-2760
4700
-1380
-3776
3188
-3912
1664
4568
-1092
6644
2464
-1304
4692
-3988
-332
1432
-4372
4492
2180
444
7816
-528
1272
2720
-5352
2568
-692
-2904
5924
-220
3080
6648
-2180
4336
24
-4812
3536
-3136
380
5392
-1040
6260
3520
-1944
4852
-3256
-1480
2252
-4408
3520
2856
-212
7996
168
536
3372
-5212
1720
-316
-3316
5804
636
2028
6988
-1840
3288
800
-4940
3332
-2760
-824
5592
-832
5480
4400
-2380
4976
-2600
-2412
2920
-4212
2816
3516
-836
7724
1064
-236
4436
-4680
780
556
-3788
5200
1448
1096
7676
-1324
2232
1824
-5244
3368
-2128
-1780
5876
-816
4548
5268
-2280
4700
-1568
-3720
3136
-3860
1972
4268
-784
6844
2192
-1220
4500
-3816
-524
1512
-4492
4584
2144
356
8060
-836
1528
2588
-5624
2660
-1272
-2824
6288
-304
3656
6112
-2436
4116
-304
-4068
3360
-3528
540
4992
-1048
6472
3608
-1872
4964
-3732
-1108
2184
-4580
4268
2588
108
7796
-260
920
3212
-5116
1856
-820
-3124
5536
584
2532
6796
-1920
3364
452
-4796
3320
-2708
-620
5716
-1304
5740
4024
-2012
5140
-2960
-1876
2116
-4352
2984
3396
-244
7440
868
-208
3924
-5144
1120
344
-3964
5692
540
2012
7232
-1528
2968
1060
-4676
3084
-2052
-1456
5796
-404
4844
5312
-2528
4824
-1836
-3008
3100
-3980
2352
3964
-636
7472
1568
-660
4272
-4592
484
632
-3884
5236
1408
1176
7436
-988
1852
1972
-4912
2752
-1740
-2188
5932
-416
4096
5736
-2216
4368
-1436
-3728
3480
-3412
1124
4736
-992
6680
2652
-1136
4912
-4208
-756
1628
-4312
4696
2276
500
7736
-676
1468
2928
-5424
2464
-900
-2864
5960
-20
3080
6520
-2276
4148
-404
-4308
3352
-3264
336
5176
-1052
6136
3332
-1588
4928
-3412
-1456
2032
-4196
3364
3012
-192
7640
568
216
3864
-5448
1588
-108
-3540
5904
104
2272
6804
-1724
3432
572
-4688
2792
-2476
-712
5492
-356
4848
4496
-2228
4892
-2368
-2360
2752
-4220
2876
3528
-340
7840
916
-48
4316
-4772
660
476
-3584
5408
1136
1252
7612
-1324
2764
1648
-5256
3044
-2408
-1204
5860
-732
4588
4788
-2300
4648
-1704
-3368
3232
-4052
1652
4280
-744
7432
1768
-852
4504
-4204
60
996
-4052
5124
1568
892
7776
-1180
2172
2252
-5364
2984
-1680
-2288
5964
-220
3656
6460
-2320
4252
-688
-4140
3416
-3436
908
4888
-1080
6512
3004
-1700
5164
-3840
-820
1456
-4428
4284
2472
460
7716
-324
844
3056
-5024
2148
-532
-3476
5760
132
3164
6932
-2496
3760
-84
-4536
3356
-2836
-164
5392
-1180
5632
3952
-2012
5136
-3152
-2000
2388
-4304
3536
3116
-308
7608
472
576
3808
-4756
1508
-212
-3628
5440
948
2004
7088
-1188
2776
1448
-5264
3188
-2260
-1520
5992
-756
4936
4972
-2348
4612
-1776
-3240
3072
-3800
2236
3952
-844
7096
1744
-604
4752
-4544
64
740
-3880
4984
1728
792
7580
-1084
1680
2440
-5248
2616
-1344
-2356
5880
-312
3548
5968
-2268
4444
-728
-4036
3244
-3296
868
4796
-920
6592
2900
-1608
5080
-3692
-932
2040
-4428
4484
2516
4
7860
-196
1148
3348
-5592
2136
-476
-3212
5892
228
2648
6980
-2276
3516
236
-4812
3376
-3020
-144
5384
-1192
5508
3880
-1928
4784
-2760
-2000
2504
-4392
3100
3232
-240
7368
1024
-156
3904
-5028
1076
344
-3752
5328
856
1876
7336
-1612
2632
1464
-4996
3072
-1772
-1464
5656
-768
4404
5436
-2132
4708
-1748
-3308
2984
-3792
2132
4284
-924
7208
1856
-1124
4796
-4416
176
1248
-4224
4836
1800
548
7700
-668
1440
2728
-5464
2364
-1124
-2840
6296
-424
3704
6116
-2596
4124
-464
-4052
3412
-3420
520
5076
-1208
6436
3620
-1644
4924
-3672
-1124
2116
-4160
3772
2792
-124
7880
-40
556
3680
-5128
1640
-284
-3428
5940
644
1996
7176
-1908
3196
896
-5032
3404
-2792
-1000
5648
-996
5568
4496
-2360
4664
-2380
-2736
2788
-3884
2320
3848
-1120
7184
1552
-436
4792
-4936
336
436
-4052
5472
1308
1528
7348
-1352
1984
2276
-4800
2704
-1656
-2348
5672
-144
3704
6168
-2268
4200
-808
-4216
3788
-3660
1288
4776
-1112
6684
2732
-1408
4712
-3388
-816
1896
-4324
4056
2780
-76
7708
-56
868
3332
-5496
1996
-480
-3004
5756
164
2376
7036
-1996
3252
684
-4888
3256
-2980
-360
5452
-524
5436
4080
-2216
4588
-2200
-2540
2844
-4128
2460
3776
-800
7644
1584
-468
4388
-4892
720
684
-3924
5644
1168
1252
7380
-1520
2312
2440
-5184
2940
-1828
-2388
6272
-340
4120
5956
-2396
4252
-1212
-3636
3516
-3484
1176
4384
-892
6788
2668
-1300
4788
-3824
-932
1720
-4208
4224
2768
-204
7740
-36
452
3392
-5252
1992
-396
-3464
5696
372
2552
7252
-1944
3444
576
-4952
3308
-2728
-484
5464
-940
5376
4360
-2076
4700
-2292
-2544
2680
-3784
2460
3708
-624
7372
1396
-712
4660
-4764
788
940
-4072
5364
988
1476
7736
-1204
1928
1864
-5168
2912
-1528
-2088
5908
-368
3592
5824
-2104
4048
-800
-3848
3168
-3444
664
5176
-912
6232
3020
-1692
5032
-3640
-1284
1952
-4408
3928
2548
-4
7824
-84
636
3492
-5080
1644
-328
-3532
5992
528
2104
7284
-1756
3120
1016
-5048
3348
-2632
-988
5900
-664
5136
4768
-2292
4684
-2036
-2596
2920
-3940
2216
3532
-652
7108
1972
-632
4168
-4528
-8
1012
-3912
5184
1596
632
7464
-1012
1836
2748
-5132
2552
-1208
-3060
6016
-92
3296
6508
-2500
4216
-560
-4436
3744
-3008
380
4884
-888
5720
3988
-2012
5080
-2892
-2220
2260
-4504
3692
3316
-392
7664
872
-176
4052
-5152
1352
368
-4036
5808
556
1840
7452
-1692
2832
1380
-5076
3156
-2156
-1652
5672
-468
4424
5372
-2524
4388
-1244
-3644
3248
-3772
1368
4416
-1160
6984
2504
-1340
4584
-4060
-628
1736
-4152
4400
2056
204
7744
-284
1220
3296
-5296
1992
-600
-3272
5892
452
2500
6844
-1896
3344
604
-4668
3348
-2516
-868
5528
-828
5324
4708
-2460
5076
-2544
-2676
2796
-4196
2948
3952
-800
7500
1232
-632
4188
-4476
568
840
-4120
4816
1584
852
7728
-852
2040
2024
-5396
2808
-1256
-2372
5980
-252
3516
6000
-2428
4288
-456
-4304
3356
-3236
256
5040
-864
5916
3692
-1996
4900
-3244
-1740
2640
-4304
3856
2992
-180
7404
460
728
3724
-4956
1504
40
-3464
5432
740
1884
7532
-1708
2820
1440
-5268
3220
-1976
-1664
5992
-1048
4264
5456
-2240
4584
-1264
-3868
3184
-3712
1304
4716
-876
6816
2488
-1476
4584
-4040
-228
1800
-4400
4396
2008
244
7852
-88
920
3324
-5376
2024
-396
-2996
6020
328
2328
7160
-1836
3552
356
-4720
3528
-3012
-252
5544
-848
5500
4172
-1804
4980
-2584
-2564
2912
-4008
2488
3864
-740
7388
1372
-596
4308
-4548
444
808
-3960
5008
1084
1008
7388
-912
2064
2136
-5284
2820
-1624
-2260
6080
-548
3956
5832
-2532
4228
-732
-4056
3276
-3324
836
4784
-740
6188
3584
-1872
4852
-3172
-1564
2332
-4144
3992
3008
-160
7748
184
428
3616
-5092
1788
-492
-3396
5708
804
2092
6892
-1560
2880
1152
-4940
3320
-2512
-920
5632
-560
5092
4668
-2108
4760
-2184
-2756
2652
-3916
2344
4000
-680
7044
1812
-872
4484
-4520
108
924
-4020
5060
1588
824
7716
-920
1880
2456
-5228
2656
-1444
-2476
5904
40
3376
6004
-2128
3984
-596
-4268
3280
-3420
688
5092
-1096
6544
2996
-1312
4832
-3308
-1412
2240
-3936
3460
2996
-448
7604
628
204
3692
-5508
1400
-72
-3480
5984
536
1992
6868
-2044
3272
912
-4772
2948
-2668
-1268
5520
-648
5036
4768
-2476
4880
-2404
-2628
2812
-4100
2660
3656
-632
7328
1608
-472
4272
-4592
336
828
-3836
5212
1452
1052
7348
-936
2420
1928
-5160
2680
-1584
-2172
5944
-412
4492
5664
-2592
4708
-1244
-3640
3392
-3716
1340
4380
-1164
6608
2960
-1564
4928
-4132
-752
1584
-4448
4656
2164
192
7764
-624
1216
2904
-5244
2500
-676
-3204
5876
152
2844
7080
-2140
3880
-208
-4948
3684
-3028
88
5472
-1212
5904
3556
-1776
5084
-2920
-1672
2088
-4204
3300
3460
-268
7876
384
-204
3964
-5156
1872
0
-3768
5680
460
2056
7244
-1620
2996
1128
-5184
3040
-2372
-948
5848
-424
4464
4852
-2076
4892
-2204
-3012
2900
-4104
2864
3744
-696
7256
1308
-124
4104
-4664
508
512
-3848
5236
1504
1108
7648
-1132
2100
2188
-5328
3104
-1520
-2068
6252
-696
4356
5388
-2200
4600
-1056
-3528
2748
-3380
1308
4656
-788
6620
2508
-1308
4592
-4084
-120
1420
-4328
4612
1716
540
7712
-608
1616
2608
-5492
2500
-1072
-2624
6024
88
3072
6348
-2136
3940
-308
-4604
3244
-3412
664
5096
-1112
6560
2840
-1748
4960
-3576
-1048
1864
-4280
4044
2628
-100
8104
-180
1044
3124
-5288
1900
-544
-2904
6132
184
2560
6888
-2136
3780
-12
-4340
3284
-3300
80
5128
-620
5872
3684
-1612
4816
-3300
-1868
2596
-4564
3856
2804
-412
8268
96
660
3648
-5360
1656
-424
-3440
5788
504
1916
7248
-1740
3168
400
-4836
3504
-2800
-788
5160
-692
5720
4036
-1860
4896
-2768
-2304
2764
-4028
2916
3476
-400
7580
1172
-368
4352
-5260
1180
312
-3800
5716
560
2068
7052
-1716
3108
1184
-5052
3108
-2172
-1316
5528
-952
5060
5020
-2328
4812
-2368
-2860
2960
-4316
2444
3916
-832
7412
1320
-516
4388
-4864
656
540
-3908
5296
1312
1256
7608
-1380
2296
1748
-5144
2928
-1976
-1892
5956
-548
4588
5488
-2544
4748
-1464
-3308
3192
-3920
1788
4364
-1024
7352
2244
-1044
4572
-4332
164
1064
-4360
5100
1828
1088
7740
-1336
1984
2244
-5284
2816
-1096
-2704
5968
-660
3956
6216
-2372
4296
-1460
-3764
3024
-3640
1512
4612
-848
6576
2136
-1120
4828
-4024
-240
1424
-4684
4676
1904
920
8124
-900
1548
2408
-5316
2720
-1304
-2180
5660
-348
3396
6324
-1892
4240
-824
-4104
3008
-3736
1180
5088
-664
6464
2732
-1760
4948
-3944
-480
1848
-4724
4384
1952
624
7976
-264
1164
2580
-5560
2056
-692
-2612
5824
-336
3276
6120
-2008
4168
-412
-4396
3008
-3452
700
4824
-684
6268
3044
-1612
4732
-3584
-1072
2052
-4440
4156
2612
92
8172
-624
1312
3000
-5312
2236
-876
-2836
5980
112
2952
6472
-2116
3852
-232
-4392
3436
-3480
468
5072
-872
6136
3380
-1672
4736
-3432
-1096
2196
-4368
3748
2772
48
7796
-176
688
3264
-5300
2192
-776
-2996
5676
64
2892
6908
-1796
3588
36
-4708
3324
-3216
172
5300
-916
6100
3304
-1808
4848
-3124
-1520
2440
-4148
3412
2760
-52
8092
-8
544
3444
-5760
1968
-412
-2932
6220
-284
2792
6812
-2184
3876
144
-4368
3052
-3068
-256
5340
-748
6048
4012
-2208
4828
-3436
-1508
2384
-4368
3900
2612
-168
7620
460
732
3404
-5308
1564
-512
-3464
6072
356
2788
6632
-2200
3652
60
-4348
3260
-2940
-512
5140
-780
5924
4080
-1820
4660
-3140
-1844
2420
-4248
3680
2744
-32
7600
432
612
3680
-5152
1576
-556
-3108
6008
312
2824
6664
-2000
3384
204
-4352
3336
-2924
-220
5188
-708
5696
4120
-1836
4716
-3412
-1740
2364
-4368
3528
3028
-44
7712
40
472
3716
-5000
1412
-76
-3680
5552
612
2260
7264
-2032
3612
60
-4784
3428
-2820
-128
5348
-1220
5864
3928
-1812
5020
-3272
-1668
2060
-3992
3628
2776
-132
7532
680
228
3408
-5200
1920
-240
-3664
5812
368
2692
7188
-2160
3748
0
-4708
3676
-2968
-28
5084
-1204
5656
4104
-1716
4772
-3440
-1816
2172
-4256
3648
2744
-84
7740
280
616
3392
-4904
1628
-488
-3672
5892
668
2484
7232
-2228
3680
-160
-4768
3716
-3124
124
5148
-1124
6064
3644
-1640
5044
-3412
-1488
1896
-4216
3584
3256
76
7672
348
224
3756
-5208
1904
-228
-3440
6044
-132
2864
6896
-1992
3764
-416
-4280
2972
-2868
192
5252
-912
5796
3544
-1912
5156
-3440
-1220
1828
-4528
3792
2668
156
8148
-128
528
3232
-5440
2264
-480
-3092
5780
128
2732
6756
-1596
4040
-216
-4704
2968
-3200
412
5340
-692
6204
3280
-2076
5120
-3352
-1116
2116
-4464
3912
2360
192
8176
-4
916
3008
-5680
2116
-616
-2896
6068
68
2700
6544
-2248
3884
400
-4500
3132
-3324
36
5352
-856
6232
3604
-2084
4464
-3540
-1156
2068
-4312
3956
2668
16
7680
16
1172
3144
-5444
1856
-480
-3096
6160
192
2980
6744
-2248
4012
96
-4540
3452
-3040
-164
5144
-960
6316
3668
-1808
4788
-3360
-1532
2004
-3936
3836
2716
-172
7568
232
600
3604
-5432
2036
-692
-3428
6152
40
2824
6700
-2280
3792
356
-4556
3200
-2848
-472
5248
-752
5792
3996
-2260
4748
-3092
-1720
2208
-3924
3576
2716
-300
7672
508
640
3600
-5212
1500
-320
-3464
6048
424
2632
6776
-2244
3364
612
-4736
3196
-2796
-652
5356
-588
5528
4616
-2332
4800
-2824
-1996
2660
-4156
3252
2984
-360
7656
784
444
3612
-5216
1400
56
-3500
5296
644
2132
7108
-1844
2736
1044
-4860
3212
-2672
-948
5656
-792
5120
4612
-2040
4596
-2440
-2520
2940
-4012
2560
3624
-368
7564
924
-196
4120
-4800
940
416
-3668
5204
856
1688
7464
-1440
2452
1472
-5104
3080
-1968
-1528
5964
-800
4644
5320
-2340
4652
-1792
-3400
3080
-4156
2192
3952
-792
7480
1116
-588
4400
-4580
508
628
-4012
4732
1432
820
7880
-972
1848
1808
-5336
2688
-1480
-2076
6324
-340
3708
5676
-2180
4852
-1220
-3552
3288
-3852
1416
4600
-704
7112
2324
-1268
4732
-4164
-168
1748
-4032
4776
1820
440
8056
-760
1684
2496
-5268
2572
-1252
-2480
5704
-56
3360
5932
-2148
4104
-548
-4208
3264
-3476
472
5228
-944
6476
3092
-1992
4980
-3652
-1000
2120
-4152
3780
2356
16
7848
236
540
3160
-5240
2132
-512
-3172
5968
128
2376
6748
-1896
3884
172
-4776
3308
-2984
-360
5396
-756
6004
3864
-2164
4632
-2556
-1932
2712
-4032
2912
3532
-932
7952
1020
-156
3992
-5376
1172
108
-3628
5896
716
1588
7104
-1872
3228
1344
-5364
3240
-2524
-1212
5612
-644
4736
5448
-2304
4504
-2136
-3272
2848
-3564
2036
4112
-872
7000
1832
-404
4320
-4104
64
936
-4028
4996
1616
968
7896
-1216
1840
2308
-5328
3008
-1528
-1944
6036
-544
3604
6272
-1916
4232
-880
-3968
3168
-3804
904
5424
-1040
6424
2520
-1340
5164
-3840
-796
1692
-4556
4016
2336
280
7832
-24
512
3352
-5332
2040
-428
-3116
6068
224
2204
6792
-1968
3612
528
-4956
3584
-3176
-308
5448
-824
5956
3684
-1960
5056
-2944
-1960
2684
-4252
3064
3360
-416
7796
844
92
3996
-5236
1084
204
-3620
5948
700
1772
7084
-1748
3056
1216
-4816
3076
-2424
-1376
5716
-596
5044
5032
-2200
4228
-2020
-3056
3092
-3768
1836
4048
-900
7196
2060
-392
4528
-4944
80
944
-4104
5108
1864
884
7552
-1280
2056
2600
-5176
2712
-1736
-2432
6056
-528
4340
5984
-2388
4144
-1328
-3644
3320
-3228
1440
4512
-1132
6676
2664
-1072
4876
-3904
-572
1372
-4492
4460
2376
612
7748
-752
1020
2924
-5156
2328
-860
-2844
5688
136
2808
6804
-2212
3984
-636
-4668
3404
-3392
668
4892
-852
6152
2836
-1360
4916
-3112
-1492
2184
-4352
3664
3012
60
7816
288
380
3456
-5348
1796
-324
-3176
5784
56
2676
7072
-1844
3528
480
-4692
3072
-2452
-680
5648
-740
5416
4160
-2312
4936
-2720
-2060
2608
-4124
3176
2828
-80
7708
744
-144
3772
-5048
1240
116
-3560
5752
548
1596
7136
-1584
3248
1108
-5156
3308
-2920
-1044
5932
-676
5024
4496
-2432
4956
-2232
-2524
3040
-4344
2268
3756
-392
7584
1644
-468
4252
-4652
516
780
-3976
5708
1452
1292
7364
-1496
2736
1584
-5032
3204
-2324
-1812
5696
-340
4728
5312
-2400
4448
-1828
-3448
3132
-3596
1840
4000
-848
6968
2084
-824
4680
-4476
24
828
-4160
5108
1660
856
7628
-1192
1712
2320
-5240
2800
-1772
-2372
6048
-412
4216
5884
-2532
4524
-1444
-3604
3296
-3772
1680
4264
-776
6624
2552
-1056
4640
-3692
-724
1340
-4276
4824
2208
420
7756
-884
1628
2868
-5496
2784
-1404
-2700
6136
-460
3868
6004
-2316
4076
-1252
-3852
3192
-3356
880
4652
-1012
6676
2940
-1564
4800
-3924
-880
1416
-4300
4752
1896
460
7792
-592
1572
2532
-5184
2460
-1020
-2616
5896
-88
3332
6380
-2268
4260
-732
-4412
3508
-3604
980
4852
-1000
6984
2512
-1332
4824
-3984
-692
1628
-4204
4160
2320
252
8168
-312
1136
3064
-5680
2448
-892
-2888
5884
-176
3376
6220
-2496
4312
-276
-4124
3108
-3732
852
4944
-1044
6324
3004
-1676
4852
-3748
-816
1712
-4336
4548
2196
776
7820
-616
1476
2736
-5204
2080
-988
-2444
5880
-104
3136
6524
-2052
3860
-524
-4260
3512
-3704
716
5088
-848
6668
2624
-1368
4844
-3948
-576
1476
-4036
4048
2136
172
7980
-116
1004
2832
-5516
2480
-948
-3000
6076
-216
3392
6204
-2276
4176
-632
-4420
3556
-3648
1084
4648
-1104
6584
2940
-1352
4688
-3804
-812
1680
-4120
4684
2388
316
7544
-436
1544
2648
-5320
2584
-1360
-2532
6248
-288
3932
5912
-2044
4456
-828
-4040
3260
-3728
1156
4804
-600
6436
2724
-1500
4908
-3628
-784
1656
-4572
4756
1912
468
7840
-504
1868
1992
-5556
2524
-1220
-2276
5896
-344
3668
5868
-2340
4780
-944
-4104
3084
-3992
1612
4440
-608
6880
2416
-1088
4356
-3968
-48
1344
-4120
4616
1688
932
8244
-940
2168
2100
-5720
3092
-1708
-1588
6084
-844
4312
5348
-1880
4676
-1620
-3184
2744
-4088
1904
4184
-372
6984
2164
-1000
4252
-4724
288
1400
-4456
5304
1020
1096
7888
-1488
2696
1564
-5584
3020
-2232
-1656
5988
-560
4552
5212
-2248
4564
-1692
-3320
3020
-3932
2108
4072
-660
7384
1540
-380
4372
-4772
588
504
-3756
5572
868
1724
7376
-1536
2896
1352
-5204
3204
-2332
-1496
5908
-944
5444
4656
-1944
4552
-2500
-2728
2648
-3956
2660
3556
-588
7520
1148
-216
3972
-4936
1052
108
-3804
5756
868
2000
7280
-2072
3416
744
-5056
3240
-2736
-416
5488
-760
5596
4248
-1844
4844
-2896
-2140
2440
-4128
3552
3156
-320
7576
576
408
3740
-5088
1660
-292
-3632
6168
312
2568
7108
-2032
3568
8
-4840
3536
-2932
-160
5372
-980
5804
3668
-1792
4904
-3324
-1812
1836
-4296
4144
2620
36
7748
48
772
2736
-5536
2248
-668
-3048
6008
-176
3116
6796
-2024
4092
-280
-4492
3176
-3196
228
5264
-880
6336
3356
-1996
5156
-3940
-852
1708
-4236
4460
1876
524
7960
-468
1420
2480
-5084
2452
-1440
-2244
5828
200
3280
6172
-2240
4180
-968
-4084
3364
-3460
1112
4536
-956
6632
2640
-1300
4896
-4420
-500
1108
-4060
5176
1672
908
7300
-1004
1996
2460
-5412
2648
-1404
-2652
6304
-328
4208
5748
-2684
4524
-1468
-3504
3216
-3892
1524
3996
-488
7168
2112
-788
4460
-4496
96
668
-3864
5104
1728
648
7944
-988
2136
2084
-5676
3116
-2316
-1680
6088
-592
4732
4900
-2000
4592
-1772
-2916
2540
-3984
2220
3800
-588
7412
1388
-396
4088
-4680
436
596
-3948
5228
1292
912
7732
-1488
2592
1628
-5492
3200
-2264
-1384
5960
-720
5372
4480
-2232
4976
-2592
-2388
2516
-3992
2888
3276
-336
7752
1044
-120
3904
-5144
908
484
-3716
5912
704
1872
7352
-1756
3268
924
-5028
3096
-2568
-1024
5788
-828
5704
4156
-2420
4828
-2736
-2124
2812
-4524
3040
2940
-324
7816
800
268
3540
-5268
1020
-16
-3368
6112
644
2320
6888
-2276
3424
860
-4548
3708
-3160
-812
5312
-592
6160
4044
-1760
4508
-3396
-2000
2560
-3756
3672
3112
-600
7544
428
692
4084
-5284
1552
-572
-3676
6124
892
2636
6764
-2200
3156
228
-4284
3588
-2972
-452
4944
-912
6136
3976
-1760
4896
-3400
-1976
2416
-4268
3732
2760
-168
7700
44
636
3596
-5140
1692
-508
-3456
6356
172
2624
6788
-2280
4224
-236
-4420
3204
-3036
-120
5100
-468
5932
3896
-2024
4628
-2992
-1744
2384
-4148
3556
2860
-392
7928
380
832
3416
-5608
2020
-840
-3024
5984
40
2940
6456
-2344
3840
0
-4480
3364
-3132
-284
5348
-916
6096
3852
-1952
4724
-3516
-1448
2244
-4424
4056
2484
-32
7888
-336
1176
3160
-5220
2000
-492
-3200
5812
692
2732
6864
-2100
3660
268
-4868
3656
-3200
140
5364
-1176
6480
3320
-1708
5060
-3368
-1596
2084
-4352
3872
2952
-144
8064
-140
476
3616
-5464
2044
-560
-3544
6196
-140
2772
7032
-2460
3792
108
-4744
3568
-2796
-592
5220
-936
6040
3764
-1928
4776
-3188
-1568
2032
-3920
3460
2732
-160
7776
484
388
3452
-5260
1768
-320
-3316
5780
700
1992
7252
-1944
3240
580
-5036
3816
-2896
-512
5484
-844
5888
4080
-1836
4884
-2736
-2576
2724
-4096
3124
3440
-564
7752
576
-128
4108
-4940
1376
40
-3756
5556
680
1648
7496
-1812
2812
876
-4940
3000
-2476
-1040
5608
-728
5148
4396
-2080
4676
-2228
-2564
2752
-3896
2316
3700
-416
7744
1328
-588
4208
-4892
944
612
-3760
5560
780
1520
7544
-1416
2752
1532
-5144
3044
-2000
-1728
5912
-480
4760
5284
-2380
4336
-2324
-2820
3200
-3616
1796
3904
-764
6948
1864
-576
4556
-4528
-8
784
-4008
5092
1784
980
7340
-1320
2036
2368
-5448
2744
-1600
-2444
5892
-620
4344
5912
-2352
4260
-1288
-3572
3072
-3540
1208
4356
-620
6180
2880
-1296
4520
-3472
-1068
1736
-4368
4676
2084
492
7956
-980
1848
2356
-5192
2320
-1216
-2300
5484
40
3216
6304
-2128
3696
144
-4472
3232
-3252
384
5176
-1076
6548
3092
-1712
5016
-3784
-1092
1996
-4404
4088
2368
40
7820
-76
992
3152
-5360
1908
-952
-3100
6048
276
2612
6644
-2188
3492
712
-4608
3668
-2840
-484
5176
-816
6020
4392
-1864
4720
-3108
-2216
2524
-3944
3544
3064
-396
7512
436
384
3816
-5080
1616
52
-3952
5892
640
1872
7328
-1880
3100
904
-5136
3248
-2592
-1016
5624
-828
4808
4736
-1848
4420
-1876
-3032
2576
-4060
2476
3828
-636
7224
1368
-512
4100
-4640
608
792
-3856
5200
1388
1128
7676
-1464
2476
2132
-5412
2920
-1864
-1936
6108
-580
4392
5704
-2420
4344
-1272
-3400
3260
-3896
1680
4124
-756
7016
2100
-664
4220
-4140
-308
1008
-3780
4728
1872
428
7636
-920
1956
2700
-5384
2628
-1472
-2668
6076
-224
3616
6328
-2532
4104
-500
-4468
3696
-3640
868
5016
-1420
6580
2964
-1404
4896
-3644
-988
1800
-4040
4232
2504
304
7488
160
752
3440
-5260
2096
-692
-3288
5964
244
2952
6788
-2304
3764
68
-4264
3536
-3116
80
5176
-804
6036
3940
-1956
4944
-3136
-1924
2536
-4232
3452
3148
-460
7616
548
-60
3976
-5140
1232
164
-3496
5908
364
1852
7412
-2032
3064
872
-4948
3148
-2684
-808
5624
-456
4748
4856
-2184
4844
-2284
-3024
3044
-4432
2776
4140
-764
7680
1016
-464
4732
-4668
796
532
-3644
5224
1184
1448
7372
-1148
2176
1620
-5052
3068
-2064
-1708
5912
-836
4548
5280
-2204
4528
-1596
-3416
2996
-3736
1756
4284
-780
7112
2036
-1060
4780
-4672
196
1012
-3940
5156
1328
844
7588
-808
2028
2264
-4944
2220
-1360
-2660
5900
20
3696
6120
-2388
4352
-872
-3640
3432
-3628
1368
4404
-728
6452
2888
-1008
4788
-3948
-908
1640
-4372
4684
2064
464
7748
-668
1256
3104
-5112
2228
-848
-3136
5692
216
2888
6716
-2080
3520
16
-4560
3488
-3052
300
5148
-1056
5944
3584
-1680
4752
-2860
-1896
2240
-4180
3412
3168
-332
7708
472
396
3668
-5148
1496
-176
-3508
5776
816
2016
7284
-1792
3072
1124
-4968
3292
-2452
-1028
5608
-504
5000
4756
-2044
4700
-2124
-2692
2904
-4000
2272
3804
-640
7764
1204
-552
4508
-5080
544
448
-3660
5156
1372
980
7476
-956
1936
2208
-5500
2980
-1824
-2376
6248
-332
4212
5604
-2484
4492
-1316
-3508
3360
-3560
1344
4224
-660
6968
2692
-1064
4428
-3876
-492
1368
-4100
4712
2280
180
7576
-332
1208
3020
-5256
2468
-828
-3132
5972
-88
3364
6476
-2080
3716
52
-4624
3216
-2908
-24
5196
-1312
6108
3684
-1740
5028
-3616
-1488
2236
-4408
4068
2620
-56
7304
120
776
3828
-5024
1424
-220
-3612
5680
744
2168
7440
-2016
3060
1064
-5148
3680
-2676
-832
5436
-1016
5124
4804
-1784
4568
-2020
-2880
2776
-4076
2436
4024
-512
7472
1084
-844
4656
-4756
844
820
-4056
5196
976
1292
7604
-976
2184
1672
-5368
2644
-1412
-1952
6216
-328
3760
5436
-2492
4872
-812
-3728
3288
-4020
1096
4576
-1032
7212
2588
-1500
4508
-4032
-620
1976
-3920
4116
2196
-64
7828
-40
1312
3172
-5424
1772
-920
-2936
6372
-40
3200
6152
-2340
3800
-156
-3888
3040
-3044
-112
5080
-708
5696
4204
-1632
4708
-3188
-1896
2744
-4376
3504
3252
-536
7792
40
160
4288
-5056
1240
-112
-3764
5668
860
1948
7272
-1448
2548
1396
-4812
3204
-2236
-1340
5616
-880
5104
5152
-2252
4788
-2148
-3020
3032
-3864
2344
3976
-648
7040
1916
-932
4588
-4268
176
1128
-4136
5004
1700
868
8016
-1056
1572
2480
-5476
3028
-1232
-2528
5828
-376
3636
5812
-2152
4300
-716
-4200
3144
-3380
804
5056
-924
6444
2816
-1580
4856
-3584
-1044
2048
-4548
4020
2556
-72
8012
-76
528
3440
-5412
2152
-392
-3128
5952
112
2672
6748
-1880
3480
524
-4468
3124
-2872
-536
5664
-484
5548
4296
-2088
4900
-2628
-2204
3104
-4312
3024
3204
-656
7868
620
-68
4272
-4908
820
164
-3828
5612
1288
1196
7416
-1772
2548
1788
-5168
3060
-2256
-1704
5640
-460
4348
5264
-2156
4488
-1380
-3520
3092
-3736
1860
4220
-828
6840
2052
-1044
4668
-3920
-276
1300
-4440
4832
2316
464
8112
-748
1604
2684
-5796
2796
-1104
-2464
6136
-100
3396
6052
-2140
4136
-396
-4424
3228
-3096
360
5112
-896
6052
3632
-1792
5060
-3560
-1640
2028
-4440
4264
2680
-172
7564
-352
828
3548
-5180
1872
-652
-3476
5884
392
2392
6924
-1692
3124
704
-5208
3256
-2376
-1000
5740
-908
5036
4672
-2276
4988
-2472
-2704
2820
-4248
3028
3528
-336
7424
868
48
4024
-4564
736
512
-3552
5156
1264
1232
7744
-1248
2456
2060
-5788
3372
-2124
-1944
6264
-676
4392
5328
-2380
4228
-948
-3724
3180
-3608
1228
4712
-972
7140
2196
-1312
4580
-4468
-184
1300
-4128
4772
1784
664
7496
-456
1584
2724
-5320
2216
-1000
-2680
6120
188
3180
6452
-2624
4196
-228
-4288
3536
-3612
616
4892
-628
6216
3548
-1736
4568
-3224
-1428
2380
-4288
3924
2672
-300
7740
-4
864
3612
-5196
1536
-344
-3212
5732
476
2332
6776
-1992
3080
652
-4688
3356
-2848
-924
5600
-1080
5612
4048
-1944
4796
-2620
-2448
2672
-3940
2584
3660
-644
7000
1652
-472
4424
-4700
440
684
-3996
5864
1236
1424
7420
-1576
2496
2168
-5032
2972
-1672
-2048
5872
-272
4092
5888
-2160
4200
-1060
-3976
3132
-3468
1604
4624
-804
6476
2520
-1196
4744
-3740
-600
1520
-4328
4460
2088
496
7824
-300
1132
2976
-5604
2496
-872
-2964
6012
-104
2896
6344
-2256
4036
20
-4572
3300
-3192
152
5044
-888
6036
3884
-2052
4860
-3064
-1708
2368
-4168
3640
3164
-552
7696
856
332
4000
-5356
1008
436
-3700
5904
812
1832
7228
-1832
3172
1168
-5260
3104
-2292
-1188
5672
-1044
5020
4992
-2536
4680
-2040
-3036
2984
-4048
2168
3912
-776
7160
1916
-552
4508
-4584
160
1148
-4088
5160
1512
716
7828
-1184
2484
2316
-5384
2708
-1820
-2020
5996
80
3656
5856
-2392
4144
-832
-3828
3436
-3500
948
4684
-936
6620
2920
-1216
4740
-3808
-1124
1900
-4284
4284
2464
88
8008
-480
932
3260
-5200
1896
-896
-3104
5856
364
2864
6684
-2160
3468
224
-4452
3516
-2972
-516
5264
-1076
5920
3988
-1904
4940
-3008
-2088
2452
-3752
3076
3036
-412
7644
992
164
4012
-5084
1212
-308
-3552
6076
572
2048
7216
-1788
2964
1040
-4828
3452
-2312
-1552
5380
-484
4292
5672
-2184
4524
-1860
-3652
3124
-3588
2192
4088
-952
7048
2008
-820
4468
-4084
-152
672
-4332
5060
2116
684
7868
-1224
1744
2180
-5320
3096
-1484
-2596
5752
-572
3876
6388
-2248
4156
-636
-4072
3264
-3276
840
5072
-1024
6220
3200
-1708
4968
-3676
-1060
1824
-4056
4068
2376
376
7800
-16
648
3560
-5336
2000
-304
-3540
5848
40
2616
6668
-1824
3312
240
-4644
3140
-2772
-684
5336
-560
5204
4232
-2216
5084
-2664
-2688
2732
-4380
3168
3064
-172
7552
1084
-184
3804
-4616
868
668
-3736
5408
1224
1340
7416
-1296
2576
1692
-5260
2972
-1992
-1824
6552
-676
4916
5004
-2672
4920
-1708
-2968
3068
-4052
1848
3892
-676
6908
2632
-1100
4576
-4256
-340
1408
-4264
5096
1944
364
7704
-936
1560
2936
-5240
2364
-1252
-2744
5856
4
3144
6544
-2136
3612
-220
-4316
3428
-3236
240
5156
-904
5880
3824
-1880
4892
-3340
-1420
2244
-4392
3712
2888
-88
7828
112
752
3624
-5336
1548
16
-3476
5664
652
1924
7292
-1960
3208
1348
-5140
3252
-2664
-904
5872
-916
5296
4564
-2388
4688
-2152
-2400
2736
-4136
2236
3756
-544
7388
1728
-900
4448
-4840
380
1148
-4324
5588
1020
1084
7780
-1564
2508
1884
-4996
2844
-1744
-2208
5892
-68
3784
6264
-2488
4156
-864
-3952
3436
-3360
840
4740
-940
6436
3192
-1552
4776
-3772
-1056
1780
-4208
4124
2696
260
7652
-104
468
3324
-5312
2108
-332
-3328
5516
28
2684
6916
-1908
3328
476
-5008
3364
-2676
-448
5648
-1324
5740
3936
-2160
4876
-2472
-2048
2476
-3860
2508
3628
-536
7572
1696
-576
4180
-5148
692
680
-3784
5612
1200
1064
7476
-1712
2648
1936
-5032
2788
-2384
-1608
5944
-44
4340
5556
-2232
4184
-1400
-3172
3136
-3528
1340
4408
-1192
6924
2404
-996
4892
-4376
-380
1344
-4276
4504
2108
260
7684
-496
1072
3100
-5312
2088
-724
-3084
5644
-104
2800
6776
-2148
3560
68
-4564
3288
-2964
132
5332
-1336
5872
3848
-1680
4640
-2964
-1980
2380
-4204
3452
3120
-340
7508
668
168
3920
-5076
1208
360
-3700
5436
640
1868
7372
-1508
2664
1512
-5096
2968
-1952
-1664
6136
-996
4552
5468
-2692
4844
-1844
-3328
3164
-4080
2172
3852
-840
6820
2344
-1160
4424
-4168
-440
1304
-4392
4616
2228
440
7792
-924
1568
2828
-5360
2596
-828
-3076
5768
32
3344
6728
-2232
3812
-96
-4652
3376
-3064
640
5012
-1148
6100
3560
-1520
4904
-2948
-1588
2056
-4208
3536
3268
-172
7420
644
92
3912
-5388
1624
192
-3772
5700
556
2060
7232
-1772
2936
1200
-5308
3136
-1956
-1556
6080
-892
4712
5156
-2616
4992
-1816
-2620
2744
-4028
2224
4060
-472
6864
1996
-1168
4688
-4348
136
1324
-4116
5036
1732
656
7804
-732
1748
2480
-5412
2624
-1348
-2576
6280
-356
3564
6252
-2512
4404
-572
-4084
3508
-3348
368
4908
-896
6248
3504
-2024
5016
-3832
-1436
2384
-4528
3912
2556
-132
7620
160
560
3908
-5136
1244
136
-3728
6128
460
2252
7324
-2168
3292
800
-4984
3460
-2448
-768
5580
-684
4588
5080
-2044
4772
-2052
-3060
2892
-3936
2732
3800
-460
7004
1560
-804
4504
-4060
92
948
-4444
5188
1812
532
7840
-968
1836
2332
-5716
3124
-1508
-2096
5852
-448
3932
6008
-2052
3944
-504
-3828
3136
-3164
476
5004
-1100
6172
3448
-1568
4752
-3688
-1192
2044
-4176
4260
2732
-112
7604
-196
856
3720
-5016
1628
-396
-3572
5592
876
2328
7228
-2084
3132
928
-4788
3448
-2588
-472
5452
-1256
5344
4472
-1752
4868
-2160
-2792
2528
-4208
2624
4180
-688
7248
1264
-792
4476
-4572
456
872
-4124
5096
1348
1068
7688
-1056
1872
2224
-5352
2820
-1452
-2188
5920
-388
3580
5892
-2204
4316
-664
-4020
3264
-3696
732
5120
-856
6532
2940
-1836
5216
-3816
-1136
2256
-4236
3788
2880
-136
7768
216
596
3744
-5196
1780
-392
-3528
6228
536
2220
7004
-2232
3300
812
-4772
3380
-2772
-928
5232
-616
4992
4844
-2092
4444
-2256
-2684
2800
-4112
2468
3772
-592
6892
1400
-400
4576
-4384
336
864
-4212
4836
1796
988
7736
-1236
1804
2404
-5420
3044
-1488
-2184
6040
-308
3856
5740
-2420
4340
-364
-3748
3184
-3504
884
5188
-784
6296
3072
-1744
5004
-3568
-1180
2124
-4248
3888
2792
-36
7676
-160
920
3388
-5156
1516
-436
-3400
5832
412
2440
6960
-2152
2864
816
-4804
3260
-2700
-904
5484
-772
5176
4596
-2072
4316
-2040
-2912
2980
-3944
2528
3928
-788
7088
1392
-580
4676
-4424
280
844
-4188
5228
1524
1012
7540
-1044
1644
2272
-5044
2692
-1280
-2372
5832
-400
3756
6152
-1984
4180
-616
-4288
3272
-3496
1072
4856
-916
6600
2776
-1592
4832
-3428
-952
1724
-4280
3932
2724
-172
7812
356
384
3576
-5392
1704
-96
-3352
5892
188
1952
7240
-2012
3228
772
-4800
3268
-2492
-988
5668
-768
5004
4768
-2320
4712
-2208
-2928
2948
-3964
2548
3872
-1036
7844
1388
-576
4448
-4648
656
824
-3916
4856
1780
684
7908
-836
1660
2656
-5576
2760
-1100
-2556
6068
-316
3636
6276
-2696
4320
-488
-4228
3268
-3384
996
4596
-1296
6272
3436
-1616
4668
-3372
-1468
2128
-4268
3980
2960
-208
7660
136
432
4052
-5272
1780
-208
-3516
5452
768
2124
7332
-1624
2680
1088
-4760
3208
-2204
-1088
5420
-624
4952
4864
-1940
4828
-2164
-3088
2936
-3836
2360
3908
-716
7112
1696
-904
4512
-4156
-76
996
-4144
4956
1700
708
7620
-984
1644
2332
-5188
2692
-1156
-2840
5856
44
3460
6416
-2136
3948
-516
-4468
3188
-2964
444
5088
-1016
5840
3600
-1808
5336
-3212
-1760
2396
-4292
3568
3156
-360
7884
480
-36
3904
-5128
1200
200
-3300
5664
648
1688
7128
-1492
2952
1364
-5176
2976
-2276
-1476
5976
-648
4664
4884
-2884
4812
-1664
-3144
3232
-4428
1976
3984
-1012
7252
2068
-968
4216
-4396
-136
1280
-4260
4952
1744
380
7816
-652
1884
2684
-5484
2452
-1140
-2744
6232
20
3200
6524
-2500
4200
-324
-4284
3680
-3312
340
5064
-984
6184
3892
-2024
5036
-3232
-1852
2560
-4228
3636
3176
-492
7500
536
156
3904
-4876
920
116
-3660
5676
972
1764
7360
-1848
2736
1364
-5112
3312
-2464
-1260
5744
-588
4912
5004
-2272
4900
-1800
-3348
3232
-4180
2328
4072
-840
7244
1860
-728
4352
-4524
288
976
-4032
5132
1544
1304
7204
-916
1856
2744
-5244
2668
-1340
-2704
6188
-256
3404
6228
-2588
4572
-720
-4336
3468
-3804
1120
4844
-960
6416
2768
-1640
4880
-3228
-1400
2156
-4800
4012
2816
-272
8108
-100
432
3516
-5436
2380
-540
-3112
5720
372
2520
6976
-1424
3320
780
-5016
3224
-2660
-524
5872
-840
5616
4008
-2192
5080
-2516
-2032
2680
-4272
2440
3580
-412
7796
1368
-408
4244
-5128
944
856
-4076
5844
548
1744
7332
-1860
2944
1612
-4784
2800
-2080
-1660
5556
-472
4564
5376
-2496
4384
-1640
-3072
2972
-3960
1652
4228
-1024
7192
1832
-864
4724
-4508
-68
1136
-4020
4868
1808
608
7676
-644
1852
2352
-5536
2736
-1360
-2336
6012
-376
3808
5992
-2240
4184
-676
-4164
3208
-3364
616
5168
-1072
6448
3160
-1884
4972
-3740
-980
2008
-4524
4252
2292
360
7772
-468
904
2996
-5148
1964
-720
-2768
5848
312
2756
6352
-1908
3688
200
-4428
3220
-3324
-232
5552
-804
6072
3320
-1980
4976
-3160
-1548
2196
-4184
3304
2988
-224
7872
560
164
3888
-5284
1652
-120
-3644
6056
680
2308
7080
-2144
3204
904
-4348
3220
-2568
-872
5420
-380
5288
4560
-2260
4712
-2644
-2500
2940
-4140
3144
3280
-560
7620
596
72
4108
-4708
896
216
-3680
5276
1232
1312
7360
-1304
2212
1576
-5128
3148
-2068
-1768
5932
-832
4868
5144
-2216
4868
-1952
-3128
2768
-3872
2332
3884
-548
7188
1864
-836
4400
-4516
408
888
-4320
5268
1528
904
7912
-1228
2320
1880
-5444
2868
-1380
-2256
5624
-380
3692
6068
-2140
4276
-1120
-4220
3104
-3588
1332
4684
-1008
6780
2300
-1200
4716
-4056
-380
1272
-4228
4504
1996
608
7592
-688
1300
2844
-5252
2476
-1156
-2920
5864
4
3452
6512
-2148
3932
-604
-4360
3460
-3140
380
5092
-1092
6352
3004
-1752
5108
-3564
-1060
1792
-4112
4120
2548
144
7736
-80
1132
3308
-5484
1948
-448
-3372
6108
96
2864
6660
-2564
3952
164
-4672
3272
-3272
72
5044
-948
5948
3816
-1708
4940
-3284
-1960
2312
-4172
3408
3348
-548
7888
268
216
3852
-4968
1452
-92
-3588
5764
952
2148
7408
-1892
3288
704
-4936
3308
-2392
-532
5572
-632
5340
4268
-2248
5152
-2456
-2376
2572
-4268
2704
3604
-492
7608
1164
-440
4196
-5056
916
816
-3920
5640
960
1428
7532
-1648
2692
1360
-5236
3140
-2416
-1404
6120
-704
4972
4884
-2256
4644
-1964
-2836
2884
-3764
1892
3900
-472
7148
1844
-620
4356
-4716
296
904
-3944
5252
1368
1136
7732
-1364
2268
2156
-5524
2840
-1976
-2104
6288
-496
4308
5704
-2612
4464
-1192
-3456
3152
-3876
1476
4400
-772
6764
2408
-1236
4540
-4176
-496
1392
-4300
4688
1796
540
7936
-784
1600
2564
-5520
2420
-1460
-2568
6248
-160
3456
6040
-2328
4384
-580
-3944
3316
-3508
704
4728
-544
6544
3100
-1452
4864
-3848
-804
2020
-4300
4472
2296
156
8012
-420
1512
3088
-5456
2076
-940
-2944
6000
256
3124
6524
-2384
3580
-16
-4528
3696
-3408
124
5084
-1296
6200
3776
-1796
4820
-3512
-1828
2128
-4160
3832
2820
-128
7652
128
180
3500
-4992
1740
-288
-3704
6072
292
2416
7312
-1748
3336
368
-4808
3348
-2468
-744
5576
-700
5156
4476
-2200
5104
-2308
-2632
2700
-4504
3248
3400
-292
7840
672
-156
3892
-4760
1140
204
-3864
5540
1064
1604
7576
-1496
2852
1296
-5260
3336
-2488
-1136
5592
-800
5068
4608
-2164
4680
-1996
-2916
2972
-4132
2216
3940
-904
7296
1824
-784
4296
-4648
316
944
-4012
5276
1312
1272
7552
-1128
2340
1828
-5144
2640
-1792
-2172
6120
-12
3888
5568
-2292
4464
-1252
-3324
3076
-3780
1232
4492
-632
7076
2184
-1196
4620
-4172
-52
1208
-4160
4772
1728
652
7640
-852
1768
2412
-5488
2484
-1280
-2504
6064
-104
3528
6044
-2288
4112
-724
-3832
3104
-3600
684
4800
-908
6464
3092
-1352
4816
-3952
-908
1828
-4312
4640
2224
260
7924
-660
1360
3064
-4952
1924
-1084
-2788
5808
360
3072
6524
-2208
3768
-44
-4276
3364
-3512
152
5084
-1076
6672
3284
-1768
4880
-3756
-1180
2088
-4072
3764
2792
-176
7396
360
496
3680
-5108
1520
-520
-3496
6008
564
2564
6828
-2036
3500
280
-4612
3420
-2884
-492
5356
-804
5724
4220
-1740
5032
-3132
-2064
2480
-4100
3588
3084
-488
7860
264
152
4184
-5116
1272
184
-3760
5712
928
1812
7580
-1816
2880
1196
-5268
3132
-2484
-904
5628
-748
4912
4548
-2152
4700
-2364
-2632
2888
-4224
2836
3472
-540
7764
1032
-32
3936
-4864
724
584
-3824
5468
1288
1304
7540
-1492
2372
1956
-5128
2904
-2168
-1768
5984
-468
5016
5096
-2424
4684
-1912
-2884
3012
-4084
2164
4080
-712
7064
1800
-712
4368
-4648
416
888
-4036
5292
1324
1264
7652
-1340
2400
2116
-5384
2964
-1856
-2060
5716
-380
4104
5724
-2336
4104
-1128
-3540
2992
-3476
1180
4480
-864
6612
2664
-1152
4480
-4096
-644
1648
-4096
4832
1748
540
7668
-580
1988
2536
-5320
2516
-1320
-2340
6288
-384
3512
5948
-2124
4436
-676
-3920
3420
-3512
936
4776
-876
6856
2800
-1560
4632
-3952
-608
1892
-4672
4468
2076
336
7768
-428
1488
2876
-5556
2064
-1000
-2712
5988
-184
3156
6292
-2324
3864
-156
-4152
3424
-3504
0
5008
-756
6252
3748
-1880
4820
-3728
-1476
2272
-4300
4276
2652
-180
7844
-136
968
3376
-5104
1716
-532
-3240
5952
660
1992
7324
-2168
3540
596
-4780
3320
-2828
-496
5488
-708
5808
3928
-2068
4940
-2880
-2052
2436
-4064
3168
3140
-416
7636
704
-36
3972
-5012
1312
-352
-3440
5452
612
2212
7100
-1764
2772
972
-5148
3380
-2488
-1260
5852
-1088
5396
4832
-2140
5120
-2572
-3032
3224
-4176
2788
3816
-848
7264
1088
-292
4352
-4800
632
472
-3896
5548
1120
1528
7532
-1664
2504
1444
-5160
3224
-2244
-1572
5552
-748
4512
5300
-1960
4508
-1916
-3500
3020
-3664
1844
4312
-980
7164
1700
-640
4560
-4492
64
824
-3888
4708
1684
1128
7596
-864
1540
2332
-5228
2744
-1372
-2292
6068
-768
4180
5940
-2248
4588
-1416
-3560
3260
-3668
1356
4668
-832
6776
2628
-1264
4788
-4096
-664
1708
-4360
4584
2008
508
7736
-820
1308
3016
-5388
2248
-880
-2812
6024
-152
3032
6508
-2044
3896
-196
-4468
3256
-3096
184
5128
-1168
6224
3212
-1944
4948
-3084
-1456
1784
-4280
3792
2932
44
7576
400
488
3516
-5192
1884
-400
-3328
6084
300
2716
7120
-2012
3316
712
-4756
3224
-2348
-896
5792
-868
5148
4760
-2212
5012
-2432
-2776
2592
-4096
2904
3852
-628
7372
964
-352
4056
-4780
516
576
-3872
5452
1016
1528
7464
-1576
2520
1468
-5068
2952
-2268
-1472
5656
-664
4384
5252
-2064
4752
-1644
-3584
3008
-3916
1968
4440
-712
7492
1600
-1116
4600
-4104
184
1288
-3964
4708
1752
468
7996
-752
1664
2592
-5312
2692
-1416
-2696
6100
-196
3164
6356
-2468
4280
-496
-4232
3520
-3532
540
4848
-1056
6616
2776
-1688
4728
-3724
-1324
1996
-4316
4124
2592
-128
7800
84
860
3464
-5268
1440
-592
-3220
5908
420
2536
6768
-2140
3392
800
-4616
3276
-2660
-796
5404
-696
5252
4840
-2212
4572
-2400
-2644
3004
-4120
2948
3496
-576
7260
1344
-324
4260
-4604
480
684
-4120
5048
1396
1268
7676
-1076
1876
2044
-5608
3056
-1684
-2144
6188
-544
4136
5528
-2660
4548
-1108
-3796
3380
-3828
1256
4460
-880
6696
3044
-1596
4556
-3692
-1116
2092
-4452
4176
2388
212
7792
16
940
3420
-5256
2040
-592
-3356
6152
332
2396
7040
-2016
3256
876
-4980
3532
-2588
-808
5672
-836
5340
4552
-2196
5020
-2532
-2636
2652
-4216
2808
3676
-776
7252
1356
-648
4496
-4656
432
964
-4236
5060
1524
1144
7280
-792
1640
2216
-5196
2544
-1128
-2488
5776
-400
3676
6096
-2412
4420
-512
-4208
3408
-3464
796
5016
-1148
6188
3464
-1960
5180
-3068
-1652
2504
-4772
3736
2948
-40
7664
320
200
3696
-4748
1116
524
-3840
5272
1072
1188
7536
-1564
2416
1812
-5240
2988
-2120
-1736
6052
-572
4444
5336
-2340
4532
-1536
-3280
2960
-3648
1384
4388
-504
6304
2864
-1708
4740
-3444
-1216
2168
-4492
4464
2528
-76
7752
-44
864
3548
-5180
1808
-336
-3540
5984
624
2388
7064
-2084
3164
1124
-5024
3448
-2340
-1092
5664
-784
4476
5296
-1956
4444
-1620
-3324
3024
-3704
1628
4496
-792
6752
2024
-980
4656
-3780
-652
1488
-4232
4424
2304
128
8004
-472
1028
2984
-5136
2152
-748
-2772
5644
496
2184
6692
-1436
3188
800
-4940
3140
-2580
-936
5912
-740
5188
4724
-2352
4664
-1748
-3024
3344
-3940
1932
4120
-960
7096
2196
-1020
4724
-4196
-108
1368
-3884
4568
2036
444
7468
-304
1364
3132
-5252
2264
-940
-3260
5748
388
2720
6876
-2140
3264
880
-5012
3484
-2548
-956
5556
-1040
4952
4880
-2260
4636
-1976
-3092
3060
-3600
2212
4108
-848
6900
2180
-1132
4860
-4184
-416
1784
-4180
4776
1772
212
7760
-388
1448
3156
-5100
1664
-500
-2672
5796
432
2264
6904
-2324
3364
912
-4812
3320
-2728
-1248
5692
-532
4704
5280
-2428
4676
-2140
-3156
3452
-4016
1832
3904
-872
6720
2280
-1044
4720
-3844
-908
1740
-4316
4428
2240
-92
7588
-452
1048
3364
-5044
1824
-576
-3444
6080
436
2204
6984
-2168
3328
988
-4976
3692
-2540
-1340
5792
-708
4600
5580
-2552
4556
-1488
-3720
3452
-3644
1248
4752
-1288
6636
2692
-1548
5208
-3932
-784
1812
-4248
4252
2544
184
7384
244
276
3884
-5324
1660
192
-3868
5852
252
2200
7376
-1912
2768
1648
-4984
2856
-1924
-1724
6064
-552
4012
5644
-2200
4332
-948
-3808
3284
-3660
1312
4876
-916
6448
2884
-1684
5268
-3428
-1168
2152
-4244
3740
2712
-132
7904
520
156
3688
-4972
1036
268
-3348
5356
1100
844
7480
-1344
2484
2000
-5300
2832
-1496
-2336
5920
-112
3528
5928
-2380
4068
-264
-4168
3464
-3224
684
4768
-1048
5824
3592
-1740
4752
-2844
-1884
2300
-4324
3420
3252
-300
7456
848
-36
3788
-4336
876
996
-4128
4812
1768
860
7700
-1116
2024
2828
-5628
2724
-1460
-2540
6240
-376
3688
5940
-2372
3960
88
-4220
3400
-3060
-360
5392
-1216
5704
4212
-2212
5204
-2976
-2348
2520
-4304
3212
3448
-824
7360
1092
-624
4580
-4284
356
964
-4524
5188
1988
732
7644
-1024
1596
2500
-5088
2564
-704
-2760
5972
-628
3476
6408
-2072
3900
-52
-4400
3108
-3044
4
5332
-892
5444
3948
-1944
4776
-2596
-2228
2684
-4296
2820
3428
-492
7428
1312
-548
4344
-4692
356
1084
-3940
4952
1616
452
7912
-900
1608
2596
-5520
2652
-1180
-2380
5956
72
2972
6208
-2424
3940
220
-4408
3412
-3276
-68
5404
-968
5740
4224
-2032
4992
-2836
-2068
2584
-4004
2668
3912
-760
7324
1392
-648
4752
-4800
644
808
-4020
5336
1320
1296
7568
-1360
1968
2404
-4948
2584
-1496
-2576
6020
-56
3096
6444
-2604
4188
-284
-4584
3772
-3620
216
5356
-1024
6024
3556
-2012
4824
-2700
-2052
2872
-4468
2952
3412
-536
7724
1236
-376
4176
-4984
668
1084
-3764
5420
1412
708
7500
-880
2112
2468
-5264
2492
-1360
-2392
6076
144
3844
5776
-2204
4024
-308
-3940
3580
-3304
256
4780
-1036
6144
3768
-1812
4716
-3136
-1948
2668
-4304
3472
3200
-556
7332
608
88
4148
-4664
564
540
-4052
5332
1392
1172
7532
-1696
2188
2036
-5268
3392
-1904
-2380
6176
-780
3824
5964
-2376
4280
-756
-4000
3212
-2980
336
5180
-1000
6132
3204
-1812
5204
-3224
-1548
2356
-4408
3668
2912
-304
7964
544
-36
4092
-5088
1320
396
-3752
5764
860
1372
7380
-1192
2176
1896
-5360
2700
-1492
-2092
5964
-212
3800
5532
-2432
4128
-644
-4044
3148
-3456
632
4668
-1004
6412
3248
-1632
4884
-3688
-1236
2120
-4116
3888
3100
-392
7408
676
308
3760
-4996
1332
116
-3616
5708
988
1656
7388
-1808
3004
1644
-5092
3008
-2148
-1688
5748
-108
3788
5728
-2424
4324
-720
-4132
3384
-3464
1000
4588
-1068
6264
3004
-1584
4808
-3400
-1320
1884
-4432
3932
3008
-144
7456
156
116
3824
-4752
1496
-112
-3748
5464
752
1884
7240
-1352
2744
1456
-5156
3220
-1616
-1676
5928
-704
4088
5528
-2320
4584
-888
-3560
3052
-3344
832
5204
-740
6300
2852
-1824
5012
-3792
-944
2268
-4452
4004
2344
116
7804
20
488
3580
-5192
1500
-44
-3396
5708
656
1748
7096
-1696
2988
1412
-5040
2896
-2424
-1444
5892
-432
4476
5224
-2440
4352
-1492
-3096
3196
-3412
952
4288
-932
6860
2680
-1332
5168
-3984
-1052
1916
-4008
4504
2536
-120
7936
12
624
3804
-5184
1840
-376
-3544
5768
496
2040
7244
-1940
3144
916
-5100
3464
-2340
-1104
5708
-760
4476
4904
-2144
4356
-1044
-3584
2968
-3552
1256
4684
-960
6748
2568
-1328
4844
-3972
-468
1536
-3852
4240
2428
216
7724
-72
556
3488
-5236
2124
-508
-3304
5956
396
2336
6920
-1804
3048
1288
-5344
3388
-2284
-1324
6076
-840
4624
5128
-2556
4512
-1240
-3184
3204
-4004
1512
4244
-1016
6916
2236
-968
4396
-4204
-408
1668
-4268
4156
2324
36
7748
-292
1080
3320
-5256
2080
-772
-3212
5816
436
2464
6864
-2040
2916
904
-4788
3324
-2252
-1032
5652
-784
4884
4964
-2164
5116
-1996
-3096
2956
-3828
2104
4312
-936
7196
1896
-1176
4848
-3924
-420
1560
-4196
4344
2308
44
7816
-260
1192
3284
-5320
1628
-788
-3204
5976
392
2240
6772
-2004
3408
676
-4616
3280
-2608
-1144
5708
-1012
5164
4852
-2328
4748
-2108
-2940
3124
-3708
2044
4132
-1092
7012
2180
-980
4912
-4684
-248
1404
-4332
5188
1884
372
7576
-756
1292
3204
-5232
2608
-884
-2848
5548
108
2732
7068
-1876
3284
244
-4992
3472
-2776
-340
5584
-1116
5016
4408
-2120
4952
-2332
-2416
2364
-4008
2400
4008
-444
7000
1772
-1140
4568
-4560
304
1168
-4188
5164
1308
544
7660
-620
1812
2672
-5396
2348
-1056
-2576
5948
436
2920
6316
-2524
3680
160
-4420
3240
-3032
-112
5252
-816
5748
4200
-2172
4916
-2708
-1856
2520
-4068
2820
3524
-528
7284
1756
-208
4048
-4672
156
1160
-3936
5304
1576
656
7620
-1464
2288
2652
-5424
2644
-1592
-2372
6020
-240
3244
6476
-2448
3700
-76
-4208
3460
-3192
84
5344
-956
5856
3816
-1988
4888
-2896
-2048
2656
-4040
3016
3348
-632
7436
1364
-188
4236
-4984
572
684
-3928
5448
1268
1172
7188
-996
2052
2628
-5428
2744
-1672
-2480
6024
120
3480
6128
-2428
3640
-60
-4612
3708
-2984
12
5144
-1304
5928
3796
-1748
4780
-2672
-2160
2188
-3884
2732
3768
-684
7128
1600
-816
4512
-4792
500
936
-4292
5196
1464
804
7576
-780
1832
2444
-5432
2488
-1012
-2352
5700
-144
3232
6292
-1928
3956
28
-4208
3076
-2972
260
5100
-804
5728
4052
-1980
5008
-2788
-2324
2744
-4316
3212
3364
-576
7412
1212
-284
4192
-4560
320
520
-3704
4680
1668
844
7480
-760
1456
2360
-5176
2460
-1256
-2492
5980
72
2800
6176
-1772
3728
140
-4640
3300
-2708
-244
5356
-804
5604
4012
-2224
4956
-2452
-2276
2624
-3988
2756
3612
-960
7392
1748
-636
4604
-4796
548
888
-4048
5080
1940
532
7308
-628
1548
3192
-5568
2208
-956
-2760
5928
356
2720
6556
-2380
3664
496
-4440
3116
-2808
-348
5444
-892
5004
4752
-2396
4692
-2052
-2924
2964
-4012
2232
4228
-960
6812
2200
-900
4972
-4320
-400
1504
-4348
4996
2340
308
7564
-684
1100
3312
-4836
2184
-728
-3224
5460
804
1984
7036
-1732
3096
1140
-5256
3616
-2444
-1008
5748
-1024
4588
4868
-2120
4700
-1588
-3528
2956
-3548
1312
4440
-936
6552
2736
-1520
4576
-3520
-1208
2028
-4312
4040
2624
64
7388
140
436
3792
-4692
1264
-48
-3772
5568
968
1352
7560
-1720
2432
1760
-5052
3224
-1948
-1884
5884
-248
3492
5712
-2196
4152
-264
-4356
3544
-3444
292
5148
-976
6348
3632
-2112
5088
-2980
-1728
2224
-3812
2864
3288
-972
7084
1240
-344
4316
-4628
400
856
-4108
5220
1908
384
7512
-1056
1640
2784
-5484
2712
-1104
-2756
5844
400
2724
6644
-2204
3744
516
-4884
3724
-2804
-412
5556
-1336
5424
4676
-2424
5080
-2208
-2728
2952
-3856
1968
4156
-740
6880
2348
-1344
4536
-4088
-244
1296
-4084
4496
2040
196
7520
16
1084
3112
-4932
1732
-428
-3216
5772
852
1820
6960
-2048
3344
1348
-5248
3656
-2720
-972
5512
-804
5092
5028
-2312
4152
-1196
-3632
3192
-3296
1192
4712
-1164
6460
3124
-1508
5020
-3800
-1024
1840
-4268
4168
2764
-28
7364
236
288
3876
-4784
1220
380
-3900
5432
1296
1232
7768
-1748
2568
1916
-5576
3184
-1784
-1736
5848
-684
3976
5956
-2540
4148
-360
-4124
3224
-3376
284
5156
-1196
5852
4120
-2196
4932
-3104
-2120
2692
-4164
3276
3376
-836
7480
904
-324
4276
-4520
904
672
-3812
5040
1524
1040
7668
-784
1900
2344
-5348
2572
-592
-2780
5936
-104
3228
6344
-2292
3884
312
-4664
3320
-2976
-160
5360
-856
5168
4612
-2064
4376
-1976
-2868
2916
-3996
2428
3980
-884
6956
1868
-932
4748
-4276
12
1292
-4172
4784
2164
460
7532
-444
1168
3052
-5404
2128
-528
-2964
5880
176
2332
7016
-2164
3536
780
-4620
3040
-2948
-872
5668
-588
4904
4836
-2420
4688
-1752
-2912
3172
-3672
1872
3972
-960
6788
2568
-1280
4664
-3816
-632
1572
-4228
4192
2604
-64
7644
-292
908
3320
-5516
2224
-508
-3416
5608
244
2148
7108
-2144
3060
868
-5080
3460
-2368
-1136
5656
-1004
4688
5184
-2276
4676
-1528
-3500
2964
-3708
1568
4784
-1076
6704
2424
-1308
5052
-3696
-636
1608
-4708
4500
2244
400
7884
-448
1044
3176
-5060
1872
-300
-3120
5536
756
1688
7404
-1884
3004
1272
-5288
3252
-2412
-1476
5892
-880
4592
5112
-2704
4676
-1436
-3276
3116
-3748
1356
4464
-1124
6780
2700
-1456
4724
-3780
-940
1892
-4392
4316
2224
152
7552
248
724
3352
-4876
1532
180
-3648
5612
956
1624
7224
-1732
2832
1496
-5196
3060
-1944
-1564
5884
-748
4392
5356
-2400
4468
-1204
-3520
3220
-3736
1148
4640
-1116
6384
3148
-1460
4880
-3892
-1024
2020
-4168
3988
2508
4
7524
288
472
3976
-5040
1612
28
-3628
5720
496
1736
7528
-1796
2928
1400
-5184
3060
-2156
-1540
5924
-556
3984
5528
-2272
4612
-1392
-3328
3232
-3808
1460
4580
-764
6444
2976
-1696
4916
-3344
-1452
2176
-4312
3812
3140
-500
7500
368
140
3756
-5036
1756
-120
-3868
5552
976
2072
7036
-1844
2716
1584
-5388
3340
-2060
-1852
5508
-552
4408
5868
-2356
4188
-1040
-3840
3432
-3632
1464
4648
-1192
6276
2820
-1432
4992
-3488
-1016
2076
-4316
3680
2920
-200
7576
672
116
3732
-5028
1292
432
-3580
5476
760
1548
7440
-1628
2664
1384
-5100
2888
-2012
-1700
5808
-616
4176
5732
-2312
4508
-1092
-3964
3192
-3456
796
4796
-1008
6116
3396
-1852
5024
-3456
-1560
2116
-4288
3968
2712
-308
7480
420
312
3828
-4732
1076
232
-3732
5620
1072
1452
7532
-1360
2648
1604
-5144
2920
-1696
-1888
5840
-452
3896
5936
-2620
4644
-608
-4024
3448
-3548
800
4888
-1140
6096
3696
-1968
4912
-3424
-1608
2480
-4312
3708
2804
-568
7608
352
204
4152
-5104
1156
104
-3816
5468
1224
1444
7628
-1840
2760
1616
-5300
3436
-2248
-1508
5632
-576
4068
5796
-2068
4056
-812
-4100
3484
-3316
980
4960
-1048
6268
3116
-1764
5012
-3548
-1076
1896
-4104
3596
2852
-180
7524
736
104
3880
-5156
1180
372
-3836
5844
612
1720
7288
-2228
3148
1492
-4944
2872
-2328
-1296
5624
-292
3736
5664
-2280
4324
-1044
-3792
3188
-3692
1228
4700
-804
6644
2620
-1444
4724
-3240
-1068
1900
-4312
3920
2664
-20
7904
172
628
3404
-5216
2032
-24
-3432
5880
308
2200
7112
-1712
3196
1032
-5220
3232
-1948
-1188
5692
-796
4496
5252
-2404
4884
-1756
-3376
3024
-3988
2176
4016
-932
6904
2092
-888
4576
-4168
-36
1384
-4104
4532
2008
532
7608
-580
1412
2884
-5520
2060
-644
-2932
5912
-56
2680
6996
-1984
3668
708
-5200
3568
-2828
-628
5980
-1024
5320
4780
-2204
4872
-2608
-2364
2660
-3856
2624
3896
-380
6892
1640
-596
4300
-4300
308
1084
-4136
4904
1720
844
7812
-832
1736
2376
-5408
2408
-1196
-2752
5924
-160
3352
6160
-2284
4140
-388
-4392
3232
-3240
376
4828
-764
5968
3732
-1908
5012
-3100
-1972
2564
-4204
3480
3288
-672
7644
820
0
4200
-4936
1212
112
-3672
5396
1184
1480
7476
-1244
2480
1900
-5388
2952
-1536
-1948
5796
-696
4188
5692
-2448
4396
-732
-3952
3080
-3468
1060
4588
-964
6360
3096
-1528
4468
-3328
-1104
1912
-4276
3932
2672
32
7572
-144
612
3728
-5148
1808
-236
-3520
5764
484
2080
7188
-1576
2984
1024
-4864
3288
-2188
-1256
5752
-956
4960
4888
-2228
4940
-2188
-2796
2820
-3632
2012
4036
-704
6640
2428
-1256
4896
-4424
-568
1572
-4200
4872
1816
256
8000
-684
1408
2892
-5344
2360
-972
-2904
6116
-320
3036
6320
-1972
3768
24
-4612
3272
-2892
-156
5348
-1088
5384
3924
-1952
4968
-2636
-2252
2588
-4172
2836
3800
-412
7496
1344
-444
4476
-4760
836
916
-4092
5380
1176
1456
7260
-1272
2244
2024
-4888
2616
-1764
-2188
6032
-92
3832
6084
-2424
4160
-900
-3800
3692
-3272
912
4512
-1132
6284
3116
-1472
5044
-3688
-1436
2000
-3872
3980
2648
-300
7612
-80
796
3640
-5248
1796
-616
-3288
5828
420
2664
6920
-2044
3164
860
-4724
3316
-2304
-844
5536
-940
4736
5336
-2196
5180
-2216
-3068
2952
-4200
2912
3804
-560
7024
1204
-400
4532
-4012
152
840
-4284
5032
1944
640
7960
-1280
1900
2108
-5476
2924
-1400
-2276
5640
-348
3152
6100
-2104
4200
-524
-4720
3180
-3416
724
5188
-1012
5988
3224
-2076
5024
-3252
-1336
2508
-4448
3584
2600
-72
7828
496
408
3580
-5240
1520
-88
-3448
5992
300
1860
7148
-1700
3180
1092
-5060
3284
-2608
-1112
5864
-596
4728
4808
-2196
4992
-2116
-2972
2868
-3940
2020
3836
-548
7056
1832
-820
4360
-4508
172
996
-4104
4940
1432
920
7500
-988
1904
2396
-5340
2484
-1440
-2504
5732
4
3524
6336
-2616
4156
-688
-4292
3552
-3452
924
4824
-1112
6448
3020
-1324
4940
-3396
-1396
1772
-4008
4020
2888
8
7576
32
612
3628
-4764
1824
-420
-3332
5892
312
2556
7192
-1964
3260
440
-4960
3592
-2752
-708
5556
-1096
5292
4360
-1868
4784
-2232
-2964
2632
-3916
2652
3548
-500
7352
1352
-680
4392
-4664
728
588
-4120
5212
1268
1092
7848
-1284
2388
1980
-5716
3088
-1836
-1952
6232
-980
4292
5544
-2432
4808
-1060
-3656
3028
-3788
1164
4592
-600
6640
2784
-1460
4628
-3648
-1116
1956
-4252
4480
2376
-172
7720
-468
1400
2880
-5308
2072
-972
-2824
5772
344
2768
6564
-2348
3936
-8
-4660
3316
-3360
196
5136
-680
5800
3700
-1824
4844
-3036
-1828
2244
-4264
3560
3068
-400
7788
616
368
3976
-5332
1268
272
-3564
5636
800
1956
6996
-1740
2904
1364
-4912
2932
-2208
-1056
5652
-596
4784
5020
-2276
4688
-1924
-2656
2892
-4128
2240
3788
-764
7288
1536
-396
4400
-4704
408
680
-4012
4956
1676
1040
7344
-852
1604
2496
-5404
2600
-1284
-2452
5996
-424
3896
5776
-2216
4288
-884
-3612
2996
-3580
1072
4760
-968
6684
2744
-1436
4900
-3836
-964
1828
-4324
4392
2348
244
7732
-12
896
3292
-5256
1932
-636
-3184
6136
-36
2908
6828
-2164
3716
224
-4616
3396
-3060
32
5152
-700
5436
4168
-1696
4980
-3060
-2192
2512
-4328
3680
2964
-364
7444
432
344
3896
-4868
1132
24
-3588
5380
1296
1592
7412
-1684
2728
1200
-5452
3852
-2456
-1028
5612
-884
5192
4796
-1952
4848
-2048
-2976
2944
-3952
2116
4228
-572
7112
1920
-1056
4864
-4568
160
892
-4224
5288
1532
784
7724
-1392
2112
2204
-5416
2996
-1940
-2132
5736
-188
3820
5988
-2156
4244
-924
-3900
3224
-3684
952
4780
-948
6840
2844
-1640
4928
-3780
-820
1776
-4356
4336
2420
268
7572
-52
832
3476
-5160
2160
-712
-3196
6148
536
2592
6856
-2204
3656
532
-4984
3592
-3072
-300
5296
-844
5920
3996
-1936
4732
-2896
-1968
2292
-4004
3264
3276
-444
7296
968
-116
4048
-5116
1356
76
-3840
5588
688
1896
7468
-1508
3064
856
-5168
3340
-2400
-1300
5704
-936
5036
4752
-2124
4796
-1952
-2864
2876
-3868
2328
4040
-696
7456
1864
-496
4344
-4592
364
948
-3828
5264
1504
1176
7572
-1180
2140
2124
-5416
2860
-1492
-2188
5824
-416
3944
6028
-2504
4480
-1172
-4064
3484
-3900
1484
4504
-1320
6996
2372
-968
4676
-4124
-720
1416
-4168
4340
2356
228
7884
-272
1168
2880
-5412
2492
-984
-2804
5860
168
2944
6448
-2000
4292
-144
-4508
3356
-3024
260
4928
-848
6076
3676
-1788
4916
-3084
-1756
2316
-4504
3896
2768
-304
7912
288
524
3644
-5476
1888
-328
-3412
5836
412
2240
6940
-2012
3504
808
-4892
3064
-2760
-920
5500
-600
5408
4436
-2260
4600
-2388
-2348
2636
-3928
2724
3344
-600
7488
1440
-364
4104
-4788
868
180
-3628
5536
1060
1676
7164
-1188
2484
1736
-5052
3196
-2000
-1980
6156
-748
5012
5168
-2648
4768
-2336
-2840
3100
-3928
2332
3676
-892
7168
1736
-748
4332
-4608
316
596
-4088
4752
2020
692
7608
-864
1836
2500
-5700
3028
-1672
-2336
5980
-528
4432
5768
-2384
4548
-1360
-3784
3048
-3528
1440
4672
-1152
6824
2580
-1228
4992
-4140
-252
1528
-4376
4988
2052
644
7836
-688
1736
2720
-5400
2592
-1136
-2532
5932
-192
3404
6588
-2024
4004
-564
-4456
3492
-3236
608
4908
-1264
6564
3036
-1704
4752
-3844
-1080
1780
-4144
3792
2596
216
7560
140
636
3404
-5472
2016
-636
-3268
5844
-188
3104
6812
-2188
3888
-24
-4488
3272
-2912
-40
5336
-660
5544
4224
-1936
4924
-3008
-1900
2404
-4536
3816
2908
44
7852
220
368
3492
-4972
1412
232
-3444
5452
596
1788
7556
-1484
3172
848
-5104
2876
-2628
-664
5720
-604
5004
4332
-2524
4924
-2316
-2372
3100
-4576
2692
3324
-388
8072
968
-560
3996
-4996
896
676
-3704
5392
952
1304
7688
-1492
2592
1688
-5148
3088
-2092
-1672
6036
-372
4552
5412
-2508
4724
-1820
-2960
3160
-3960
2132
3876
-716
7332
1688
-532
4408
-4728
100
960
-3784
5284
1176
952
7520
-1456
2384
1932
-5088
2876
-1920
-2360
5964
-320
4312
5664
-2784
4472
-1044
-3600
3344
-4004
1308
4524
-904
6788
2396
-1212
4648
-4120
-372
1784
-4036
4672
1912
460
7916
-776
1704
2564
-5336
2648
-1212
-2512
6156
-24
3192
6360
-1956
4132
-392
-4308
3348
-3388
396
5112
-656
6428
2984
-1920
4872
-3696
-912
2008
-4324
3904
2624
152
7912
40
800
3020
-5508
2020
-528
-3020
5764
152
2852
6656
-2052
3796
316
-4828
3312
-3232
-16
5544
-828
5980
3908
-2120
4852
-3020
-1744
2704
-4384
3576
3068
-188
7552
700
380
3636
-4908
1232
-128
-3500
5836
860
1984
7140
-1724
2992
948
-5052
3544
-2552
-852
5500
-824
5372
4676
-2188
4916
-2392
-2700
2672
-4068
2624
3820
-748
7260
1316
-576
4376
-4688
636
804
-4312
5100
1292
1420
7920
-1488
2420
1564
-5384
3092
-1808
-1700
6172
-932
4596
5444
-2376
4912
-1528
-3404
3000
-4024
1832
4488
-824
7184
2160
-1356
4696
-4224
-20
1544
-4332
4632
1752
648
7816
-860
1812
2396
-5452
2404
-1444
-2352
6056
-272
3332
6228
-2316
4256
-420
-4224
3428
-3720
492
5164
-876
6464
3116
-1752
4752
-3588
-1224
2012
-4244
4096
2692
-68
7952
-168
896
3224
-5304
2216
-792
-3040
5732
412
2508
6696
-1764
3636
352
-4964
3316
-3008
-308
5780
-792
5732
3648
-1916
5068
-2920
-2020
2340
-4076
3292
3148
-292
7556
812
-100
3908
-4856
1044
260
-3868
5572
720
1908
7660
-2132
3104
804
-5276
3396
-2844
-736
5676
-932
4688
4384
-1860
4896
-2196
-2860
2788
-4128
2336
4228
-476
7356
1216
-928
4528
-4512
676
716
-3792
5144
1196
1396
7808
-1004
2224
1808
-5428
2984
-1820
-1888
6408
-760
4364
5428
-2588
4880
-1748
-3040
3048
-4128
1536
3984
-440
6880
2568
-976
4412
-4356
-628
1532
-4084
4948
1580
556
7756
-992
2000
2380
-4872
2124
-1300
-2488
5700
252
3308
6260
-2244
3840
-624
-3960
3408
-3408
760
4920
-1024
6556
2928
-1384
5128
-3916
-1104
1780
-4148
4360
2584
124
7840
-452
1164
3160
-5360
2136
-988
-3180
5896
232
3000
6660
-2364
3652
120
-4652
3448
-3020
-196
5112
-700
5600
4028
-2028
5032
-3076
-1900
2244
-4480
3884
2776
-12
7912
112
276
3568
-5132
1660
-36
-3740
5712
464
2020
7488
-2044
3376
736
-5084
3424
-2548
-576
5640
-744
5488
4076
-2012
5076
-2508
-2220
2380
-4288
2860
3648
-288
7768
1076
-560
4008
-5028
1296
412
-4140
5744
760
1736
7328
-1652
2960
1172
-5076
2840
-2176
-1356
5616
-544
4632
4880
-2336
4492
-1968
-2908
2836
-4132
2080
3780
-368
7256
1952
-700
3932
-4520
396
1236
-4052
5396
1412
1160
7728
-1512
2572
1956
-5408
3016
-1996
-1816
5976
-504
4256
5756
-2468
4472
-1464
-3472
3432
-4108
1660
4220
-824
7184
2036
-832
4428
-4328
-296
1216
-4216
4644
1864
744
7828
-700
1284
2380
-5420
2808
-1124
-2540
5948
-568
3660
6172
-1920
4256
-1240
-4148
3072
-3412
1400
4704
-676
6396
2540
-1456
4772
-3468
-736
1628
-4352
4176
2260
600
8088
-312
1092
2720
-5164
2432
-752
-2816
5948
-84
3264
6304
-2044
4060
-420
-4224
3104
-3236
400
4872
-376
6120
3648
-2096
4608
-3168
-1408
2028
-4236
3716
2540
-56
7752
100
1060
3152
-5456
1972
-828
-3160
6092
396
2904
6536
-2472
3656
564
-4444
3244
-3292
-80
5352
-1020
6044
3884
-1884
4880
-3412
-1472
2108
-4128
3736
2964
-488
7532
324
420
4004
-5280
1560
-320
-3748
6096
540
2736
7040
-2376
3568
268
-4812
3264
-2776
-256
5020
-716
5440
4492
-2024
4880
-2852
-2536
2588
-4560
3596
3276
-328
7528
360
108
3940
-4800
1164
-92
-3704
5468
916
2032
7608
-1468
2796
836
-5108
3256
-2260
-1176
5860
-952
4912
4624
-2120
5040
-2516
-2744
2700
-4224
3076
3452
-292
7720
900
-356
3988
-4464
980
260
-3808
5552
1064
1556
7564
-1684
2896
1044
-5276
3256
-2240
-1324
5788
-940
5008
4840
-2236
4704
-1984
-2848
2612
-3896
2544
3480
-544
7408
1252
-404
3956
-4748
760
668
-3884
5460
1136
1540
7600
-1336
2660
1452
-5056
2920
-1740
-1748
5948
-456
4676
5176
-2172
4516
-1736
-3172
2824
-3788
1944
4088
-784
7348
1708
-784
4484
-4728
764
740
-4160
5284
1328
984
7648
-1240
2360
1876
-5436
2684
-1716
-2060
5840
-344
4180
5612
-2648
4704
-1476
-3080
3124
-4048
2016
3808
-668
7340
1860
-708
4396
-4520
8
1132
-4168
5032
1732
700
7528
-828
2160
2448
-5500
2568
-1796
-2272
6264
-460
4344
5472
-2444
4484
-1464
-3512
3240
-3892
1612
4168
-820
6840
2424
-1168
4612
-4064
-488
1132
-4348
5092
1796
796
7592
-1100
1816
2484
-5360
2644
-1324
-2468
5688
-128
3372
6320
-2308
4172
-984
-4100
3704
-3572
1280
4568
-1112
7084
2508
-1132
4816
-4064
-712
1572
-4132
4732
2324
152
7564
-716
1436
2916
-5412
2580
-1248
-2896
6200
-368
3724
6200
-2048
4152
-916
-4084
3308
-3248
648
4908
-1024
6352
2968
-1456
4888
-3832
-1024
1844
-4232
4408
2372
368
7884
-648
1332
2716
-5200
2268
-1216
-2884
5692
92
3116
6912
-2156
3528
-256
-4572
3612
-3236
444
5276
-988
6156
3144
-1508
4776
-3312
-1368
2200
-4256
3632
2756
44
7956
232
600
3332
-5296
1680
-232
-3300
6064
228
2832
6948
-2348
3692
244
-4684
3552
-3292
124
5216
-1092
5956
3944
-1928
4780
-3220
-1696
2456
-4132
3456
3064
-316
7628
380
604
3816
-5236
1388
-224
-3528
5740
856
2028
7320
-2172
3096
840
-4756
3292
-2640
-700
5788
-864
5604
4408
-2376
4964
-2656
-2144
2852
-4252
3116
3212
-588
7844
964
120
4060
-5296
988
56
-3612
5812
1068
1684
7352
-1592
2648
1436
-5212
3164
-2476
-1512
5852
-708
4912
5140
-2068
4556
-2316
-2756
2724
-3800
2472
3676
-668
7236
1408
-264
4108
-4504
444
572
-3904
4896
1664
1256
7964
-1296
2240
1796
-5332
3328
-1844
-1748
6044
-952
4672
5188
-2140
4912
-1828
-3316
2952
-3732
1852
4312
-624
6800
2080
-1268
4740
-4272
-344
1352
-4244
4784
2068
688
7828
-840
1732
2240
-5364
2524
-1324
-2464
5940
-644
3980
5948
-2436
4352
-1004
-3920
3232
-3564
836
4904
-944
6712
2892
-1352
4664
-3936
-828
1788
-4012
4448
2104
416
7820
-372
1352
3016
-5264
2180
-1220
-2656
6120
-132
3136
6556
-2108
3748
-384
-4464
3516
-3192
36
5264
-1128
6504
3164
-1632
4792
-3584
-1360
1744
-3732
3476
3076
-164
7704
408
148
3528
-5292
1772
-532
-3600
6064
116
2776
6828
-2008
3756
28
-4684
3304
-2708
-408
5328
-760
5492
4000
-2076
4824
-2608
-2188
2476
-4192
3256
3192
-124
7584
620
172
3712
-4944
1568
-88
-3724
5508
876
2296
7032
-1508
2772
1216
-4996
3352
-2400
-1264
5888
-928
5468
4484
-2396
4700
-2532
-2420
2764
-4072
2520
3344
-264
7328
1532
-576
4284
-4884
488
692
-3960
5332
964
1596
7636
-1368
2304
1660
-5144
3004
-1676
-1948
6088
-636
4108
5844
-2636
4980
-1688
-3492
3012
-4000
1956
4180
-564
6884
2156
-1116
4548
-3980
64
1240
-4356
4784
1880
736
8000
-760
1716
2416
-5732
2748
-1336
-2192
6072
-544
3712
5880
-2132
4120
-584
-3940
3204
-3364
456
5156
-768
6332
3364
-2036
4972
-3752
-1128
1968
-4304
4524
2352
132
7716
-408
1128
3120
-4892
1948
-796
-3128
5720
568
2604
6944
-2536
3700
236
-4440
3852
-3424
156
5156
-860
5972
3764
-1824
4780
-2908
-1988
2332
-4428
3536
3216
-160
7748
564
204
3496
-5060
1572
-168
-3604
5668
776
1668
7392
-1576
2972
1104
-5448
3460
-2676
-812
5812
-1016
5256
4464
-2140
4848
-2072
-2904
2800
-4048
2428
3768
-828
7424
1864
-340
4196
-4772
240
768
-3484
5400
1444
1048
7092
-964
2156
2380
-5356
2844
-1544
-2400
6156
-588
4492
5980
-2672
4424
-1764
-3964
3416
-3720
1824
4232
-1036
6560
2468
-1120
4776
-3808
-832
1436
-4436
4548
2284
312
7668
-528
1152
2740
-5112
2276
-856
-2900
5720
160
3212
6344
-2392
4200
-324
-4260
3088
-3188
604
5012
-892
6296
3320
-1852
5128
-3184
-1096
2336
-4796
4036
2660
-132
8072
140
428
3276
-5180
1540
200
-3656
5424
840
1848
7436
-1924
3032
1300
-5192
3280
-2596
-968
5644
-1140
5416
4432
-2080
4736
-2328
-2408
2432
-3924
2460
3876
-632
7056
1532
-640
4288
-4512
536
732
-4128
5176
1212
1596
7556
-1304
2212
2040
-5176
2740
-1520
-2108
6004
-380
3868
5852
-2556
4792
-908
-3848
3192
-3764
1260
4732
-988
6888
2504
-1520
4668
-3444
-796
1644
-4480
4200
2440
188
7584
-164
1008
3288
-5384
2060
-792
-3300
6092
232
2660
6612
-2304
3588
324
-4556
3404
-2916
-328
5332
-820
5648
4148
-2104
4996
-2600
-1968
2592
-3960
2760
3564
-696
7532
1396
-384
4356
-4968
772
436
-3804
5404
1132
1480
7276
-1380
2304
1988
-5000
2880
-1972
-2124
5928
-252
3992
5760
-2368
4052
-988
-3820
3472
-3652
736
4648
-1000
6832
2616
-1348
4824
-4172
-704
1524
-3976
4460
1976
268
7780
-556
1368
2952
-5036
2032
-888
-2792
5796
428
2768
6928
-1952
3276
328
-4528
3636
-2896
-576
5516
-1072
5572
4168
-1780
5148
-2868
-2248
2312
-4016
2840
3628
-392
7084
1108
-568
4248
-4632
824
520
-4080
5344
892
1540
7888
-1576
2176
1872
-5312
3128
-1988
-1740
5884
-548
3572
6052
-2080
4168
-872
-4148
3272
-3260
548
5104
-720
6524
2784
-1620
4700
-3288
-928
1956
-3868
3400
2676
-84
7916
404
300
3560
-5072
1684
44
-3592
5720
536
2204
7112
-1832
3112
892
-5180
3592
-2520
-1124
5748
-1272
5264
4848
-2316
4940
-2112
-3036
3092
-4096
2076
4148
-980
7008
1952
-1068
4728
-4272
-152
1272
-4400
4712
1668
724
7748
-876
1236
2608
-5192
2328
-844
-2740
6084
-264
2908
6548
-2076
3820
96
-4620
3312
-2812
-436
5448
-780
5648
3932
-2212
5240
-2628
-2332
2724
-4000
3028
3448
-672
7756
1080
-436
4360
-4860
932
760
-4204
5516
1128
1120
7616
-1272
2268
2140
-5364
2472
-1384
-2624
6196
-432
3504
6328
-2556
4480
-684
-4248
3412
-3488
620
4976
-804
5940
3476
-1748
4812
-3028
-1944
2472
-4216
3756
3088
-384
7740
476
40
3940
-4724
1272
304
-3992
5492
1156
1400
7308
-1176
2464
1876
-5452
2900
-1436
-2140
5992
-612
4180
5544
-2324
4544
-1176
-3832
3064
-3428
1184
4604
-1072
6464
3072
-1380
4752
-3512
-1116
1956
-4164
4040
2512
48
7624
388
356
3624
-5060
1444
-100
-3628
5700
804
1756
7276
-1484
2616
1652
-5184
3336
-2088
-1716
6016
-584
4296
5520
-2080
4508
-1364
-3868
3416
-3392
1160
4780
-852
6468
2916
-1624
5216
-3692
-1196
1888
-4288
4308
2568
-100
7908
-284
804
3408
-5112
2056
-448
-3540
5432
628
1944
7088
-1488
2968
1436
-5460
3120
-1952
-1628
6228
-720
4592
4852
-2444
4548
-1376
-3084
2936
-3532
1140
4284
-760
6716
2816
-1412
4368
-3612
-840
1892
-4060
4116
2652
-252
7584
4
1072
3436
-5200
1672
-428
-3376
5884
396
2444
6940
-1924
3172
972
-4784
3152
-2388
-1372
5776
-924
4676
5360
-2360
4464
-1428
-3644
3280
-3600
1340
4228
-848
6048
3072
-1568
4932
-3700
-916
1972
-4444
3664
2780
-48
7816
-8
452
3812
-5180
1484
-24
-3328
5752
540
1684
7284
-1820
2696
1600
-4824
3172
-2136
-1644
6072
-556
4284
5448
-2332
4524
-1184
-3620
3256
-3312
964
4760
-1064
6260
3344
-1820
4892
-3436
-1352
1988
-4256
3880
2924
-192
7380
236
60
3840
-4892
1304
236
-3800
5312
944
1160
7676
-1264
2536
1712
-5420
2744
-1636
-1840
5936
-320
3872
5404
-2440
4520
-452
-4008
3196
-3340
536
4980
-896
6104
3896
-2452
4788
-3320
-1704
2712
-4164
3236
3200
-516
7284
1028
92
4220
-4532
444
740
-3900
5320
1636
816
7576
-1512
2256
2072
-5240
3052
-1384
-2532
5788
-468
3468
6224
-2304
3784
-108
-4612
3416
-2908
-116
5220
-1092
5568
4064
-2176
4860
-2412
-2520
2560
-4176
3188
3856
-692
7120
1284
-492
4252
-3888
128
1140
-3988
4660
2148
480
7936
-448
1412
3120
-5420
2588
-728
-2988
5648
12
2664
6820
-1808
3304
556
-4768
3052
-2392
-720
5860
-828
4752
4668
-2232
4872
-1720
-3128
3216
-3848
1740
4268
-924
7284
2164
-1144
4384
-3848
-488
1552
-3800
4168
2348
-100
7188
276
860
3712
-5492
1572
-176
-3524
6212
580
2440
6892
-2268
3180
1416
-4568
2988
-2152
-1584
5660
-612
4072
5968
-2404
4272
-1292
-3912
3456
-3616
1408
4708
-1184
6312
2480
-1184
4956
-3408
-1244
1584
-4216
3704
3224
36
7708
356
-72
3840
-4792
1360
452
-3728
5016
964
1124
7684
-984
2308
1932
-5436
2844
-1468
-1884
6200
-560
3464
5732
-2376
4356
-188
-4108
3288
-3184
60
5188
-936
6108
3868
-2156
4492
-2780
-1784
2572
-4004
2652
3376
-576
7080
1600
-316
4292
-4780
52
960
-4104
5396
1480
864
7584
-1268
1908
2776
-5372
2752
-1236
-2956
5652
148
3068
6772
-2156
3304
332
-4884
3596
-2552
-612
5548
-1336
4948
4900
-2356
5156
-1948
-3348
2996
-3888
2172
4412
-876
6880
2040
-1200
4884
-3408
-576
1552
-4036
4232
2504
428
7736
72
612
3428
-5072
1824
120
-3440
5612
780
1656
7352
-1740
2816
1800
-5180
3072
-2204
-1812
5940
-784
4244
5520
-2352
4460
-1032
-3596
2940
-3320
732
4976
-1024
5932
3456
-2024
5020
-3188
-1848
2332
-4128
3456
3192
-568
7348
1164
-180
4372
-4560
620
688
-3840
5084
1656
764
7572
-732
1520
2612
-5324
2744
-836
-3000
5928
20
2916
6484
-2180
3772
484
-5000
3516
-2680
-404
5368
-1216
5048
4656
-2268
4856
-1852
-3064
2732
-3996
1936
4384
-964
6644
2240
-1396
4612
-3672
-688
1964
-4260
3784
2596
68
7776
152
568
3600
-5060
1324
72
-3204
5764
876
1572
7248
-1836
2972
1812
-4972
2940
-1912
-1752
5848
-80
3444
6136
-2368
3960
-296
-4144
3316
-3076
144
5056
-1084
6072
3852
-1956
4800
-2908
-2276
2708
-3924
2768
3548
-872
7208
1528
-684
4416
-4448
16
1108
-4216
4872
1952
296
7760
-792
1584
3048
-5420
2168
-832
-3048
5868
348
2460
6812
-2092
3196
1036
-4880
3272
-2540
-1344
5780
-880
4612
5084
-2128
4516
-1092
-3444
3132
-3564
972
4604
-996
6500
3100
-1824
4928
-3464
-1256
2468
-4440
3676
2932
-624
7472
960
108
4180
-4952
864
388
-4036
5556
1340
1280
7104
-1596
2236
2352
-5052
2884
-1452
-2456
5528
88
3000
6772
-2128
3692
160
-5128
3804
-2560
-204
5680
-1232
5256
4392
-1952
5176
-1568
-3048
2876
-3864
1764
4600
-1048
6828
2440
-1436
4948
-3936
-492
1956
-4208
4320
2184
-120
7448
244
632
3756
-5008
1152
92
-3584
5832
916
1272
7176
-1592
2688
2156
-5264
3268
-1960
-2232
5756
-712
4168
5852
-2040
3820
-476
-4196
3408
-2596
-88
5344
-1236
5476
4508
-2088
5156
-2440
-2812
2984
-3920
2680
4192
-728
6872
1992
-1376
4968
-3748
-252
1692
-4496
4436
2168
164
7712
-140
848
3388
-5068
1420
-32
-3512
5492
864
1436
7212
-1864
2784
1840
-5244
2892
-1648
-2152
5944
-460
3664
6004
-2400
4092
-384
-4204
3512
-3316
-16
5260
-1144
5912
3824
-2088
4808
-2384
-2272
2712
-3892
2568
3908
-824
7416
1648
-960
4644
-4280
276
1352
-4104
4776
1992
304
7740
-344
808
3256
-5112
1928
-68
-3356
5796
492
1868
7332
-1804
2872
1556
-5108
3120
-1804
-1908
5840
-404
3964
5964
-2844
4284
-460
-4040
3532
-3424
524
4796
-1100
6004
3708
-1656
4820
-2928
-2016
2184
-3768
2820
3376
-740
6928
1580
-768
4664
-4100
152
1100
-4212
5076
2044
456
7404
-356
1080
3504
-5084
1896
-156
-3616
6140
768
1872
7296
-2068
3168
1304
-5284
3352
-2140
-1620
5964
-748
4240
5240
-2644
4612
-876
-3744
3112
-3416
600
4924
-884
5764
3624
-1980
4796
-2520
-2064
2572
-4264
2956
3548
-804
7192
1464
-632
4712
-4320
136
1208
-4128
5004
1836
524
7716
-396
1180
2896
-4984
2224
-264
-3132
5608
584
2276
6764
-1796
3216
1364
-5012
2952
-1940
-1540
5792
-648
4284
5400
-2544
4276
-868
-3808
3392
-3728
884
4872
-1332
6100
3236
-1780
4908
-3244
-1764
2448
-3952
2920
3460
-700
7108
1324
-504
4568
-4568
268
1092
-3940
4988
1456
956
7348
-432
1192
2888
-4932
1956
-388
-3188
6076
204
2232
6932
-2236
3572
916
-4692
3012
-2084
-1416
5564
-360
4096
5560
-2576
4228
-956
-3768
3552
-3472
684
4740
-1304
6416
3284
-2028
4972
-3152
-1708
2476
-4148
3172
3436
-600
7060
1372
-500
4396
-4680
760
1060
-4064
4968
1324
976
7520
-360
1304
2612
-5072
2040
-188
-3312
5920
312
2176
7160
-2112
3468
1064
-5140
3440
-1996
-1184
5500
-492
4308
5508
-2220
4188
-836
-4000
3084
-3108
836
5036
-1204
6076
3436
-2132
4920
-3112
-1388
2412
-4464
3108
3296
-448
7252
1356
-412
4048
-4520
488
1072
-3876
4752
1604
584
7608
-796
1688
3048
-5280
2216
-728
-2892
5748
452
2352
7068
-2004
3392
1096
-4800
3420
-2480
-1124
5784
-536
4184
5180
-2204
4240
-624
-3812
3200
-3460
924
4792
-848
6100
3504
-1844
4848
-3164
-1516
2496
-3996
2908
3292
-600
7312
1184
-568
4440
-4476
216
1284
-3912
4716
1712
292
7480
-636
1280
2980
-4996
2012
-732
-3308
5744
580
2420
6784
-1972
3044
1376
-4900
3524
-2044
-1356
5536
-916
4424
5712
-2084
4240
-1068
-4020
3820
-3292
956
4820
-1304
5992
3396
-1836
4920
-2620
-2020
2460
-4140
2544
3968
-944
7296
1588
-1120
4720
-4532
296
1452
-4216
4872
1692
28
7800
-368
1108
3276
-5392
1776
-164
-3560
5780
748
1684
7048
-2056
2960
1672
-5188
3168
-2152
-1732
5776
-364
3916
5784
-2436
3976
-516
-3876
3544
-3204
312
5184
-1112
5636
4116
-1952
4836
-2596
-2356
2816
-4076
2916
3656
-812
7128
1452
-660
4708
-4020
-28
1248
-4404
4340
2396
212
7752
-284
712
3360
-4824
1728
180
-3540
5388
764
1668
7448
-1816
2660
1728
-4876
2844
-1732
-2144
6080
-104
3316
5936
-2348
3972
52
-4280
3624
-2820
-460
5356
-676
5308
4420
-2032
4824
-2272
-2588
2784
-3552
2388
3920
-724
6780
1716
-984
4876
-3820
-592
1552
-4332
4180
2512
72
7836
116
360
3604
-4704
1476
44
-3740
5512
788
1512
7444
-1688
2812
1700
-5244
2932
-1628
-1992
6020
-240
3196
6088
-2388
4104
240
-4456
3300
-3280
-256
5580
-936
5532
4352
-2372
4648
-1984
-2384
3288
-4084
2012
4036
-964
7016
2100
-972
4864
-3892
-604
1768
-4292
4260
2612
-44
7484
-100
280
3844
-4772
1460
392
-3964
5420
1000
1260
7664
-1536
2200
2124
-5648
3040
-1472
-2136
5928
-480
3368
6220
-2212
3980
-8
-4340
3184
-2824
-508
5508
-904
5256
4384
-2356
4908
-1928
-2852
3020
-3708
1940
3972
-740
6804
2464
-1344
4484
-3812
-620
1900
-3720
4072
2788
-296
7424
172
712
3800
-4976
1444
-8
-3496
5432
960
1716
7140
-1272
2376
2092
-5128
2744
-1552
-2196
6060
-500
3344
5948
-2276
4140
228
-4456
3440
-2776
-516
5344
-628
4776
4708
-2368
4808
-1752
-2940
3152
-4064
2156
4232
-924
6768
2100
-964
4880
-3928
-560
1932
-4340
4184
2640
-140
7696
184
400
3976
-5180
1280
292
-3668
5872
896
1016
7528
-1488
2540
2288
-5576
2992
-1504
-2116
5812
-144
3108
6204
-2212
3796
164
-4584
3416
-2772
-504
5252
-824
5160
4496
-2264
4704
-1828
-3072
3060
-4008
2156
4288
-916
6776
2372
-1320
4768
-3888
-460
1820
-4324
4308
2436
208
7488
348
544
3812
-5032
1588
388
-3652
5316
996
1324
7488
-1396
2272
2184
-5444
3020
-1468
-2280
6012
-280
3308
6304
-2592
4108
-168
-4396
3484
-3052
-24
5128
-944
5328
4220
-1900
4744
-2084
-2696
2832
-3820
2100
3820
-836
6848
2068
-1364
4784
-3964
-560
1772
-3912
4452
2244
-24
7752
244
500
3812
-5272
1620
-28
-3776
5916
740
1748
7048
-1632
2516
1808
-5024
3008
-1464
-2232
5656
-132
3416
6272
-2280
4008
-232
-4432
3408
-2788
200
5440
-1104
5668
3964
-2116
4824
-2248
-2480
2520
-3912
2352
4056
-824
6720
2180
-1000
4588
-4056
-360
1608
-4216
4728
2212
264
7480
-500
944
3360
-4736
1792
-144
-3708
5640
792
1888
7600
-1892
2772
1412
-5176
3428
-1864
-1772
5716
-440
3760
5708
-1948
4268
-540
-4140
3156
-3116
276
5132
-744
5688
3844
-2184
5028
-2868
-2224
2840
-4100
3048
3444
-956
7684
1380
-568
4592
-4432
204
1068
-4140
4728
2060
412
7480
-412
1184
3180
-5288
2048
-240
-3312
5964
284
2448
7048
-2152
3324
968
-4932
3200
-2276
-1144
5660
-576
4340
5352
-2308
4596
-936
-3660
3276
-3712
1200
4776
-1012
6544
2892
-1864
4892
-3252
-1204
2184
-4204
3312
3124
-428
7364
884
-140
4116
-4972
836
440
-3756
5460
1116
996
7168
-1032
2272
2260
-5168
2580
-1180
-2620
5916
-28
2876
6736
-2164
3656
440
-4804
3848
-2840
-380
5304
-1208
5288
4448
-2000
4912
-1956
-2812
2936
-3740
1916
4552
-916
6636
2320
-1328
5004
-3852
-612
1680
-4284
4124
2372
92
7664
96
540
3440
-5128
1556
16
-3276
5416
956
1256
7112
-1600
2696
2068
-5412
3068
-2112
-2052
6092
-364
4092
5612
-2584
4028
-472
-3928
3328
-3192
424
5024
-1252
5752
4004
-1888
5088
-2712
-2032
2324
-3964
2904
3928
-568
6872
1112
-692
4848
-4252
480
996
-4160
4712
1952
384
7812
-152
1140
3096
-5452
2008
-348
-3076
5904
412
2292
6668
-2116
3300
1284
-4924
3172
-2388
-1408
5464
-816
4788
5284
-2304
4488
-1456
-3684
3168
-3484
1432
4352
-1052
6404
3036
-1548
4752
-3240
-1392
2172
-4468
4004
3004
-380
7656
464
436
3776
-5060
1068
516
-3424
5492
1060
1460
7572
-1620
2688
2116
-5352
3080
-1856
-1952
5860
-228
3276
6220
-2196
3884
-288
-4608
3892
-3056
-192
5268
-1288
5876
3824
-1852
4968
-2756
-2472
2600
-3780
2624
3700
-704
7004
1896
-1204
4752
-3812
-312
1156
-4044
4512
2184
516
7460
-224
1052
2904
-4800
2012
-404
-3272
5688
560
2032
7092
-2148
3496
936
-4916
3192
-2200
-1520
5684
-552
4568
5232
-2592
4584
-1356
-3220
3260
-3792
1256
4364
-692
6436
3116
-1600
4444
-3360
-1248
2332
-4036
3584
2844
-568
7604
400
144
4084
-4736
992
252
-3772
5416
1432
884
7660
-1176
1848
2588
-5244
2932
-1120
-2712
5980
-436
3332
6648
-2140
4248
-424
-4504
3316
-2788
192
5400
-872
4828
4500
-2404
5372
-1944
-2848
2968
-4560
2604
4120
-828
6976
1896
-1036
4600
-4012
-180
1620
-4172
4448
1816
272
7940
-508
1192
3008
-5128
1980
-248
-3332
5668
552
1584
7228
-1792
3116
1672
-5416
3208
-2216
-1568
6104
-792
4448
5360
-2432
4204
-632
-3824
3356
-3216
364
5172
-1092
6428
3476
-1848
5040
-3292
-1340
2248
-3984
3804
2888
0
7056
872
68
3936
-4704
684
652
-4084
5212
1456
952
7564
-1108
1636
2820
-5516
2768
-1076
-2688
5928
-352
2988
6852
-2228
3664
384
-4884
3496
-2716
-492
5740
-1184
5044
4540
-2356
4860
-1900
-2688
2908
-4052
1940
4200
-964
7264
2252
-1144
4816
-4412
-344
1680
-3948
4288
2600
-368
7804
-20
728
3952
-5452
1596
-164
-3568
6056
496
1912
6988
-1740
2704
1696
-4964
2832
-1856
-2116
5824
-508
3948
5892
-2280
4244
-696
-4052
3256
-3500
972
4908
-1132
6120
2924
-1808
5112
-2904
-1572
2156
-4460
3088
3212
-328
7356
1072
-424
4272
-4516
772
1012
-4096
5244
1444
620
7792
-948
2020
2668
-5736
2572
-700
-2756
6052
76
2652
6840
-2484
3992
520
-4728
3300
-2780
-688
5884
-1116
5112
4536
-2268
4592
-2044
-2932
2984
-3724
1972
3924
-804
6832
2344
-1196
4612
-3692
-844
1712
-4056
4396
2436
-156
7652
24
640
3800
-5240
1912
-180
-3672
5844
664
1984
7088
-1768
2728
1768
-5116
3100
-1716
-1856
5732
-292
3616
6244
-2264
4164
-620
-4348
3696
-3392
860
5060
-1300
5896
3316
-1516
5128
-3008
-2096
2204
-3956
2896
3672
-768
7308
1032
-480
4532
-4616
552
824
-4304
5188
1596
632
7888
-1368
1944
2792
-5336
2712
-1324
-2572
5904
200
2640
6556
-2004
3604
652
-4636
3384
-2724
-560
5624
-780
5104
4568
-1956
4848
-1872
-2912
2968
-3852
2268
4120
-892
6784
2208
-1300
4768
-3852
-664
1572
-4156
4364
2520
-212
7716
-208
588
3884
-5172
1776
-192
-3696
5816
480
1904
7212
-1596
2864
1292
-5076
2748
-1776
-1424
5780
-320
3640
5880
-2308
4360
-808
-3900
3396
-3412
716
4980
-944
6100
3344
-1644
4980
-3012
-1736
2492
-3956
3376
2936
-348
7524
1012
-184
4312
-5040
716
740
-3976
5480
1292
684
7412
-972
1904
2380
-5304
2416
-1164
-2772
6320
-420
3216
6456
-2504
3824
24
-4340
3388
-2992
-656
5532
-892
5196
4484
-2108
4548
-2148
-2872
3024
-4020
2388
3672
-720
6952
1712
-580
4336
-3800
-448
1436
-4124
4496
2240
296
7848
-352
880
3228
-5288
2144
-276
-3052
5640
640
2016
7036
-1592
2896
1240
-5116
3008
-2040
-1280
6068
-836
4496
5184
-2452
4804
-1340
-3476
3012
-3760
1200
4540
-664
6368
2944
-1676
4592
-3464
-1388
2308
-3980
3532
2736
-384
7424
812
44
3884
-4896
932
284
-3768
5500
1340
1400
7556
-1588
2392
1820
-5016
3228
-1796
-2132
5820
-700
3808
6336
-2264
4124
-704
-4140
3372
-3104
472
5428
-1068
5568
3884
-1992
4964
-2824
-2096
2668
-4384
2892
3528
-516
7336
1252
-664
4228
-4596
552
1160
-3984
4796
1684
556
7576
-700
1636
2724
-5320
2212
-952
-2680
5884
92
2856
6464
-2324
3560
568
-4312
3348
-2716
-896
5492
-676
4772
5064
-2148
4544
-1968
-3196
3220
-3528
1844
4156
-904
6900
2256
-952
5040
-4088
-612
1804
-4400
4716
2176
-60
7696
36
592
3620
-5116
1788
152
-3572
5580
764
1632
7472
-1820
2824
1504
-5256
2968
-1816
-1832
5764
-588
4128
5532
-2536
4364
-504
-3804
3236
-3480
528
4984
-860
6328
3392
-1996
4800
-2976
-1588
2592
-4456
3300
3208
-532
7700
920
-376
4456
-4860
824
956
-4304
5324
1432
980
7632
-1148
1752
2508
-5236
2592
-1168
-3072
5896
-12
3148
6572
-2512
3900
192
-4684
3488
-3060
-352
5160
-1016
5352
4436
-2260
4688
-2088
-2928
2744
-4000
2388
4284
-1084
7008
2004
-936
4576
-4128
-52
1472
-4164
4496
2344
88
7664
-416
1076
3368
-5376
2028
-456
-3200
5768
420
2116
7156
-1748
3080
1184
-4784
2904
-1960
-1356
5916
-480
4220
5488
-2396
4556
-848
-3592
3080
-3600
872
4612
-788
6264
2992
-1480
4340
-3212
-1380
2356
-4152
3416
2976
-492
7492
660
252
4040
-4788
884
540
-3692
5400
1160
1220
7516
-1340
2296
2220
-5124
2744
-1516
-2352
5700
96
3384
6172
-2188
3864
-76
-4468
3564
-3280
336
5096
-1096
6080
3604
-1760
4848
-2500
-2312
2708
-4004
2996
3520
-1040
7088
1604
-564
4384
-4248
-240
1360
-4160
4808
2128
148
7564
-724
1380
3256
-5160
2124
-660
-2984
5548
420
2268
7084
-1920
3072
1220
-5108
3572
-2224
-1168
5764
-980
4596
5300
-2348
4644
-1252
-3488
3024
-3556
1616
4508
-1032
6348
2988
-1752
4728
-3456
-1064
2104
-4368
3728
2800
28
7376
640
232
3708
-5076
1236
220
-3568
5464
820
1476
7176
-1308
2408
1904
-5308
2756
-1724
-2352
6020
-476
3496
6036
-2412
4236
-424
-4208
3428
-3220
380
5060
-980
5740
3952
-1720
4872
-2736
-2272
2464
-3928
3084
3424
-588
7132
1468
-396
4252
-3980
40
1180
-4312
4748
1892
468
7964
-652
1272
2904
-5516
2616
-584
-3068
5664
164
2372
6740
-1892
3440
912
-5108
2968
-2432
-1032
5940
-756
4520
4776
-2768
4848
-1200
-3268
3092
-4076
1452
4288
-1084
6772
3004
-1488
4632
-3788
-744
2156
-4228
3964
2936
-544
7384
636
596
4104
-5192
1348
56
-3584
5648
1264
1524
7272
-1476
2416
1708
-4880
2972
-1624
-2204
5576
-280
3920
5968
-2140
4092
-652
-4212
3172
-3028
464
4752
-1028
5632
4004
-1940
4764
-2680
-2568
2824
-4464
3212
3792
-896
7376
1032
-744
4548
-4288
368
944
-4064
4756
1928
716
7740
-464
1088
3240
-5316
2436
-608
-3032
6060
-52
2584
6612
-1672
3288
672
-4840
3100
-2476
-880
5596
-584
4584
4856
-2220
4428
-1376
-3368
3008
-4052
1804
4296
-848
6544
2588
-1456
4600
-3432
-772
1964
-4344
3860
2512
-68
7696
472
492
3656
-5312
1496
260
-3552
5800
800
1484
7140
-1532
2800
2108
-5340
2816
-1856
-1776
5728
-328
3752
5884
-2316
3872
-220
-4132
3396
-2980
144
5260
-1084
5600
3928
-1876
4828
-2520
-2600
2900
-4140
2844
3644
-848
7300
1456
-752
4496
-4516
508
904
-3996
4744
1980
280
7580
-424
1080
3176
-5420
2228
-268
-3256
5968
-12
2292
6880
-2168
3580
1064
-4948
3128
-2644
-1324
5872
-404
4352
5160
-2380
4324
-1100
-3420
3352
-3308
1032
4492
-720
6588
3064
-1612
4796
-3260
-1284
2184
-4028
3624
3144
-460
7440
796
-296
4240
-4960
1268
212
-4084
5316
1400
1112
7344
-1296
1904
2216
-5400
2892
-1364
-2404
5452
-248
2928
6392
-1980
3676
140
-4940
3304
-2652
-396
5612
-1240
5168
4328
-2328
5156
-2144
-2644
2744
-3932
2172
3820
-568
6796
2532
-1000
4600
-4064
-308
1856
-4316
4204
2408
172
7420
344
308
3504
-4956
1240
248
-3592
5256
828
1488
7412
-1244
2508
1904
-5468
3088
-1528
-2236
5944
-576
3636
5972
-2448
4208
-372
-4072
3220
-3124
8
5360
-964
5676
3948
-2404
4980
-2548
-2468
2964
-4216
2816
3596
-852
7292
1688
-524
4488
-4284
-272
1572
-3712
4308
1988
356
7628
64
772
3424
-5128
1636
-48
-3340
5912
512
1936
7312
-1792
2932
1016
-4712
3272
-2364
-1388
5568
-212
3736
5804
-1968
4048
-968
-4204
3576
-3196
852
4916
-1336
6280
3088
-1628
5068
-3412
-1688
2224
-4224
3440
3036
-288
7188
1108
-456
4164
-4304
552
1032
-4324
5224
1652
776
7780
-1008
1732
2708
-5468
2396
-752
-2900
6024
564
2036
6808
-1932
3140
1220
-4880
3284
-2280
-1032
5496
-588
4540
5076
-2208
4364
-1012
-3432
3156
-3684
1096
4940
-1156
6444
2748
-1552
4708
-3444
-1204
2272
-4268
3276
3060
-536
7484
864
-124
4288
-4920
680
560
-3740
5320
1552
776
7264
-912
1508
3128
-5088
2548
-1040
-2824
5792
560
2696
6968
-1924
3204
796
-4652
3240
-2316
-1060
5640
-796
4804
4972
-2308
4800
-1444
-3316
2960
-3740
1468
4428
-988
6444
2736
-1532
4760
-3500
-1196
1968
-4260
3824
3088
-392
7196
596
-216
4072
-4848
1288
644
-4060
5260
1376
1064
7296
-1048
1948
2716
-5280
2380
-964
-2648
6328
-32
2948
6288
-2160
3460
936
-4816
3484
-2504
-988
5836
-928
4712
5284
-2304
4448
-1720
-3084
3188
-3372
1304
4452
-852
6068
2864
-1332
4844
-3420
-1500
2180
-4144
3940
3072
-248
7148
740
-232
4224
-4744
756
868
-3972
5048
1412
944
7668
-836
1496
2800
-5356
2504
-768
-2592
5712
88
2588
6788
-1728
3272
948
-4812
3148
-2404
-760
5580
-596
4284
5296
-1992
4268
-1252
-3584
3752
-3664
1168
4416
-880
6324
3060
-1348
4760
-3168
-1644
2384
-4040
3352
3176
-752
7420
912
-260
4360
-5036
948
704
-4112
5224
1524
572
7388
-832
1628
2712
-5456
2080
-596
-3316
5904
208
2452
6876
-2252
3288
1400
-5044
3284
-2136
-1460
5760
-520
4112
5736
-2368
4372
-928
-3804
3628
-3568
920
4996
-1284
6252
3212
-1820
4852
-3120
-1392
2320
-3864
3056
3336
-460
6676
1552
-612
4496
-4288
-196
1472
-4276
4708
1748
348
7792
-876
1556
3060
-5168
2080
-760
-3104
5840
256
2004
6948
-1860
3076
1368
-5304
3276
-1960
-1832
5948
-560
4092
5748
-2236
4272
-660
-3992
3400
-3292
772
4804
-1016
5768
3960
-1816
4760
-2944
-2220
2956
-4272
3040
3672
-788
7096
1364
-648
4396
-4076
-152
1692
-4408
4172
2360
236
7988
-296
648
3476
-5344
1860
4
-3532
5780
492
1708
7000
-1596
2668
1820
-5232
2776
-1740
-2256
5896
76
3484
6076
-2516
3856
-84
-4184
3572
-2640
-288
5104
-1176
5688
4528
-1980
4504
-2096
-2480
2596
-3412
1968
4460
-560
5912
2924
-1428
4792
-3552
-832
2060
-4464
3908
2416
84
7424
200
496
3684
-4600
1084
316
-3620
5288
1252
880
7568
-1224
1992
2432
-5060
2712
-1464
-2816
6092
88
2732
6540
-2284
3664
456
-4452
3440
-2488
-1300
5684
-576
4548
5080
-2172
4540
-1236
-3564
3208
-3356
1264
4584
-1016
6288
3404
-1700
4632
-3124
-1444
2360
-3948
3252
3120
-560
7020
1456
-492
4208
-4268
32
1232
-4164
4692
2036
288
7820
-544
1172
3260
-5380
2412
-252
-3200
5636
184
2096
7020
-2016
3156
1516
-5020
2856
-1920
-1880
5864
-244
3588
6148
-2676
4304
-300
-4196
3628
-2984
-116
5324
-952
5512
4164
-2184
5012
-1884
-2764
3064
-3796
1948
4156
-904
6876
2376
-1392
4820
-3548
-956
1968
-4160
4020
3036
-368
7532
448
348
4004
-4812
1224
432
-3676
4920
1452
1028
7352
-816
1400
2572
-5384
2600
-776
-3040
5700
240
2508
6748
-2012
3328
812
-4996
3332
-2016
-1396
5700
-672
4380
5312
-2552
4524
-864
-3496
3516
-3456
776
4660
-1032
6584
3528
-1756
4516
-2816
-1776
2716
-3980
2720
3600
-1120
7168
1816
-688
4740
-4496
-68
1488
-4204
4516
2380
216
7364
-116
716
3612
-4836
1620
268
-3660
5272
956
1120
7496
-1396
2328
1868
-5180
2872
-1136
-2276
5580
-36
3020
6280
-2312
3548
480
-4428
3420
-2468
-1108
5476
-820
4972
5332
-2436
4404
-1616
-3416
3520
-3460
1320
4460
-1232
6128
3220
-1316
4856
-3140
-1840
1928
-3848
3180
3464
-296
6796
1180
-712
4568
-4248
496
1292
-4372
4616
1888
304
8000
-644
948
3200
-5488
2220
-296
-3336
5492
508
1648
7172
-1748
2712
2284
-5628
2952
-1848
-2036
6280
-268
3556
6176
-2412
3568
20
-4300
3536
-2840
-404
5428
-988
5220
4504
-1964
4788
-2100
-2824
2940
-3768
1900
4072
-716
6464
2668
-1648
4852
-3368
-1116
2120
-4344
3952
2676
-388
7636
840
-324
4012
-4888
1056
820
-3972
5252
1364
552
7796
-1016
1732
2888
-5472
2376
-640
-3144
5872
608
2212
6992
-2228
2920
1376
-5104
3516
-1952
-1652
5620
-572
4004
5680
-2316
4180
-452
-4032
3300
-3024
104
5220
-1088
5604
4068
-2064
4832
-2732
-1984
2796
-3944
2356
3732
-592
7048
1668
-884
4556
-4044
-404
1560
-4116
4460
2348
-196
7528
-16
348
4020
-5164
1656
76
-4200
5764
968
1560
7160
-1596
2076
2348
-5260
3252
-1324
-2456
5936
-688
3444
6132
-2156
3796
280
-4592
3080
-2440
-492
5708
-844
4560
4852
-2624
4756
-1360
-3092
3028
-3684
1236
4752
-976
6480
3072
-1776
4964
-3292
-1456
2388
-3952
3548
3124
-724
7340
940
-348
4332
-4560
604
668
-4396
5164
1540
832
7416
-916
1276
2692
-5092
2536
-520
-3228
5624
436
2240
6900
-1624
2900
1340
-4936
3200
-1900
-1728
5972
-828
4148
5600
-2516
4396
-580
-3976
3160
-3152
576
5132
-680
5372
3960
-2032
4636
-2128
-2092
2904
-4160
2640
3832
-744
7100
1696
-760
4224
-4264
-68
1584
-3760
4392
2184
-84
7304
100
824
3788
-5016
1512
-188
-3596
5576
1188
1724
7224
-1628
2204
2088
-5048
3080
-1460
-2412
5828
-312
3236
6456
-2368
3980
124
-4804
3260
-2840
-16
5524
-1088
5104
4204
-2068
4664
-1424
-2840
2828
-3900
1788
4360
-760
6436
2684
-1592
4772
-3740
-744
2124
-4064
3684
2768
-204
7268
692
-8
4176
-4996
964
732
-3952
5592
1108
784
7456
-1332
1996
2580
-5328
2584
-1068
-2876
5880
100
2816
6544
-2376
3388
784
-4664
3548
-2148
-1140
5224
-696
4484
5656
-2284
4604
-1316
-3596
3368
-3408
1496
4724
-1192
6228
2944
-1232
4844
-2980
-1564
2168
-4192
3172
3328
-352
7408
956
-596
4428
-4820
952
852
-4028
5084
1276
748
7420
-676
1688
2888
-5292
2268
-916
-3148
5908
304
2648
6832
-2396
3092
1076
-4888
3316
-2196
-1604
5864
-608
4420
5460
-2376
4524
-1068
-3848
3396
-3024
564
5056
-1200
6100
3600
-1740
4992
-2812
-1992
2304
-3872
3064
3588
-516
7072
1340
-708
4604
-4316
260
1264
-4196
4692
1936
540
7600
-348
1004
3152
-5400
1864
-208
-3276
5884
132
2048
6952
-1932
3268
1496
-5060
2948
-2220
-1452
5856
-184
3596
5656
-2424
4160
-408
-3956
3504
-3184
576
4896
-1256
5896
3656
-1508
4840
-2468
-2284
2512
-4072
2808
3800
-604
7032
1640
-840
4700
-4264
36
1164
-4300
4956
2008
288
7628
-516
1120
3256
-5300
1820
120
-3468
5472
828
1644
7276
-1792
2720
1760
-5196
2928
-1808
-1692
5748
-448
3896
5552
-2344
3908
-372
-3852
3308
-3160
328
5068
-1040
5740
4044
-1596
4860
-2824
-2256
2792
-3848
3004
3896
-900
7052
1548
-792
4724
-4300
292
1048
-4312
4788
1976
616
7464
-304
1028
3104
-5196
1816
64
-3388
5724
428
1984
6996
-1848
2956
1600
-4956
2856
-1820
-1808
5896
-168
3848
5556
-2220
3888
-784
-3824
3644
-3256
376
4916
-1136
6352
3408
-1676
4872
-2968
-1816
2324
-3876
2868
3652
-780
6816
1588
-752
4920
-4772
384
1140
-4416
5496
1440
784
7400
-836
1324
3088
-4844
2016
-264
-3176
5448
704
1908
7164
-1828
2996
1352
-5500
3156
-2024
-1332
5880
-1152
4468
5132
-2640
4716
-1176
-3520
3124
-3772
988
4716
-876
6188
3232
-1948
4580
-2880
-1620
2560
-4300
3100
3340
-388
7348
1248
-196
4456
-4716
388
968
-3808
5548
1368
756
7828
-876
1628
2684
-5056
2704
-808
-3008
5748
412
2680
6888
-2196
3208
668
-4848
3716
-2500
-732
5296
-1008
4684
5072
-2088
4484
-1632
-3604
3240
-3696
1580
4352
-1096
6896
2548
-1500
4860
-3572
-816
1868
-4048
3584
3052
-428
7728
736
-204
3976
-5280
1640
360
-3780
5728
1112
1256
7272
-1356
2488
2256
-5004
2724
-1440
-2304
5668
236
3228
6212
-2480
3712
504
-4708
3456
-2956
-296
5444
-1464
5588
4216
-2192
4932
-2156
-2692
2720
-3928
2212
3896
-792
6528
2144
-1092
4580
-3916
-388
1432
-4092
4216
2416
136
7456
-148
768
3496
-5148
1864
-168
-3724
5936
348
2068
6868
-1660
2892
1520
-5036
3048
-1936
-1880
5740
-132
4072
5712
-2468
4260
-348
-3972
3384
-3060
720
5032
-1312
5856
3876
-1880
5020
-2892
-2052
2440
-4400
3200
3472
-528
6884
1272
-668
4456
-4500
552
1236
-4572
4924
1572
744
7708
-712
1252
2764
-5228
2304
-664
-2964
5804
204
2312
6632
-1916
3244
816
-4808
3124
-2376
-1020
5708
-804
4616
5176
-2320
4756
-1320
-3208
3204
-3572
1420
4704
-1232
6556
2944
-1444
4888
-3400
-1396
2264
-4204
3592
3264
-644
7412
676
0
4192
-5064
908
472
-3880
5472
904
1172
7380
-1460
2388
2156
-5416
2548
-1472
-2364
5908
-432
3260
6404
-2196
3804
-200
-4392
3232
-2876
-372
5268
-580
5408
4248
-2068
4768
-2360
-2384
2780
-3692
2340
3760
-708
7168
1752
-880
4744
-4012
-244
1496
-4044
4628
2240
260
7748
-396
660
3248
-5300
2176
-384
-3452
5804
360
2220
6888
-1812
3144
1088
-5432
3084
-1956
-1316
5720
-740
4120
5488
-2424
4396
-940
-3720
3204
-3616
1152
4748
-976
6324
2932
-1464
4628
-3472
-1484
2236
-4088
3624
3172
-312
7360
516
248
4288
-4788
1192
380
-3956
5340
1580
1112
7436
-1056
1736
2500
-5332
2740
-936
-2400
5820
-316
2812
6444
-2040
4148
128
-4688
3184
-2792
-228
5568
-1044
5452
4240
-2392
4560
-2032
-2388
2880
-3948
1664
4192
-1096
6984
2512
-1240
4764
-4684
-280
1604
-4028
4460
2088
88
7388
-280
976
3524
-4764
1564
-288
-3140
5496
1000
1968
7372
-1844
2856
1572
-5236
3364
-2052
-1432
5824
-920
3992
5800
-2192
4400
-728
-4188
3276
-3436
920
5136
-1196
6120
3256
-1772
4852
-2792
-1960
2272
-4008
2888
3608
-760
7456
1308
-616
4280
-4740
804
736
-3672
4788
1496
700
7300
-432
1360
2840
-5408
2528
-868
-2860
6212
-180
3280
6364
-2496
3896
616
-4188
3160
-2856
-680
5384
-916
5504
4728
-2460
4480
-2024
-2824
3320
-4076
2212
3836
-844
6992
1984
-632
4336
-3884
-680
1496
-3784
4132
2692
88
7372
-20
568
3408
-4916
1848
56
-3744
5664
568
1768
7424
-1896
3060
1120
-5128
3104
-1840
-1280
5708
-588
3972
5752
-2244
4488
-992
-3872
3160
-3412
944
4936
-1032
6544
2928
-1728
4984
-3360
-1200
2336
-4008
3196
3056
-464
7512
1068
-360
4212
-4876
496
748
-3884
5360
1384
700
7400
-1460
2152
2284
-4884
2756
-1796
-2208
5572
-124
3772
6020
-2128
3636
-136
-4320
3372
-2592
-80
5260
-1184
5304
4440
-2140
5192
-2620
-2524
2680
-4188
2936
3956
-744
6988
1392
-652
4612
-4204
236
1224
-4236
4668
1888
732
7628
-436
1216
2940
-5100
2064
-612
-2976
6172
-8
2440
6920
-2224
3632
712
-5008
3396
-2772
-972
5728
-760
4944
4944
-2756
4788
-1868
-2984
3240
-4184
1904
4084
-816
6960
2248
-1092
4628
-4092
-612
1832
-3848
4504
2132
-60
7672
92
900
3500
-5008
1624
-212
-3304
5968
900
1640
7220
-1860
2992
1448
-5072
3308
-2100
-1660
5744
-512
4220
5628
-2260
4572
-1384
-3768
2980
-3392
1192
4832
-708
5876
3164
-1756
4996
-3312
-1496
2236
-4492
3568
2768
-276
7760
536
104
3944
-5016
992
576
-3880
5676
924
900
7392
-1168
2516
2064
-5288
2704
-1556
-2248
6184
-204
3648
5924
-2368
4116
-376
-4088
3436
-3200
12
4924
-1040
5912
4156
-1960
5004
-3004
-2004
2576
-4412
3264
3596
-692
7396
932
-492
4216
-4656
696
1064
-4244
5092
1396
588
7912
-1008
1884
2808
-5740
2456
-924
-2716
5976
-56
2852
6244
-2368
3704
652
-4604
3268
-2876
-524
5472
-928
5316
4636
-2144
4632
-2196
-2796
2872
-3696
2204
4104
-928
7024
1984
-1100
4908
-4200
-260
1580
-3920
4676
2120
404
7432
-140
1164
3168
-5220
1904
-428
-3280
5816
328
2552
6720
-1988
2936
852
-4520
2952
-2040
-1304
5292
-460
4308
5412
-2340
4480
-1632
-3420
3264
-3628
1736
4472
-872
6652
2172
-1244
4628
-3344
-992
1768
-3908
3604
3004
-388
7844
288
236
3960
-5268
1660
192
-3788
5828
492
1908
7224
-1416
2528
1724
-4860
2784
-1608
-2076
5848
-400
3808
5856
-2372
4316
-612
-4124
3148
-3412
768
4900
-868
6008
3208
-1612
4540
-2884
-1680
2316
-4168
3104
3176
-656
7440
1012
-172
4316
-4976
740
976
-3996
5376
1180
1116
7484
-1380
2052
2500
-5128
2736
-1124
-2572
5744
-24
3140
6560
-2348
3860
180
-4712
3512
-3168
188
5432
-840
5608
4072
-1768
4684
-2432
-2356
2792
-4100
2712
3652
-872
7528
1228
-532
4572
-4212
100
1072
-4140
4948
1816
332
7876
-708
1520
2812
-5360
2488
-1164
-3268
5980
352
2864
6568
-2164
3500
748
