# meta_json={"schema_version":4,"record_id":"20260928T183050_0800_fanA_r002","data_role":"formal","source_type":"real","device_id":"fanA","device_type":"fan","session_id":"fanA_rig01_12V_20260928_b","acquired_at":"2026-09-28T18:30:50+08:00","observed_condition":"baseline","target_label":"normal","label_basis":"controlled_injection","label_confidence":"confirmed","fault_level":0,"tape_count":0,"measurement_axis":"X","reference_gravity_axis":"Y","reference_gravity_sign":"+1","fixture_id":"rig01","sensor_module_id":"mpu01","sensor_mount_id":"fan_frame_top_left","installation_orientation_id":"x_measure_y_gravity","calibration_id":"uncalibrated","voltage_set_v":12.0,"firmware_build_id":"6db13e6","notes":"仅移除两片胶带；恢复正常基线","fs_config_hz":1000,"window_samples":1024,"window_nominal_ms":1024.0,"capture_samples":20480,"capture_nominal_ms":20480.0,"afs_code":0,"frames":20,"first_seq":1,"last_seq":20,"lost_frames":0,"sample_id_gaps":0,"capture_mode":"fifo_continuous"}
4956
2216
1536
8328
-872
2236
1588
-5812
3020
-2632
-1296
6192
-848
6244
4700
-1924
5020
-3828
-2052
2084
-4812
4288
2512
732
8440
-472
1612
2404
-6340
2572
-2180
-2392
6584
-888
5384
5580
-2160
5064
-3308
-2760
2344
-4792
3200
3256
268
8172
600
768
3164
-5996
1256
-836
-3312
6584
-176
3880
6904
-2328
4688
-1784
-3964
3304
-4876
2240
4192
-56
8036
1496
332
3776
-5604
564
-140
-3664
6208
500
3156
7380
-2084
3868
-616
-4532
3076
-4260
1032
4980
-488
7496
2548
-636
4304
-5604
176
528
-4200
5604
660
2404
8216
-1940
3380
156
-5268
2980
-3592
-120
5580
-752
6732
3952
-1424
4752
-4568
-1428
1680
-4892
5284
1628
1340
8548
-1252
2372
1592
-5724
2888
-2848
-1324
6428
-636
5796
4992
-1908
5216
-3972
-2644
2448
-5012
4456
2544
476
8664
-584
1844
2500
-5928
2236
-2188
-2284
6160
-104
5036
6008
-2172
4676
-2588
-3396
2820
-4568
2924
3956
-228
8208
664
372
3752
-6120
1544
-1088
-3136
6440
-340
3776
7008
-2144
4468
-1648
-4616
2880
-4452
1668
4808
-432
8020
1484
-340
4308
-5492
824
-108
-4012
5960
428
3084
7896
-1788
3628
-944
-4576
3048
-3952
880
5060
-404
7092
2932
-856
4764
-4936
-324
644
-4540
5492
1116
2104
8480
-1760
2896
408
-5456
3244
-3280
-284
5600
-936
6280
4164
-1072
4592
-4184
-1760
1700
-4552
4296
2608
1040
8616
-1064
1816
2272
-6068
2724
-2440
-1816
6220
-796
5644
5940
-2016
4664
-3352
-2856
2484
-4756
3804
3360
76
8148
56
1500
3164
-6160
1812
-1680
-2644
6140
-368
4588
6208
-1968
4460
-2128
-3724
2924
-4408
2320
4056
-432
8276
1136
356
4000
-6180
1128
-336
-3676
6080
436
3168
7560
-2140
3832
-928
-4876
3084
-4024
764
5124
-904
7556
2776
-752
4644
-5496
-100
476
-4204
5808
868
2444
8020
-1660
3280
160
-5356
3204
-3516
-156
5816
-620
6620
3612
-1108
4776
-4528
-1180
1388
-4444
4948
1744
1608
8592
-988
2044
1392
-5760
2792
-2468
-1592
6160
-796
5704
5164
-1788
4800
-3860
-2528
2040
-4960
4096
2952
492
8440
-204
1388
2832
-6136
2084
-1644
-2660
6508
-404
4416
6280
-2336
4968
-2196
-3812
2860
-4892
2840
4036
-256
8424
892
280
3956
-6268
1300
-620
-3604
6472
-28
3408
7284
-2032
4260
-924
-4688
3148
-4212
1308
5004
-564
7632
2360
-600
4448
-5220
-152
576
-4360
5708
1212
1944
8152
-1440
3192
532
-5712
3096
-3380
-608
6024
-784
6940
3840
-1632
4744
-4300
-1568
1636
-4760
4752
2192
1032
8536
-920
2264
1964
-6140
2676
-2476
-2036
6564
-396
5212
5372
-2036
4756
-2796
-2920
2472
-4576
3220
3408
308
8420
572
984
3088
-5904
1476
-1180
-2800
6268
196
3752
6692
-1864
4168
-1252
-4340
3180
-4376
1636
4456
-392
7716
1972
-288
4304
-5516
160
172
-4072
5672
980
2600
7756
-1824
3332
72
-4928
3212
-3748
-200
5668
-924
6708
3736
-1200
5004
-4840
-1328
1576
-4844
5100
1688
1400
8572
-1336
2180
1836
-5988
2840
-2660
-1304
6168
-820
5684
4900
-1508
4680
-3172
-2568
2104
-4680
3376
3232
404
8444
444
596
3384
-6056
1880
-1072
-3160
6652
-620
4044
6656
-1912
4584
-1528
-4324
3000
-4360
1800
4480
-528
7852
1864
-352
4532
-5712
356
104
-4064
5892
384
2732
7588
-1768
3348
280
-5164
2976
-3480
-124
5656
-804
6748
3620
-1240
4868
-4768
-1576
1688
-4480
4912
1940
1308
8236
-1116
2388
1916
-5788
2724
-2632
-1508
6292
-804
5604
5376
-1892
4992
-3340
-2696
2272
-4768
3656
3400
240
8496
72
756
3252
-5896
1876
-1032
-3120
6328
-408
3872
6800
-2116
4316
-1568
-4464
3156
-4388
1548
4952
-936
7964
1812
-572
4480
-5492
312
404
-4056
5900
1124
2124
7920
-1676
3360
600
-5576
3148
-3652
-292
6012
-648
7132
3316
-1368
4724
-4248
-972
1392
-4468
4620
1916
1108
8492
-696
2120
1992
-6268
2776
-2252
-1716
6360
-708
5568
5304
-1888
4692
-2808
-2892
2256
-4592
2692
3396
-32
8080
984
636
3336
-6256
1512
-648
-3276
6388
-196
3788
6740
-2292
4600
-1136
-4460
2972
-4180
1300
4768
-424
7556
2720
-1028
4708
-5340
-264
1028
-4256
5892
1076
1944
8208
-1820
3288
788
-5356
2868
-3380
-604
5756
-796
6404
4272
-1620
4852
-4188
-1988
2124
-4704
4568
2340
512
8500
-464
1784
2692
-6132
2172
-2228
-2240
6532
-504
5108
5648
-2300
4584
-2328
-3284
2844
-4792
2384
3896
-196
8264
1216
352
3368
-5464
800
-308
-3256
6136
304
3080
7480
-1960
3936
-220
-4884
3188
-3828
320
5588
-796
7112
3368
-1252
4732
-4732
-1024
1416
-4524
5036
2016
1096
8208
-980
2312
2024
-5864
2600
-2560
-1804
6444
-588
5564
5196
-2064
4460
-3052
-2492
2552
-4820
2908
3396
-4
8408
708
364
3592
-6060
1212
-564
-3448
6236
140
3264
7176
-2208
4120
-792
-4496
3148
-4188
808
4928
-464
7320
2920
-740
4180
-4740
-792
1212
-4148
4980
1676
1524
8288
-1164
2488
1700
-5952
2628
-2680
-1064
6264
-1020
5732
5004
-1724
5008
-3568
-2624
2464
-4780
3688
3164
288
8144
316
760
3320
-5700
1364
-752
-3312
6292
-8
3696
7140
-2312
4036
-1196
-4472
3248
-4308
1276
4620
-892
7656
2216
-424
4352
-5128
-308
684
-4172
5352
1364
1604
7996
-1108
2796
1264
-5720
2704
-2904
-1016
6192
-480
5772
4876
-1892
4880
-3220
-2432
2388
-4652
3628
3112
252
8316
488
888
3332
-5776
1328
-1056
-2992
6360
164
3496
6852
-2088
4112
-992
-4588
3392
-4348
912
4964
-696
7424
2492
-1092
4616
-5080
-488
1080
-4476
5336
1440
1460
8344
-1240
2564
1152
-5404
2748
-2784
-1472
6108
-580
5516
4944
-1916
4980
-3232
-2784
2468
-4648
3604
3132
112
8284
524
916
3500
-5792
1308
-884
-3096
6160
268
3240
7276
-2232
4104
-740
-4624
3388
-4104
816
5088
-712
6968
2980
-1096
4704
-4660
-1104
1564
-4732
5088
1684
1172
8564
-1228
2332
1624
-5900
2996
-2768
-1552
6260
-820
5480
5176
-1852
4816
-2892
-3140
2908
-4780
2764
3880
-100
8376
732
-20
4016
-5840
1320
-348
-3788
6276
188
2940
7624
-1948
3764
-568
-5012
3428
-3884
328
5188
-536
6876
3336
-1156
4808
-4504
-1144
1332
-4396
4588
2044
1000
8148
-392
1488
2376
-5948
2272
-2040
-2328
6472
-780
4992
5856
-2160
4696
-2424
-3604
2744
-4628
2424
4132
-360
8040
1396
-180
4184
-5376
632
52
-3920
5784
1000
2528
7684
-1760
2952
612
-5364
3200
-3432
-392
5860
-752
6512
4160
-1368
4716
-3768
-1936
2156
-4636
3952
2684
456
8504
-80
1280
3148
-6000
1944
-1664
-2780
6492
-548
4500
6264
-2148
4296
-1488
-3964
3140
-4352
1100
4720
-496
7444
2732
-1068
4604
-5184
-472
1104
-4708
5304
1296
1608
8316
-1488
2600
1436
-5456
2700
-2812
-1288
6188
-708
5656
5000
-1768
4856
-3036
-2620
2352
-4828
3488
3624
140
8296
532
932
3752
-5752
1088
-732
-3392
6196
484
3004
7476
-2140
3852
-232
-5032
3244
-3728
408
5276
-936
7308
3128
-1308
4884
-4436
-1372
1404
-4552
4488
2008
664
8244
-540
1648
2364
-5896
2292
-2052
-2448
6388
-172
4584
6196
-2224
4492
-1836
-3728
2872
-4296
1848
4468
-552
8028
1648
-304
4296
-5208
76
420
-4056
5548
1312
1964
7996
-1336
2764
944
-5640
3184
-2848
-1172
6056
-804
5972
4784
-1864
4816
-3204
-2388
2404
-4784
3272
3540
84
8220
360
544
3568
-5776
1248
-612
-3612
6236
16
3488
7120
-1984
3624
-676
-4612
3080
-3780
612
5004
-564
6652
3404
-1076
4908
-4648
-1444
1672
-4668
4876
2160
724
8420
-620
1448
2616
-5776
2512
-1792
-2536
6072
-196
4448
6232
-2208
4476
-1712
-4168
3212
-4448
1852
4644
-728
8000
1780
-680
4752
-4976
-328
696
-4264
5388
1156
1652
8096
-1136
2444
1312
-5548
2724
-2668
-1472
6104
-576
5232
5108
-1836
4600
-2544
-3184
2680
-4304
2452
3784
-252
8016
1060
96
4096
-5560
660
-12
-3824
5884
716
2544
8032
-1620
3160
484
-5372
3272
-3112
-504
5800
-1292
6256
4152
-1356
5168
-3824
-2304
1940
-4684
3668
3104
388
8208
20
548
3420
-5624
1576
-772
-3516
6140
196
3252
7456
-2188
4072
-468
-4976
3208
-3620
540
5372
-992
6460
3728
-1164
4856
-4048
-1604
1616
-4616
4248
2708
704
8368
-632
1240
2864
-6032
2396
-1616
-2824
6432
-380
4104
6608
-1916
4524
-1140
-4104
2792
-3912
892
5168
-340
6832
3128
-1120
4852
-4536
-1168
1696
-4744
4992
1956
988
8564
-864
1628
2280
-5960
2928
-2000
-2220
6184
-492
4284
6084
-1768
4448
-1868
-3908
2856
-4284
1564
4632
-392
7420
1696
-684
4532
-4732
-244
716
-4176
5204
1508
1440
8272
-1096
2096
1784
-5740
2752
-2264
-1916
6236
-544
4960
5684
-1760
4576
-2356
-3444
2772
-4200
1992
4284
-300
7652
1656
-504
4548
-5172
-24
772
-4176
5428
1476
1432
8072
-1284
2236
1588
-5548
2908
-2716
-1596
6196
-828
5380
5056
-2084
4824
-2520
-3308
2744
-4364
2220
3804
-348
7812
1692
-220
4192
-5168
148
308
-3876
5440
1448
1588
7752
-1140
2360
1416
-5580
2848
-2312
-1620
6284
-756
5184
5136
-1888
4844
-2816
-3152
2512
-4156
2596
3984
-120
7832
1352
-196
4208
-5160
536
328
-4072
5540
784
2212
7928
-1132
2512
1092
-5200
2584
-2640
-1512
6152
-476
4860
5400
-2012
4752
-2040
-3568
2664
-4504
2164
4276
-408
7684
1720
-596
4440
-5244
228
388
-4136
5560
1396
1600
7816
-1156
2564
1740
-5560
2556
-2148
-2024
6168
-176
4784
5692
-2228
4620
-1936
-3588
2948
-4424
2236
4192
-444
7988
1536
-272
4088
-4920
152
660
-3904
5204
1680
1288
8020
-932
2052
1992
-5704
2672
-2492
-2108
6416
-484
4904
5572
-2200
4336
-1992
-3356
2716
-4044
1252
4440
-332
7284
2408
-776
4568
-4744
-728
1156
-4308
4944
1668
1092
8088
-716
1516
2564
-5676
2320
-1888
-2524
6240
-156
3956
6280
-1908
4120
-1300
-4132
3352
-4016
768
5000
-700
7376
2584
-1216
4884
-4320
-1072
1276
-4316
4556
2204
640
8084
-112
1264
3008
-5888
2252
-1208
-3164
6544
-436
3776
6816
-2200
4064
-460
-4820
3148
-3672
248
5304
-788
6492
3752
-1584
4908
-3964
-1936
1980
-4588
4104
2756
408
8220
-28
960
3020
-5240
1508
-632
-3560
5892
496
2736
7468
-1884
3732
192
-5396
3372
-3476
-232
5940
-1032
6076
4524
-1720
4784
-3148
-2428
2328
-4484
3384
3192
220
7732
676
416
3668
-5220
956
-264
-3612
5512
648
2332
7692
-1348
2936
812
-5352
2560
-2732
-1328
6252
-568
5232
4796
-2104
4904
-2456
-3140
2648
-4192
2204
3856
-188
7716
1808
-616
4312
-5164
64
752
-4296
5824
1256
1412
8048
-1320
2864
1612
-5532
2620
-2280
-1816
5896
-80
4696
5600
-2088
4232
-1540
-3508
2648
-3996
1412
4388
-512
7260
2452
-748
4596
-4920
-520
1176
-4388
4900
1844
1032
8168
-928
1564
2776
-5768
2248
-1500
-3012
6340
-444
3912
6952
-2136
3956
-920
-4516
3212
-3636
496
5312
-644
6268
3736
-1412
4952
-3640
-2044
1864
-4488
3924
2984
76
8336
208
492
3804
-5596
1564
-860
-3708
6408
352
3056
7156
-1840
3496
496
-4888
2948
-3092
-860
5420
-232
5268
4932
-1680
4664
-2760
-3292
2668
-4452
2892
3580
-252
7544
1204
-56
4280
-4892
168
16
-4228
5408
1300
1848
7892
-1464
2240
1848
-5452
3048
-2224
-1936
6040
-532
4788
6016
-2052
4572
-1916
-3624
3072
-4420
1840
4488
-476
7216
2344
-828
4660
-4488
-752
1388
-4300
4172
2548
824
8212
-192
1148
3012
-5620
2180
-1164
-2756
6224
44
3496
6788
-1756
3392
-340
-4760
3348
-3524
-164
5368
-1100
6516
3624
-1248
4888
-3508
-2384
1852
-4452
3340
3428
156
7828
544
232
3856
-5080
932
-108
-4024
5656
900
2136
7984
-1268
2800
1148
-5396
2868
-2448
-1448
6148
-512
4588
5188
-1756
4816
-1968
-3664
2780
-4180
1728
4332
-236
7152
2664
-1040
4764
-4620
-612
1392
-4516
4828
2000
776
8236
-832
1572
2628
-5764
2300
-1876
-2892
5976
52
3592
6812
-1888
3708
-532
-4948
3360
-3568
-60
5756
-1076
6280
3864
-1824
5284
-3268
-2500
2384
-4368
3320
3368
36
7672
956
156
3904
-5232
608
160
-3708
5488
872
2224
7720
-1240
2448
1380
-5248
2668
-2144
-1860
6212
-616
4760
6044
-2064
4456
-1852
-3744
3144
-4236
1224
4772
-480
7144
2384
-1004
4672
-4360
-1000
1252
-4300
4472
2148
592
8252
-684
1276
3108
-5572
2064
-1224
-3184
6124
208
2972
7204
-1944
3384
308
-4844
3536
-3360
-528
5592
-692
5760
4580
-1564
4528
-2840
-2828
2480
-4204
2664
3948
-372
7616
1452
-456
4716
-5056
496
488
-4412
5444
1448
1480
8048
-920
2240
1984
-5888
2724
-1960
-2272
6376
-536
4444
6064
-2004
4188
-1052
-4388
3180
-3856
644
5192
-924
6736
3312
-1428
4944
-3952
-1492
1844
-4508
3836
2780
376
8056
236
836
3524
-5432
1348
-468
-3468
5644
592
2708
7308
-1300
2752
1040
-5016
2692
-2280
-1460
5884
-576
4836
5684
-1864
4416
-2056
-3720
3136
-4112
1940
4072
-360
7052
2500
-644
4476
-4072
-872
1164
-4440
4592
2268
668
8268
-572
1192
3152
-5508
1868
-1248
-3232
5932
344
2908
7320
-1776
3188
212
-5260
3312
-3240
-740
5864
-752
5676
4416
-1848
4864
-2840
-2480
2700
-4492
2472
3588
64
7712
1844
-576
4160
-4900
-168
888
-4204
5228
1644
1152
7884
-836
1956
2560
-5508
2420
-1472
-2900
6184
-176
3836
6828
-2144
3836
-452
-4680
3312
-3332
32
5204
-764
5960
4108
-1440
4600
-2956
-2484
2188
-4324
2912
3576
-172
7656
984
-316
4108
-5112
576
464
-4492
5284
1224
1336
8372
-1096
2124
2112
-5832
2660
-1980
-2076
6348
-772
3940
6204
-1728
4156
-584
-4336
2996
-3636
268
5480
-400
6028
3900
-1620
4804
-3344
-2188
2480
-4392
3296
3004
-16
8144
712
164
4036
-5240
280
36
-3716
5860
1128
1360
7784
-1264
2412
1964
-5560
2796
-2292
-2380
6208
-344
4408
5872
-2132
4140
-1148
-4268
3148
-3436
636
5112
-952
6488
3576
-1408
4880
-3436
-2060
1744
-4224
3312
3440
80
7500
1220
-184
4280
-5016
568
432
-4280
5976
876
1804
8084
-1412
2864
1720
-5696
2888
-2424
-1696
5996
-308
4008
6284
-1972
4040
-796
-4256
3100
-3924
332
5328
-644
6164
3716
-1524
4604
-3156
-2488
2304
-4408
3148
3376
-228
7812
828
96
4016
-5116
344
236
-3716
5520
1360
1316
7828
-1004
2256
2216
-5700
2680
-1860
-2312
6308
-312
4152
6312
-1624
4256
-772
-4372
2860
-3244
88
5532
-616
6092
3896
-1748
5364
-3260
-2120
2100
-4660
3316
3136
184
7932
1192
-300
3952
-5008
444
608
-4040
5116
1328
1268
7976
-724
1912
2212
-5732
2468
-1792
-2416
6180
-136
4000
6188
-1864
3840
-648
-4364
2872
-3116
-240
5340
-404
5948
4340
-1688
4960
-3248
-2392
2212
-4340
3220
3516
-156
7632
1144
92
4164
-4768
336
324
-3956
5328
1600
1528
7792
-592
1380
2556
-5348
2356
-1456
-2864
5964
44
3344
6740
-1616
3812
-300
-4824
3328
-3224
-76
5540
-796
6036
3852
-1744
4860
-2928
-2436
2252
-4080
2236
3516
-248
7716
1812
-564
4260
-5112
132
948
-4432
5412
1240
1368
8192
-1148
2184
2184
-5404
2392
-1728
-2632
6188
392
3580
6816
-2184
3632
-96
-4596
3324
-3240
-244
5268
-792
5928
4436
-1652
4964
-3080
-2692
2640
-4504
3128
3448
-208
7856
952
-284
4364
-4908
292
440
-4280
5176
1544
1184
7912
-672
1804
2352
-5660
2344
-1592
-2692
6196
68
3360
6480
-2052
3932
-436
-4628
3192
-3588
-152
5292
-568
6184
4180
-1708
4740
-2940
-2584
2584
-4380
3108
3712
-224
7860
1052
-96
4288
-4860
608
156
-4196
5200
1388
1756
7716
-616
1616
2164
-5736
2824
-1672
-2856
6228
-468
4020
6352
-1836
4196
-1060
-4564
2920
-3420
424
5152
-900
6308
3640
-1560
5000
-3296
-2216
1988
-4532
3360
3376
100
7792
1080
-56
4024
-4996
628
296
-3888
5420
1156
1828
7684
-1108
2504
1720
-5412
2768
-2224
-2164
5992
-324
4564
5784
-1888
4364
-1260
-3812
3160
-3804
604
5040
-500
7120
3052
-1564
4620
-3720
-1516
2004
-4380
4020
2328
360
7760
696
780
3324
-5180
1128
-360
-3792
5852
952
2396
7572
-1932
3216
1056
-5504
2852
-2900
-1432
5768
-188
5020
5252
-1856
3916
-1596
-3776
3040
-4020
1568
4476
-860
7216
2572
-1080
4984
-4712
-792
1236
-4524
4912
2180
844
7968
-132
1160
2924
-5208
1540
-840
-3352
6176
368
3188
7188
-2104
3772
164
-4976
3136
-3012
-856
5528
-536
5384
4788
-1956
4704
-2436
-3084
2832
-4464
2424
4016
-556
7616
1624
-376
4364
-5052
232
424
-4192
5200
1404
1460
7948
-896
1856
2184
-5532
2532
-1580
-2512
5808
60
3792
6600
-1596
3540
-368
-4548
3080
-3356
328
5484
-960
6364
3660
-1792
5100
-3548
-1660
2100
-4600
3416
3176
88
8096
924
236
3792
-5420
1000
48
-3856
5896
740
2168
7484
-1452
2756
1284
-5388
2648
-2364
-1956
6260
-196
4472
5624
-2348
4656
-1676
-3732
3300
-4672
1604
4408
-688
7764
1836
-716
4724
-4564
-384
948
-4108
4832
1748
1108
7936
-336
1628
2520
-5496
2100
-1512
-2812
6124
-12
3620
6568
-1796
3800
-220
-4408
3008
-3224
-272
5424
-292
5924
4328
-1712
4800
-3152
-2808
2656
-4464
3064
3580
-384
7868
844
8
4292
-5180
492
8
-4092
5720
952
1788
7672
-1260
2452
1368
-5248
2836
-2424
-1840
6152
-560
4244
6056
-1828
4468
-1348
-4356
2912
-3732
1260
4840
-572
6808
2800
-1328
4888
-4040
-988
1220
-4752
4544
2220
852
8164
-164
1116
3076
-5732
1908
-828
-3280
6056
160
2788
6924
-1664
3696
412
-5300
3072
-3416
-572
5724
-620
6108
4244
-1868
4372
-2600
-2532
2464
-4272
2252
3640
-548
7816
1412
-124
4112
-5068
0
644
-4108
5472
1432
1344
7908
-1172
2396
2064
-5588
2556
-2036
-2116
6168
-116
4388
6068
-2036
4088
-1136
-3880
3196
-3968
684
4796
-392
6748
3372
-1172
4720
-4132
-1640
1948
-4140
3860
2776
560
7804
316
376
3788
-5156
1148
-496
-3868
5984
384
2548
7696
-1700
3072
576
-5204
3248
-2992
-884
5624
-364
5304
4940
-1824
4740
-2508
-3056
2560
-4276
2096
4160
-352
7576
1636
-780
4956
-4828
72
748
-4336
5220
1584
1356
8076
-656
1868
2356
-5616
2588
-1716
-2348
6196
-80
3712
6500
-1968
4120
-792
-4296
3164
-3724
452
5044
-396
6436
3568
-1484
4624
-3528
-1884
2108
-4492
3512
3064
-4
8096
700
388
3808
-5640
1280
-396
-3636
5824
428
2636
7368
-1684
2944
924
-5364
3072
-2544
-1492
5952
-660
5188
5300
-2080
4728
-2124
-3668
2820
-4160
1904
4524
-552
7124
2420
-972
4676
-4172
-640
1256
-4396
4676
1912
1064
8328
-60
1388
2848
-5472
1856
-1092
-3040
6388
240
3376
6800
-2216
3560
292
-4708
3252
-3224
-640
5264
-832
6004
4468
-1664
4600
-3216
-2476
2256
-4128
2976
3476
-96
7272
1312
-136
4308
-4940
260
384
-4388
5568
1132
1844
8024
-1420
2260
1792
-5356
2640
-1856
-2356
6020
-256
3924
6612
-1648
4156
-864
-4748
3204
-3572
876
5316
-804
6528
2976
-1028
4992
-3368
-1772
1536
-4612
3568
3024
456
7924
664
224
3408
-5196
1116
-192
-3784
5628
604
2236
7600
-1436
2908
1184
-5340
2896
-2548
-1844
6184
-488
4752
5568
-2216
4612
-1496
-3908
3280
-4216
1204
4432
-476
7036
3056
-1332
4504
-3792
-1236
1924
-4504
3928
2376
480
8324
324
652
3204
-5336
1480
-324
-3128
5816
460
2468
6900
-1192
3236
920
-5212
2880
-2688
-1436
5604
-8
4736
5456
-2120
4248
-1484
-4152
3200
-3912
1516
4560
-804
6808
3016
-892
4752
-4372
-1288
1448
-4580
4700
2532
540
7852
-376
880
3248
-5544
1796
-544
-3508
5904
360
2808
7272
-1228
3148
620
-5332
2860
-2604
-1100
6244
-840
4984
4956
-1884
4884
-1988
-3452
2852
-4368
2084
4284
-188
7072
2248
-968
4420
-4016
-696
1444
-4476
4304
2140
596
8304
-280
1072
3180
-5720
1612
-976
-2992
5928
284
2404
7020
-1612
3244
732
-5236
2848
-2836
-1264
5936
-492
5088
4812
-1804
4760
-2504
-3356
3064
-4324
1996
3964
-396
7588
1796
-712
4712
-4480
-692
1340
-4340
4600
2008
824
8196
-52
1180
2692
-5304
1452
-608
-3092
5900
572
2656
6804
-1772
3464
540
-4888
3032
-2792
-1172
5672
-632
5372
5092
-2048
4880
-2764
-3160
3048
-4320
2340
3748
-380
7252
1916
-476
4492
-4424
-900
1084
-4264
4636
1840
828
8268
-640
1440
2668
-5572
2104
-1512
-2696
6180
-12
3512
6680
-1672
3524
-68
-4868
3332
-3068
-760
5496
-748
5884
4468
-1616
5044
-2628
-3020
2684
-4256
2680
3820
-272
7616
1752
-656
4448
-4628
20
748
-4212
4724
1808
1276
7996
-440
1612
2552
-5832
2092
-1196
-2640
5964
-196
3344
6632
-1620
3652
-208
-4728
3040
-3368
-320
5564
-684
6052
4056
-1976
4708
-2788
-2584
2704
-4392
2700
3540
-392
7708
1836
-488
4156
-5100
8
668
-4080
5400
1384
1268
7848
-1092
2228
2420
-5472
2800
-1972
-2740
6280
-44
3872
6564
-1988
3724
-524
-4708
3304
-3228
-128
5152
-868
6248
3992
-1560
5104
-3356
-2400
2124
-4520
3540
3160
-52
7812
904
-40
4016
-5012
476
104
-4016
5264
1344
1408
7532
-772
2136
2080
-5312
2436
-1892
-2516
6348
-140
4056
6340
-2176
4232
-1052
-4180
3368
-3596
540
5132
-892
6308
3680
-1304
5072
-3492
-2272
2216
-4412
3776
3148
260
7756
572
212
3856
-4552
748
-132
-4068
5196
1440
1812
7552
-848
1956
1784
-5684
2728
-1644
-2272
6184
-652
4156
5964
-2292
4260
-972
-3956
2804
-3792
468
5080
-492
6444
3396
-1416
4736
-3460
-2020
1908
-4144
3436
3248
-28
7804
1008
72
3940
-4876
776
332
-4192
5768
1216
1856
7784
-1052
2444
1844
-5528
2516
-1740
-2124
6072
-320
3908
6236
-1996
4296
-780
-4196
2828
-3832
612
5260
-220
6124
3532
-1432
4704
-3352
-1684
2136
-4484
3220
2900
180
7792
1132
180
3744
-5196
388
332
-3668
5404
1216
1508
7688
-1024
2228
2112
-5304
2424
-1812
-2540
5992
-76
4036
6344
-1888
3796
-796
-4368
3272
-3264
236
5148
-932
6640
3724
-1528
4860
-3280
-2244
1972
-4372
3424
3424
232
7524
956
-48
4276
-4728
452
380
-4224
5408
1044
1780
8032
-1124
2056
1840
-5508
2604
-1820
-2228
5960
-344
3764
6216
-1452
4028
-792
-4568
2988
-3312
216
5352
-836
6168
3764
-1948
5084
-3192
-2432
2588
-4496
3104
3388
-600
7960
1128
-24
4276
-5116
280
548
-4056
5532
1304
1308
7524
-644
1940
2332
-5204
1996
-1436
-2612
5960
12
3864
6468
-1912
3752
-584
-4684
3152
-3180
-112
5420
-924
5724
4108
-1584
5028
-2952
-2788
2388
-4352
3064
3704
-372
7684
1276
-628
4624
-4908
252
664
-4436
5096
1448
1176
8220
-684
1892
2136
-5560
2408
-1576
-2676
5896
0
3452
6908
-1808
3604
-80
-4868
3296
-3304
-332
5508
-836
5728
4512
-1900
4880
-2596
-2964
2788
-4392
2552
3720
-320
7456
1804
-448
4024
-4404
-196
764
-4208
4632
2080
968
7904
-552
1432
2812
-5608
1984
-1272
-3104
5804
376
2992
7072
-1620
3536
248
-5148
3076
-3116
-552
5552
-760
5644
4572
-1900
4908
-2260
-2916
2480
-4448
2056
4400
-340
7676
1992
-952
4664
-4836
52
1204
-4076
4516
1860
880
7828
-16
1304
3180
-5288
1652
-1184
-3264
6140
312
3292
6972
-2164
3496
168
-4844
3264
-3180
-860
5676
-740
5296
4960
-1812
4852
-2412
-3292
3104
-4424
2108
4064
-492
7588
1816
-880
4484
-4276
-448
844
-4140
4584
2164
512
8088
76
1352
3264
-5700
1876
-1136
-3052
6188
476
2876
6916
-1680
3532
296
-4804
2972
-2860
-1056
5624
-328
5320
4960
-1720
4556
-2504
-3300
2964
-3948
2132
3960
-736
7208
1868
-584
4592
-4328
-680
948
-4288
4376
2340
1060
7940
-420
904
2964
-5424
2028
-1124
-3092
5708
-172
2948
6912
-1136
3256
132
-4924
2712
-2632
-908
5720
-180
4980
4800
-1944
4668
-2068
-3524
3040
-4364
2024
4132
-496
7856
1928
-552
4480
-4380
-516
1292
-4416
4644
2264
732
8028
-316
1180
3072
-5384
1924
-920
-3184
5960
304
3100
7016
-1792
3440
172
-4940
2896
-2964
-696
5636
-640
5048
4672
-1804
5116
-2316
-3020
2592
-4300
1824
4328
-224
7648
1664
-856
4568
-4624
-184
1140
-4208
4760
1444
856
7632
232
1468
2700
-5420
1236
-880
-3080
6520
312
3136
6792
-2036
3808
172
-4584
2964
-3048
-972
5720
-548
5736
4708
-1852
4592
-2480
-3064
2704
-4232
2348
4124
-632
7432
1708
-536
4624
-4784
-352
692
-4336
4456
1908
1312
7912
-292
912
2852
-5472
1948
-1172
-2932
6324
-92
3192
6784
-1760
3820
124
-4772
3096
-3212
-488
5556
-400
5820
4588
-1716
4676
-2632
-2680
2980
-4148
2472
3668
-312
7520
1796
-52
4380
-4608
-676
732
-4064
5156
2188
1052
7812
-744
1416
2912
-5388
2384
-1180
-3328
6000
32
3432
6908
-1632
3672
-152
-5056
3048
-3128
-492
5760
-708
5516
4120
-1752
4764
-2340
-2880
2408
-4100
1892
3956
-184
7372
2304
-624
4200
-4780
-408
1300
-4208
4996
1756
984
7968
-644
1532
2756
-5352
2156
-1488
-2992
6188
376
3140
6856
-1956
3276
164
-4784
3304
-3128
-804
5424
-824
5984
4516
-1684
4844
-2652
-3000
2632
-4420
2292
3960
-292
7252
2012
-436
4236
-4600
-508
1172
-4256
4780
1768
804
7928
-756
1840
2696
-5592
2136
-1460
-3068
5844
368
3324
6972
-2024
3464
-12
-4944
3388
-3180
-308
5208
-728
5740
4492
-1608
4648
-2496
-2784
2600
-4084
2552
4036
-232
7400
1732
-556
4416
-4292
-368
888
-4332
4824
2084
1172
7972
-236
1312
2596
-5508
2020
-1132
-2988
6200
68
3108
7028
-2008
3460
-88
-4740
3128
-3228
-448
5340
-420
5376
4616
-1796
4632
-2588
-3208
2708
-4136
2420
4028
-552
7480
2096
-452
4444
-4720
-540
1116
-4532
5132
1884
912
7832
-596
1720
2832
-5480
2000
-1056
-3084
6324
24
3232
6896
-2056
4012
52
-4816
3048
-3160
-68
5628
-632
5664
4668
-1756
4844
-2716
-3008
2836
-4328
2800
3916
-328
7676
1296
-448
4388
-4784
12
696
-4464
4928
1684
836
8148
-964
2056
2384
-5608
2184
-1904
-2436
5876
-60
3592
6492
-1836
3760
-240
-4460
3060
-3460
0
5436
-528
5852
4076
-1500
4872
-3052
-2536
2500
-4424
2928
3600
-104
7860
1464
-216
4188
-4828
216
552
-4076
5308
1484
1356
7988
-844
1852
2276
-5664
2612
-1760
-2476
6328
-220
3876
6292
-2040
4080
-556
-4624
3004
-3760
100
5512
-900
6484
3860
-1868
5040
-3440
-2016
2036
-4428
2936
3396
-124
7636
1116
-88
4096
-4932
488
196
-3700
5312
1288
1832
7688
-1000
2180
1720
-5368
2560
-1896
-2044
6080
-472
3908
6196
-1988
4604
-936
-4100
2924
-3888
508
5292
-432
6584
3516
-1664
4468
-3328
-1984
2472
-4480
3008
3048
44
7708
1288
288
3884
-5256
468
48
-3700
5736
1140
2024
7484
-1640
2708
1736
-5100
3008
-2488
-2196
6040
-708
4752
6184
-2088
4220
-1644
-4120
3152
-3660
760
4888
-560
6320
3344
-1292
5104
-3572
-1640
1736
-4512
3936
2920
808
7872
244
472
3368
-4768
964
32
-3780
5516
780
2068
7964
-1240
2876
1028
-5648
2944
-2512
-1492
6140
-544
4776
5432
-2044
4640
-1676
-3740
2876
-4116
1236
4476
-468
6900
2796
-1316
4556
-4256
-1012
1548
-4452
4412
2284
696
7940
-272
1212
3144
-5596
1732
-816
-3464
6112
256
2952
7308
-1724
3492
472
-5264
3096
-2836
-952
5764
-608
5416
4468
-1908
4896
-2140
-3128
2556
-4140
2108
4016
-324
7372
1912
-496
4364
-4872
-344
840
-4132
5132
1664
984
7744
-580
1788
2640
-5392
2148
-1820
-2820
6416
-176
4136
6140
-2020
3760
-740
-4344
3048
-3624
176
5320
-556
6016
3996
-1528
4696
-3320
-2340
2136
-4256
3328
3448
192
7544
1076
164
4060
-5168
712
-208
-4092
5860
1032
2456
7580
-1824
2652
1472
-5228
3136
-2356
-1928
5888
-404
4624
5644
-1740
4560
-1772
-4260
2784
-3804
1528
4700
-448
6952
2368
-1108
4516
-3920
-800
1312
-4532
4396
2168
868
7828
140
1232
2716
-5596
1700
-924
-3344
6276
172
3304
6876
-1908
4032
-200
-4848
3192
-3604
-28
5336
-416
5900
4272
-1552
4780
-2932
-2772
2780
-4560
2856
3644
-160
7956
856
-48
4416
-5224
368
252
-4024
5608
968
2132
7788
-1596
2476
1452
-5272
2932
-2604
-1660
5984
-156
4440
6000
-1812
4128
-1464
-4116
3068
-3952
1068
4976
-696
7020
2820
-1436
4700
-4404
-848
1392
-4500
4656
2136
844
8216
-528
1728
2720
-5768
2032
-1200
-2872
6296
124
3272
6832
-1704
3756
140
-4908
3012
-3484
-96
5852
-796
6448
4060
-1636
4740
-3368
-2172
2460
-4400
3016
2960
-4
8032
900
368
3888
-5512
788
-396
-3772
5900
952
2020
7488
-1524
3116
960
-5328
2912
-2812
-1472
5848
-528
5340
5212
-2156
4716
-2280
-3220
2872
-4612
2076
4292
-368
7496
1644
-212
4376
-4668
-228
828
-4360
4992
1760
1532
8188
-1036
2164
2040
-5476
2624
-1968
-2260
6228
-432
4064
6308
-1860
4200
-1180
-4208
2976
-3880
708
4992
-448
6752
3092
-1284
4484
-3772
-1604
1796
-4596
3964
2440
480
8224
-96
1260
3056
-5936
1992
-1096
-3064
6080
-104
3152
6960
-1912
3676
-240
-4968
3212
-3432
-8
5484
-828
6208
3988
-1576
5020
-3380
-2400
2280
-4344
3576
3220
-88
7776
996
568
3520
-5176
672
-56
-3884
5764
840
2572
7396
-1468
3072
664
-4984
2908
-2748
-1072
5784
-556
5176
5212
-1912
4764
-2656
-3068
2536
-4672
2740
3732
-92
7708
1400
-120
4092
-4840
188
380
-4200
5388
1372
1548
8012
-1244
2636
1772
-5808
2876
-2304
-1888
6236
-500
4676
5840
-2248
4588
-1680
-3828
3032
-4056
1328
4544
-396
7300
2580
-844
4576
-4280
-900
1092
-4068
4692
1952
1056
7928
-496
1632
2488
-5544
2176
-1648
-2736
6176
104
3956
6252
-1724
3824
-872
-4164
2856
-3524
116
5160
-820
6800
3260
-1284
4808
-4364
-1620
1792
-4172
4124
2568
340
7892
196
836
3732
-5392
1180
-632
-3684
6356
420
2916
7216
-2228
3536
420
-4836
3212
-3308
-656
5664
-736
5964
4336
-1640
4836
-3028
-2508
2316
-4280
3092
3588
-124
7564
1344
-76
4120
-4928
532
76
-4104
5644
1044
2308
7640
-1592
2664
1148
-5160
2900
-2808
-1588
5816
-392
4988
5484
-2156
4468
-2140
-3368
2932
-4360
1768
4368
-620
7468
1948
-608
4332
-4760
-360
844
-4280
5216
1616
1408
7944
-744
2076
2376
-5508
2376
-1468
-2584
6220
-204
4036
6484
-2004
4040
-1088
-4568
3368
-3800
964
5244
-724
6840
2720
-1092
4820
-3976
-1276
1416
-4544
4052
2532
572
8080
40
832
3048
-5520
1784
-1048
-3396
6144
172
3080
6952
-2032
3940
-272
-4936
3184
-3580
-168
5452
-468
6056
4200
-1728
4640
-3108
-2592
2484
-4252
3072
3584
-268
8084
968
464
4072
-5576
924
-168
-3912
6240
580
2472
7572
-1792
3124
1140
-5280
3128
-2880
-1328
5860
-512
5176
5156
-1788
4696
-2536
-3364
2868
-4180
2228
3972
-432
7424
1832
-632
4392
-4484
-288
944
-4516
4876
1780
1340
8200
-928
1872
2224
-5700
2448
-1808
-2532
6548
-852
4492
6132
-2160
4564
-1400
-3944
3024
-4180
944
4792
-500
7024
2964
-1208
4716
-3964
-1344
1804
-4504
4368
2300
832
8060
-12
1252
3060
-5644
1724
-1156
-3016
6196
364
2992
7240
-2240
3612
-20
-4968
3420
-3632
-456
5552
-1052
6644
4004
-1700
4716
-3820
-2072
1988
-4400
3340
2972
132
7776
888
-64
4064
-5424
1152
-364
-4092
6120
640
2560
7828
-1696
3248
412
-5264
3280
-2756
-1156
5760
-680
5384
5072
-1944
5040
-2492
-3168
2672
-4208
2520
3736
-120
7604
1872
-444
4152
-4780
56
532
-4332
5540
1408
1716
8124
-1416
2388
1724
-5596
2976
-2280
-1824
5916
-296
4188
5824
-1804
4168
-1292
-4228
3028
-4216
1284
4688
-376
7116
2724
-1212
4720
-4360
-844
1224
-4648
4840
1736
1072
8104
-788
1876
2432
-5608
2180
-1592
-2792
6104
76
3764
6520
-2096
3916
-440
-4584
3340
-3920
584
5124
-1112
6896
3420
-1352
4808
-4012
-1468
1492
-4404
4408
2732
608
7636
188
740
3208
-5256
1660
-596
-3736
6080
200
3048
7136
-1716
3388
-244
-5024
3184
-3368
-288
5400
-548
5852
4024
-1764
4976
-2980
-2496
2144
-4588
3108
3432
0
7944
828
-24
4004
-5452
928
108
-3872
5864
872
2208
7480
-1500
3396
1072
-5320
2908
-3292
-772
5908
-456
5796
4924
-2172
4876
-2504
-2864
2808
-4508
2420
3836
-352
7520
1840
-424
4336
-5176
-100
716
-4460
5724
976
1760
7948
-1632
2656
1560
-5476
2736
-2848
-1788
6380
-532
4912
5460
-1960
4624
-2088
-3596
3096
-4100
1668
4320
-436
7452
2224
-992
4904
-4716
-600
876
-4564
5372
1604
1508
8320
-968
1760
2092
-5316
2624
-1640
-2616
6156
96
3724
6744
-2000
4408
-1168
-4572
3404
-4084
1168
4924
-608
7100
2532
-844
4572
-4284
-816
1228
-4292
4196
2372
844
8032
-108
1000
2896
-5800
2088
-1272
-2936
6220
-64
3516
6632
-1908
4012
-660
-4656
3128
-3868
388
5296
-600
6896
3212
-1472
4776
-3808
-1480
1860
-4428
4008
2628
440
8388
24
1228
3080
-5648
1516
-1184
-3044
6176
584
3040
7144
-1948
3600
-4
-4804
3092
-3292
-328
5488
-688
6392
4064
-1792
4492
-3256
-2044
2160
-4496
3296
3052
68
7940
748
508
3536
-5692
1240
-580
-3376
5680
596
2564
7248
-1376
3188
852
-5308
3028
-3020
-704
5672
-640
5836
4832
-2036
4712
-2620
-2572
2680
-4684
3080
3672
76
8064
772
120
4020
-5288
900
124
-4020
5676
772
2212
7640
-1456
2944
1024
-5552
3028
-2840
-1056
6048
-616
5116
4808
-2040
4708
-2152
-3156
2596
-4560
1920
4216
-296
7924
1620
-568
4208
-5372
276
708
-4180
5616
1008
1556
7736
-1196
2836
1464
-5508
2632
-2456
-1804
6048
-152
4924
5572
-2016
4344
-1904
-3616
3376
-4312
1768
4192
-644
7916
2152
-536
4524
-5192
-156
780
-4104
5316
1888
1360
7976
-936
1784
2240
-5548
2448
-1788
-2460
6204
-188
4480
6092
-1928
4116
-1408
-4128
2840
-3608
1084
4708
-760
7000
2568
-1256
5008
-4808
-460
1280
-4688
4872
1800
980
8184
-432
1416
2836
-5988
2184
-1556
-2852
6504
-544
4280
6236
-2052
4324
-1304
-3688
2832
-3840
864
4924
-112
6696
3092
-1216
4904
-4364
-1304
1756
-4448
4608
2196
724
8340
-520
1180
2936
-5332
1952
-1288
-3308
6140
324
3500
7024
-2016
3724
-676
-4616
3128
-3496
116
5236
-580
6284
3668
-1396
4948
-3800
-2280
2004
-4696
3848
2756
340
7924
260
876
3308
-5228
1276
-568
-3596
5704
748
2996
7384
-2044
3472
268
-4952
3248
-2940
-308
5536
-936
6040
4556
-1732
4936
-3280
-2664
2564
-4516
3324
3408
-204
8012
704
384
4040
-5320
1024
-148
-4088
5784
728
2416
7780
-1680
2788
900
-5496
3152
-2716
-1344
6092
-860
5452
5124
-2016
5136
-2336
-3516
2620
-4496
2556
4012
-308
7744
1444
-500
4220
-4944
248
660
-4172
5548
1160
1732
8192
-1128
2556
1480
-5684
2684
-2236
-1888
6104
-232
4576
5644
-2120
4840
-1588
-4008
3268
-4060
1532
4524
-656
7556
2428
-936
4800
-4748
-560
1236
-4520
4804
2204
896
8084
-720
1744
2704
-5632
2204
-1752
-2708
6196
-116
4008
6456
-2000
3948
-748
-4320
2900
-3832
504
5040
-368
6516
3344
-1420
4900
-4060
-1540
1884
-4532
4176
2408
720
8344
-216
1192
3252
-5736
1552
-1264
-2772
6368
292
2652
6916
-1516
3512
564
-5116
3108
-3280
-492
5856
-656
6192
4112
-1748
4688
-3252
-2060
2088
-4184
2972
3480
-236
7968
904
-52
4068
-5528
884
-400
-3876
5988
656
2196
7448
-1444
2920
1132
-5304
3000
-2696
-1540
6236
-692
5580
5088
-2020
4488
-2300
-3084
2768
-4132
1820
4100
-572
7528
1940
-568
4788
-5096
-188
580
-4388
5632
1372
1640
8032
-1296
2252
2000
-5180
2664
-2076
-2204
6128
-228
4120
6360
-1680
4048
-1320
-4240
3180
-3720
920
5112
-1040
6876
2812
-1164
4932
-4292
-1304
1504
-4508
4220
2428
600
8028
-44
936
3224
-5480
1528
-860
-3372
6100
232
2908
7376
-2056
3940
-108
-5232
3076
-3192
-172
5500
-416
5800
4212
-1676
4776
-2676
-2548
2380
-4756
2836
3876
-264
8028
1088
-412
4324
-5428
992
92
-4220
5588
848
1884
7972
-1280
2636
1304
-5588
2752
-2748
-1520
6000
-240
4840
4896
-1876
4136
-1696
-3572
2928
-4208
1220
4532
-404
7436
2392
-1108
4324
-4404
-852
1184
-4204
4680
2060
596
8008
-504
1988
2820
-5700
2276
-1896
-2700
6588
-60
4088
6252
-2088
3728
-556
-4292
3536
-3520
72
5092
-760
6656
3960
-1436
4808
-3584
-2160
2016
-4300
3952
2976
-112
8064
312
396
3780
-5344
1464
-728
-3964
5744
304
2724
7680
-1424
2592
556
-5052
3032
-2368
-1392
6036
-588
4732
5384
-2016
5248
-2404
-3576
2812
-4612
2472
4068
-312
8064
1328
-628
4368
-4696
364
520
-4236
4948
1548
1076
8244
-576
2188
2000
-5656
2440
-1916
-2140
6072
196
3724
5996
-1820
3980
-472
-4348
2956
-3676
236
5316
-544
6960
3612
-1532
4856
-3984
-1564
2036
-4476
4144
2464
300
8112
-124
968
3396
-5472
1712
-1056
-3484
5824
380
2764
7444
-1876
3312
476
-5320
3244
-2956
-1308
6088
-812
5496
4748
-2072
5320
-2868
-2728
2440
-4544
2788
3716
52
7860
1148
-176
3808
-4708
424
644
-3908
4784
1512
1544
8128
-944
2060
2112
-5860
2876
-2124
-2004
6092
-344
4248
6120
-2000
4100
-1196
-4140
3124
-4204
732
5152
-588
6948
3032
-1352
4532
-4284
-1252
1876
-4520
3952
2360
244
8096
56
904
3476
-5560
1432
-964
-3156
6020
504
2932
6972
-1660
3284
420
-4728
2948
-2740
-952
5888
-452
5644
5024
-1788
4656
-2388
-3012
2940
-4540
2328
3880
-236
7784
1376
-132
4168
-5008
192
572
-3824
4792
1496
1324
7952
-568
1832
2312
-5580
2312
-1652
-2600
6384
-224
3992
6288
-2244
4264
-1056
-4352
3340
-3992
456
4940
-708
6672
3316
-1480
4736
-3772
-1680
2144
-4412
3592
2800
424
8172
492
416
3708
-5236
1228
-392
-3648
5888
728
2276
7560
-1544
2952
884
-5180
3040
-2620
-1432
5724
-216
4816
5400
-2056
4540
-1760
-3492
3008
-4048
1552
4192
-696
7432
2348
-848
4700
-4660
-692
1136
-4332
4644
2188
836
7740
-284
1200
2920
-5572
1708
-1116
-3068
6124
-76
3360
6944
-1976
3992
-32
-4996
3372
-3508
-88
5492
-808
5852
4424
-1832
4896
-2856
-2652
2812
-4480
2800
3632
-164
7908
1308
-120
4188
-4756
216
268
-3876
5072
1516
1444
8000
-672
1888
1952
-5448
2676
-1904
-2204
6136
-472
4008
6272
-1696
4184
-1124
-4528
3072
-3864
652
5220
-768
6816
3188
-1832
4780
-3716
-1392
2060
-4680
3488
2616
44
8020
1188
496
3308
-5336
1060
-20
-3840
5820
956
1980
7460
-1520
3212
1480
-5472
3184
-2780
-1724
5996
-432
5016
5620
-2044
4460
-1676
-3820
3232
-3992
1552
4480
-804
6956
2716
-768
4884
-4464
-1216
1492
-4480
4200
2692
592
7836
-104
680
3496
-5512
1612
-480
-3576
5796
264
2512
7996
-2144
3036
692
-5320
3496
-3244
-836
5736
-1004
5416
4676
-1712
4712
-2400
-3256
2552
-4032
1712
4348
-284
7016
2556
-1204
4544
-4272
-968
1532
-4396
4844
2104
632
8024
-368
1744
2516
-5616
2160
-1520
-2532
6056
304
3408
6668
-2064
3640
220
-4696
3220
-3324
-788
5768
-596
5680
4768
-1916
4764
-2988
-2960
2636
-4272
2572
3728
-260
7532
1384
-344
4376
-4828
-24
548
-4168
5188
1472
1316
8056
-988
2016
2244
-5560
2408
-1740
-2468
6196
-112
3716
6660
-1772
3704
-376
-4668
3276
-3464
-120
5404
-524
6188
4124
-1448
4896
-3380
-2196
2648
-4308
3224
3164
208
7880
984
144
4200
-5216
372
72
-3576
5296
1420
1396
7896
-736
2028
2060
-5600
2512
-2004
-2196
5988
112
3828
6280
-1956
3888
-844
-4632
3276
-3556
648
5108
-1024
6500
3272
-1292
4956
-3640
-1804
1952
-4640
3600
3040
380
7948
688
336
4052
-5284
992
-128
-3824
5852
1052
1852
7788
-1380
2516
1656
-5408
2892
-2412
-2280
6384
-260
4772
5968
-2320
4504
-1692
-3972
3532
-3948
1104
4440
-564
6764
2812
-860
4808
-4100
-1744
1700
-4276
4096
2524
316
8000
220
724
3464
-5288
1124
-536
-3652
5940
836
2408
7320
-1652
3028
1160
-5420
3244
-2704
-1176
5932
-820
5200
5284
-2088
4724
-1792
-3672
2716
-4252
1744
4640
-380
7116
2552
-1012
4872
-4444
-884
1608
-4600
4684
2120
604
8440
-504
1164
3076
-5720
1984
-1032
-3132
5832
360
2692
7032
-1564
3504
288
-5184
2804
-2912
-592
5740
-656
5256
4824
-2044
4648
-2300
-3004
2920
-4224
1808
4260
-512
7360
2428
-892
4476
-4888
-404
1288
-4148
5076
2004
1028
7788
-484
1772
2976
-5588
2256
-1552
-2996
6088
236
3592
6784
-1808
3564
56
-5008
3340
-3008
-852
5716
-804
5832
4680
-2012
5188
-2952
-2852
2652
-4484
2872
3620
-284
7660
1480
-492
4268
-4656
112
460
-4168
5196
1488
1376
7964
-764
1980
2096
-5612
2176
-1424
-2712
6384
20
3428
6472
-1952
3852
-20
-4724
3080
-3420
-320
5404
-456
6408
4216
-1432
4676
-3248
-2072
2296
-3988
3284
3140
-156
7588
1264
300
4228
-5236
236
280
-4040
5720
1164
1600
7696
-1624
2568
1648
-5268
2512
-2196
-2400
5944
-196
4180
6276
-2056
3984
-932
-4268
3032
-3548
344
4956
-400
6380
3372
-1264
4888
-3660
-2096
1812
-4216
4000
2920
208
7788
612
500
3788
-5132
996
-196
-3784
5812
1072
2224
7700
-1336
2424
1368
-5248
2940
-2368
-1756
5964
-580
4868
5624
-1772
4560
-1892
-3720
2764
-3792
1328
4712
-324
6744
2720
-1032
4880
-4172
-1036
1244
-4312
4244
2480
688
8080
-160
920
3348
-5588
2084
-928
-3396
5936
216
2740
7188
-1456
3088
704
-5240
2916
-2608
-1252
6100
-652
5120
5004
-2004
4916
-2412
-3040
2744
-4312
2140
4120
48
7204
2236
-728
4556
-4180
-484
1468
-4564
4880
1968
1100
8116
-412
1580
2312
-5368
2160
-1152
-3128
5936
160
3108
6916
-2044
3744
-128
-5048
3160
-3148
-544
5572
-696
5672
4256
-1896
4692
-2444
-2804
2424
-4608
2444
3804
-4
7608
1764
-560
4164
-4904
64
992
-4188
5180
1344
1312
7940
-660
1988
2132
-5288
2148
-1552
-2516
6252
-52
3740
6328
-1840
4276
-860
-4440
3192
-3724
428
5120
-744
6600
3484
-1384
4640
-3584
-1760
1940
-4572
3636
2716
92
7780
860
548
3808
-5396
700
-100
-3828
5780
784
2388
7424
-1456
2524
1464
-4956
2528
-2164
-2028
5796
-184
4512
6144
-2000
4196
-1372
-4432
3544
-3876
1188
4996
-956
6628
3000
-752
5000
-4268
-1396
1336
-4172
4300
2664
844
7916
-240
768
3596
-5392
1540
-580
-3464
6040
404
2340
7700
-1608
3460
680
-5560
2992
-2788
-964
6076
-348
5248
4612
-1988
4456
-1732
-3180
2680
-4284
1292
4224
-268
7404
2312
-1116
4552
-4920
-392
1328
-4336
4896
1640
860
7888
-812
1852
3016
-5448
1968
-1712
-2928
6232
244
3248
6864
-2172
3608
96
-4596
3400
-3420
-344
5436
-692
5940
4276
-1664
4764
-2840
-2456
2520
-4612
3080
3760
-24
7600
1368
-176
4056
-4944
328
532
-3888
5180
1368
1508
7688
-832
2120
2008
-5628
2312
-1872
-2512
6260
-184
3768
6216
-2128
4256
-852
-4444
3120
-3716
356
5128
-580
6376
3416
-1548
5028
-3608
-1660
1856
-4460
3904
2780
620
7620
836
260
3668
-5192
1192
104
-4084
5900
740
2152
7816
-1416
2988
1096
-5412
2732
-2464
-1640
6028
-372
4508
5832
-2200
4256
-1492
-4044
3060
-4376
1488
4768
-492
7216
2400
-956
4692
-4272
-972
1572
-4420
4136
2652
404
8172
100
776
3172
-5616
1596
-956
-3492
6480
216
2972
6920
-2096
4344
0
-4736
3104
-3448
-548
5560
-456
5756
4724
-1916
4756
-2584
-2984
2904
-4516
2928
3676
-232
7948
1392
-300
4184
-4472
120
748
-4064
5192
1768
1200
8152
-944
2020
2116
-5560
2492
-1780
-2588
6248
8
4084
6108
-2208
4176
-584
-4372
3148
-3892
400
5172
-668
6536
3480
-1716
4916
-3836
-1728
1888
-4496
3520
2860
276
8008
540
444
3748
-5364
888
-568
-3592
5920
872
2452
7208
-1384
3040
824
-4876
3040
-2660
-1416
5692
-304
5232
5288
-2040
4520
-2064
-3340
2768
-3752
2100
4156
-352
6932
2444
-760
4448
-4532
-732
900
-4480
4968
1972
1040
7864
-320
1516
2400
-5676
2032
-1508
-2820
6296
-40
3276
6736
-2032
4072
-676
-4596
3264
-3752
284
4940
-288
6228
3488
-1288
4720
-3432
-2352
2168
-4464
3336
3440
-28
8200
372
212
3884
-5496
1408
-348
-3920
5888
848
2356
7404
-1316
3148
1040
-5560
2664
-2488
-1352
6316
-588
4980
4968
-2056
4524
-1868
-3344
2752
-4144
1676
4364
-440
7508
2044
-840
4496
-4684
-284
1192
-4220
5068
1572
1292
7936
-560
1828
2296
-5540
2188
-1588
-2748
6316
-280
3708
6704
-2116
4180
-872
-4716
3352
-3768
672
5196
-572
6380
3304
-1312
4828
-3572
-1776
1768
-4396
4180
2568
576
8064
508
912
3312
-5532
1280
-412
-3364
5752
572
2556
7512
-1664
3440
532
-5352
3100
-3400
-788
5944
-772
5876
4500
-1996
4720
-2780
-2956
2836
-4360
2376
3692
-760
7988
1612
-448
4440
-5244
208
232
-4084
5632
1160
1836
7544
-888
2092
1968
-5288
2660
-1980
-2512
6156
-328
4636
6172
-1964
4072
-1580
-4000
3240
-3912
1332
4900
-812
7028
2924
-1084
4876
-3924
-1468
1464
-4784
4264
2852
480
8436
-176
888
3016
-5488
2016
-1064
-3304
5960
324
3116
6888
-1764
3792
-392
-4836
3084
-3540
-72
5236
-532
6352
3752
-1660
4672
-3268
-2252
2156
-4580
3320
3328
-124
8012
900
248
3936
-5604
972
120
-3876
5968
812
2124
7704
-1604
3012
1160
-5372
2732
-2532
-1424
6112
-468
5212
5376
-1904
4628
-2152
-3580
2932
-4368
2024
4080
-360
7248
2156
-560
4528
-4892
-572
1108
-4620
5508
1652
1160
8048
-1172
1940
2320
-5360
2508
-1920
-2584
5872
-76
4008
6536
-1800
3984
-1216
-4208
3188
-3636
780
5244
-1196
7144
2940
-1112
5132
-4052
-1236
1348
-4364
4292
2568
764
7860
284
788
3120
-5548
1584
-448
-3360
6252
180
3072
7188
-1848
3624
204
-5032
3008
-3256
-548
5920
-912
6240
4048
-1820
4732
-3352
-2076
2352
-4380
3376
3176
80
7612
1084
424
3844
-5220
684
-152
-3912
5948
788
2244
7528
-1804
2828
1040
-4948
2928
-2728
-1412
5596
-404
5396
5296
-1816
4588
-2632
-3140
2796
-4344
2256
4172
-412
7704
1692
-456
4376
-4752
-16
900
-4596
5308
1468
1604
8236
-1148
1924
2104
-5748
2868
-2128
-2248
6252
-512
4340
6180
-1812
4248
-1604
-4052
2912
-4116
1512
4780
-516
7120
2308
-1096
4412
-4024
-952
1476
-4624
4344
1772
1028
8560
-436
1444
2480
-5888
2196
-1272
-2544
6448
-252
3168
6496
-1796
4500
-704
-4408
3140
-3836
576
5160
-56
6704
3396
-1608
4580
-3728
-1796
2048
-4196
3964
2592
80
8252
152
908
3280
-5704
1748
-1220
-3276
6032
428
3168
7140
-2036
3628
100
-4940
3268
-3576
-360
5684
-836
6172
3980
-1628
4844
-3448
-2324
2208
-4408
3200
3172
72
7992
672
400
3848
-5364
1264
-348
-3548
5808
420
2524
7484
-1528
3376
368
-5108
3028
-3028
-728
5684
-656
5856
4708
-1780
4612
-2772
-2720
2664
-4500
2744
3828
-356
7840
1336
-196
4232
-5280
676
388
-4172
5628
912
1988
8040
-1404
2408
1284
-5476
2636
-2484
-1368
6008
-728
4836
5372
-1644
4632
-2688
-3132
2748
-4356
2332
4048
-20
7424
1780
-328
4348
-5020
-220
920
-4348
5592
1368
1392
8228
-1116
2276
1624
-5752
2648
-2048
-1980
6204
-292
4636
5764
-1964
4616
-1868
-3808
2932
-4084
1928
4460
-448
7328
2012
-420
4588
-4684
-292
644
-4284
4952
1592
1648
7976
-1128
1860
2044
-5684
2688
-1868
-2292
6372
-492
4276
6000
-1964
4652
-1752
-3868
2872
-4184
1460
4740
-476
7280
2116
-768
4624
-4372
-720
1160
-4404
4640
2016
1016
8348
-424
1684
2448
-5696
2616
-1596
-2544
6392
-404
4360
6248
-2128
4664
-1352
-4188
3288
-4224
1276
4900
-520
7056
2700
-1028
4756
-4580
-1100
1432
-4484
4704
2168
868
8280
-668
1420
2684
-5840
2076
-1488
-2728
6536
-512
3436
6588
-1988
4424
-1100
-4388
3120
-4152
1224
4960
-500
7244
2732
-1020
4656
-4208
-1244
1512
-4544
4732
2316
836
8272
-472
1684
2740
-5780
2244
-1792
-2728
6420
-216
4320
6196
-2128
4156
-1072
-4280
3276
-3904
932
4968
-980
7128
3104
-1392
5060
-4732
-876
1116
-4504
4892
2016
1276
7860
-396
1560
2512
-5604
2060
-1360
-3040
6196
-280
4012
6464
-2148
4244
-1292
-4412
3528
-3972
976
4700
-712
7372
2676
-864
4844
-4512
-1072
1084
-4464
5104
2004
1096
8372
-1064
1940
2388
-5600
2556
-1892
-2500
6152
-104
4112
6420
-1880
4448
-1256
-4196
2940
-3984
1292
4852
-520
7176
2644
-1080
4604
-4568
-676
1076
-4572
4740
1924
1216
8316
-656
1712
2120
-5776
2360
-1700
-2352
6356
-500
4152
5972
-2060
4648
-1492
-4052
2832
-4028
1516
4572
-276
7468
2268
-1320
4616
-4520
-236
1060
-4560
5128
1684
1268
8268
-704
2156
1668
-5712
2624
-2076
-2016
6220
-360
4664
5704
-2152
4496
-1556
-3772
2820
-4132
1320
4672
-396
7372
2348
-952
4332
-4812
-360
992
-4384
5460
1328
1404
8108
-1328
2832
1576
-5732
2476
-2692
-1780
6224
-404
4844
5760
-2248
4460
-2116
-3836
2884
-4256
1996
4256
-236
7616
1768
-412
4240
-5020
280
480
-4172
5336
1124
2084
7896
-1260
2676
1280
-5404
2992
-2476
-1332
6072
-452
5112
5456
-2168
4940
-2540
-3276
2488
-4596
2828
3984
-100
7724
1168
-60
3620
-5112
520
156
-4036
5372
1108
2224
7780
-1472
2724
840
-5404
2792
-2924
-1032
5928
-672
5532
4820
-1644
4756
-3228
-2464
2300
-4560
3216
3268
324
7732
640
404
3804
-5444
1168
-348
-3536
5952
532
2584
7436
-1756
3612
124
-4760
2976
-3156
-352
5692
-760
6576
4012
-1556
4716
-3920
-1708
2108
-4368
3812
2736
244
8196
160
1088
3276
-5604
1572
-1340
-3176
6184
260
3468
7000
-2052
3896
-840
-4768
3340
-3728
184
5256
-1120
7152
3172
-1364
5048
-4424
-1096
1612
-4560
4536
2264
708
8424
-220
1740
2344
-5968
2060
-1632
-2348
6264
28
4004
6296
-2108
4504
-1156
-3920
3020
-4304
1452
4728
-288
7428
2552
-804
4340
-5024
-436
1036
-4244
5104
1648
1320
8200
-1104
2132
1900
-5700
2680
-2596
-1780
6372
-760
4852
5540
-2048
4656
-2576
-3704
3220
-4660
2356
3940
-572
7852
1280
84
4196
-5224
52
32
-3940
5680
1028
2300
7948
-1856
2824
984
-5592
3332
-3144
-672
5700
-800
5792
4732
-1564
4912
-3396
-2844
2180
-4420
3660
3212
284
8276
268
588
3432
-5400
1504
-612
-3308
5956
-76
2980
7404
-1808
3856
-288
-5188
3104
-3888
552
5644
-904
6584
3156
-968
4772
-4192
-1320
1600
-4812
4268
2132
1224
8328
-788
1524
2588
-5764
2112
-1488
-2624
6380
-332
4160
6620
-2076
4448
-1624
-4080
3084
-4112
1400
4804
-640
7480
2468
-708
4472
-4968
-652
988
-4328
5312
1680
1584
8064
-1388
2388
1804
-5700
2756
-2396
-2116
6364
-640
5092
5724
-2164
4548
-2584
-3372
3068
-4524
2760
3732
-480
8108
1036
252
4156
-5540
920
-244
-3840
5800
1028
2468
7536
-1552
2816
508
-5352
3284
-2864
-852
5824
-796
5936
4584
-1784
5040
-3648
-2584
2384
-4400
3744
3168
44
8372
180
1072
3536
-5880
1628
-1064
-3192
6372
252
3264
7068
-1792
3756
-576
-4624
2976
-3640
244
5020
-620
6712
3428
-1360
4644
-4076
-1412
1660
-4644
4368
2228
900
8416
-604
1656
2420
-5940
2172
-1728
-2268
6340
-516
3936
6352
-2328
4592
-1364
-4128
3284
-4536
1448
4916
-604
7608
2256
-1096
4800
-4604
-536
1288
-4416
5084
1644
1116
8544
-656
1896
2088
-6152
2748
-2100
-1760
6500
-404
4588
5292
-1780
4748
-1808
-3368
2436
-4376
1816
3984
-64
7920
1724
-768
4116
-5256
8
520
-4164
5512
1148
1632
7860
-1332
2800
1316
-5480
2676
-2724
-1792
6464
-724
5684
5072
-2396
5048
-3084
-2828
3052
-4772
3172
3332
-124
8040
1236
300
4088
-5580
540
220
-3912
6116
716
2228
7856
-1936
3372
728
-5332
3084
-3272
-720
5956
-544
6020
4460
-1704
4872
-3164
-2864
2412
-4528
3520
3168
-128
7848
752
648
3660
-5544
816
-472
-3788
6196
536
2736
7416
-2140
3664
288
-5084
3168
-3492
-164
5680
-672
6320
4240
-1436
4756
-3672
-2212
2172
-4500
4024
3032
292
7948
40
956
3624
-5616
1312
-856
-3564
6224
404
3256
7432
-2196
3556
-520
-4780
3380
-3712
324
5168
-572
6328
3652
-1244
4900
-3976
-1800
1660
-4564
4224
2628
924
8096
-332
1060
3084
-5708
1996
-1204
-3224
6284
-272
3800
6696
-2060
3908
-612
-4724
3168
-3652
520
5296
-1096
7136
3192
-1220
5044
-4420
-1264
1444
-4620
4812
2432
704
8184
-652
1648
2760
-5708
2484
-1520
-2920
6156
-4
3856
6936
-1960
4132
-1308
-4560
3284
-3856
1156
5172
-856
6968
2556
-940
5052
-4252
-1200
1064
-4420
4772
2032
1344
8272
-744
1536
2160
-5476
2208
-1988
-2548
6164
-384
3820
6400
-1872
4268
-1252
-4460
3104
-4044
1328
5128
-716
7276
2268
-872
4780
-4720
-360
1116
-4688
4996
1776
1628
8444
-648
2064
1996
-5772
2384
-1560
-2044
6204
-268
3852
6300
-1748
4672
-1428
-4216
2680
-4288
1488
4988
-412
7456
1936
-908
4548
-4772
-16
724
-4316
4740
1676
1168
8132
-448
2060
2004
-6076
2380
-2240
-1812
6308
-564
4644
5184
-2076
4560
-1760
-3412
2680
-4120
1308
4320
144
7448
2508
-924
4288
-4764
-472
876
-4296
5460
1624
1464
8004
-1204
2484
1904
-5524
2648
-2332
-1892
6100
-164
4996
5920
-2220
4256
-2012
-4064
3304
-4604
2372
4268
-892
7708
1548
8
4508
-5024
-136
320
-4268
5468
1512
1820
7948
-1436
1880
1740
-5440
2784
-2376
-2012
5852
-576
4952
5564
-1808
4576
-2432
-3444
2988
-4600
2556
4048
-284
7836
964
-128
4308
-4996
448
-24
-3876
5440
1244
2224
7940
-1028
2516
1000
-5420
3240
-2624
-1348
6120
-992
5704
4812
-1884
4856
-2908
-2668
2316
-4568
2700
3724
-84
8024
1048
-12
3900
-5648
1012
132
-3932
5564
596
2440
7784
-1424
2900
784
-5384
2756
-2880
-760
5768
-664
5488
4808
-1820
4820
-3128
-2448
2528
-4520
3148
3404
56
8152
664
372
3936
-5560
992
-416
-3600
6204
452
2692
7468
-1988
3456
224
-4880
3256
-3504
-392
5512
-664
6396
3924
-1652
4908
-3640
-2124
2244
-4376
3592
2964
140
8284
172
676
3476
-5612
1292
-840
-3492
5840
468
2720
7424
-1800
3400
-88
-5060
3348
-3476
-148
5764
-832
6416
3756
-1376
4996
-4096
-1912
1900
-4524
3948
2652
536
8148
84
844
3056
-5356
1664
-952
-3068
6260
128
3244
7232
-1848
4120
-532
-4880
3184
-3652
260
5504
-560
6600
3284
-1500
4612
-3512
-1604
1924
-4652
3804
2632
332
8440
108
868
2820
-5832
1972
-924
-3112
5964
388
3376
6752
-2076
4024
-508
-4616
2824
-3964
692
5100
-840
7088
3148
-1144
4696
-4348
-848
1536
-4412
4292
2292
992
8128
-244
1368
2812
-5812
1912
-1340
-2684
6708
-344
3968
6500
-2116
4236
-772
-4444
3296
-4024
760
5144
-672
7228
2868
-1280
4688
-4280
-1120
1480
-4496
4496
2188
704
8284
-444
1512
2768
-5964
2304
-1584
-2788
6528
-360
3920
6512
-2364
4180
-820
-4332
3132
-4088
732
5132
-668
6960
3164
-1168
4732
-4400
-1012
1444
-4296
4900
1984
1040
7832
-220
1212
2812
-5104
1896
-1312
-3212
6320
460
3816
6616
-2128
4112
-1112
-4456
3256
-3748
932
4784
-692
7088
3036
-1160
4876
-4308
-1272
1468
-4468
4240
2540
448
8340
-332
1204
3020
-5836
2144
-1272
-3196
5928
32
3664
6600
-1824
4060
-668
-4644
2848
-3336
172
5364
-648
6576
3428
-1780
5140
-3868
-1404
2092
-4848
4056
2600
616
8100
308
912
3108
-5628
1800
-472
-3536
6176
248
3320
7200
-2032
3716
268
-4768
2948
-3260
-316
5564
-640
6044
4060
-1448
4764
-3700
-2100
2088
-4400
3876
2824
160
7812
312
780
3684
-5368
1236
-576
-3660
5876
764
2548
7480
-1764
3260
436
-5208
3316
-3200
-900
5812
-648
6020
4264
-1764
4712
-2900
-2772
2300
-4256
2736
3656
-220
8008
1288
-156
4096
-5076
792
-120
-3892
5828
1084
2104
7620
-1324
2656
1352
-5156
2796
-2384
-2044
5992
-464
4936
6084
-2388
4636
-1900
-3744
3040
-4164
1648
4376
-536
7340
2152
-1056
4568
-4924
-432
1020
-4584
5184
1296
1224
8216
-824
1884
2128
-5424
2316
-1792
-2596
6200
-32
3712
6600
-2020
4172
-940
-4452
3528
-3964
640
5172
-792
7200
2944
-1532
5024
-3892
-1444
1996
-4484
4088
2836
460
8292
440
668
3484
-5664
1576
-600
-3512
6084
452
2548
7300
-1788
3232
668
-4928
2876
-3096
-1188
6144
-480
5764
4712
-2216
4796
-2940
-2700
2868
-4528
2528
3688
-272
7836
1460
-152
4164
-5140
208
584
-3828
5276
1420
1556
7968
-964
2276
2032
-5636
2636
-2164
-1988
6316
-536
4572
5916
-1900
4552
-1672
-3832
3232
-3848
1280
4644
-540
7076
2836
-1064
4616
-4064
-1476
1676
-4440
4100
2580
532
8380
-12
1156
2984
-5540
1872
-1004
-3208
5604
444
3248
7004
-1784
3412
160
-4796
3284
-3232
-692
5552
-556
6004
4504
-2044
4768
-2944
-2664
2668
-4164
2820
3636
-224
8020
1036
-164
4064
-4812
460
72
-3800
5276
1516
1648
7892
-924
2156
1724
-5520
2844
-2128
-1888
5604
36
4156
5980
-1688
3944
-1280
-4420
3188
-3976
1380
4828
-864
7260
2412
-832
4580
-3904
-1012
1124
-4084
3840
2548
576
8016
-52
904
3024
-5532
2032
-1036
-3304
6124
-48
3200
7004
-1656
3396
140
-4844
3088
-3272
-612
5752
-612
5864
4440
-1916
4848
-3040
-2544
2624
-4500
2868
3444
-184
7960
1156
100
3984
-5028
632
-36
-3912
5404
1168
1980
7496
-968
2424
1512
-5384
2644
-2268
-2000
6204
-340
4672
5580
-2248
4684
-1632
-3848
3244
-4280
1312
4328
-524
7328
2816
-1108
4584
-4356
-1120
1572
-4472
4668
2288
536
8048
-128
1204
3320
-5816
2128
-1172
-3236
6248
-16
3296
7176
-1968
3780
4
-4896
2864
-3316
-88
5816
-520
5496
4236
-1720
5012
-2860
-2648
2596
-4552
2972
3532
20
8032
776
-124
4164
-5196
564
228
-3912
5636
936
1668
7572
-980
2368
1584
-5300
2656
-2708
-1892
6004
-512
4944
5548
-2112
4516
-1892
-3600
3092
-3832
1160
4472
-852
7096
3000
-988
4864
-4488
-876
1432
-4280
4812
2212
672
7960
-188
1176
3048
-5424
1860
-1140
-3288
6320
-100
3284
7164
-1820
3656
-124
-4956
3028
-3064
-300
5380
-468
5644
4388
-1472
4688
-2964
-2568
2160
-4312
2804
3688
28
7580
1208
-332
4108
-5288
412
436
-3960
5556
804
1864
8056
-1288
2496
1572
-5524
2876
-2260
-1956
6264
-364
4460
5764
-1920
4392
-1436
-3924
3032
-3868
1196
4636
-492
7112
2908
-1048
4628
-4212
-1200
1416
-4320
4828
2220
668
8136
-192
1312
3260
-5616
2144
-1216
-3488
6272
188
3452
7052
-1992
3324
-92
-4712
3080
-3120
-628
5520
-568
5828
4424
-1780
4796
-3332
-2608
2612
-4580
2820
3524
-136
7784
1104
-188
3840
-4864
496
112
-4252
5608
856
2148
7744
-1260
2772
1136
-5136
2364
-2012
-1764
6116
-388
4376
5880
-2168
4580
-1200
-3992
3284
-4428
1184
5004
-480
7164
2412
-848
4708
-4324
-1200
1664
-4340
4468
2272
476
8396
-392
1244
3120
-5708
1824
-1032
-3256
6004
388
3020
7064
-1988
3568
208
-5240
3348
-3160
-876
5696
-1048
6108
4492
-1728
4604
-3096
-2592
2480
-4344
2988
3380
-248
7536
1432
108
3960
-4860
132
448
-4024
5276
1592
1660
7828
-1020
2080
1928
-5540
2608
-1960
-2088
6164
-340
4532
5768
-1916
4076
-1392
-3868
2968
-3608
844
4768
-616
6696
3268
-1516
5076
-4140
-1460
1752
-4676
4164
2504
416
8124
-128
1004
3228
-5404
1628
-792
-3320
5708
548
2688
7252
-1764
3344
624
-5168
2980
-3012
-1076
6044
-956
5784
4704
-1968
4928
-2676
-2896
2616
-4212
2204
3880
-152
7304
1988
-668
4516
-4656
-312
1092
-4408
5492
1492
1184
7964
-716
1992
2428
-5400
2120
-1732
-2776
6016
272
3516
6576
-2080
4056
-672
-4736
3260
-3724
596
5096
-848
6404
3332
-1464
4592
-3304
-2112
1936
-4256
3168
3260
192
7840
864
-84
3884
-5592
1244
-48
-3952
5944
516
2160
7464
-1492
3264
1376
-5484
2764
-2380
-1760
6344
-208
4684
5664
-2364
4640
-1688
-3564
3148
-4536
1776
4556
-332
7328
2436
-796
4416
-4240
-1116
1588
-4084
4112
2404
536
8004
-140
1168
3032
-5644
1752
-1252
-3264
6216
220
3156
7032
-1916
3604
96
-4656
3000
-3108
-780
5572
-464
5616
4856
-1864
4624
-2704
-3224
2964
-4216
2796
3600
-376
7732
1400
-252
4296
-4636
196
224
-3936
5112
1820
1376
7712
-644
1852
2212
-5576
2452
-1588
-2364
6024
-152
4248
6444
-2088
4004
-1076
-4200
3152
-3908
716
5128
-708
6820
3228
-1536
5028
-3940
-1880
2452
-4700
3820
2884
244
8156
556
320
3664
-5224
952
-524
-3604
5668
964
2224
7436
-1488
2528
1412
-5268
3040
-2468
-1876
6200
-608
5060
5632
-2112
4692
-2356
-3492
3168
-4232
1800
4456
-652
7388
2192
-872
4640
-4324
-788
1316
-4308
4432
2480
852
8116
-328
1164
2812
-5556
2084
-1324
-2728
6060
-184
3532
6812
-1556
3532
-388
-4580
2688
-3024
-612
5764
-520
5736
4156
-1884
4696
-2864
-2192
2348
-4568
2864
3264
376
7672
1340
52
3876
-5356
568
460
-3828
5608
1204
1696
7760
-1316
2744
1716
-5196
2720
-2608
-2028
6128
-256
4944
5588
-2076
4400
-1664
-3864
3272
-3808
1256
4444
-656
6992
3044
-1052
4820
-4200
-1104
1496
-4740
4660
2332
716
8148
-708
1216
3396
-5372
2052
-1320
-3504
5980
228
3068
7320
-1724
3156
84
-5104
3112
-2784
-648
5552
-820
5468
4464
-1536
4796
-2448
-2908
2252
-4000
2392
3808
12
7220
1940
-412
4392
-4824
-48
976
-4172
4980
1456
1484
8344
-936
2060
2272
-5896
2468
-2012
-2456
6520
-568
4180
6180
-2136
4292
-968
-4056
3084
-3760
212
5124
-632
6164
3572
-1412
4704
-3692
-2156
2072
-4472
3664
3168
324
8032
-152
496
3672
-5072
1624
-860
-3532
5640
496
2720
7584
-1332
2900
540
-5264
3044
-2660
-1000
6072
-664
4988
4992
-1744
4892
-2232
-3152
2832
-4620
2212
4120
-60
7888
1652
-408
4000
-4696
112
632
-3808
4932
1616
1152
7684
-224
1908
2436
-5996
2192
-1688
-2688
6248
-164
3788
6296
-2060
4072
-712
-4440
3060
-3792
384
5132
-520
6576
3300
-1344
4580
-3856
-1328
1552
-4240
3676
2844
512
7872
652
544
3696
-5644
1088
-384
-3604
6400
432
2560
7476
-1820
3280
772
-4936
3064
-2972
-1116
5752
-272
5204
5344
-1948
4772
-2608
-3296
3080
-4480
2444
3908
-696
8020
1424
-172
4184
-4888
64
584
-4116
5292
1552
1380
7964
-1032
2204
1716
-5760
2592
-1944
-2052
6044
-528
4052
6080
-1912
4372
-844
-4340
2896
-3960
996
5260
-816
7056
2744
-1408
4944
-4236
-1132
1924
-4532
4332
2232
552
8188
-24
1068
3248
-5472
1608
-940
-3148
6344
428
3160
6848
-1824
3556
200
-4840
3332
-3428
-616
5340
-416
6172
4476
-1820
4664
-3436
-2536
2500
-4244
3392
3108
-244
7600
1020
468
3980
-5144
232
200
-4152
5704
1384
1780
7872
-1792
2616
1440
-5660
3088
-2500
-1624
6088
-876
5228
5300
-1824
4568
-2160
-3424
2696
-3972
1728
4324
-404
7256
2304
-684
4400
-4712
-384
976
-4444
4880
1636
1452
8276
-928
2100
2000
-5588
2776
-1888
-2296
6016
-548
4384
6228
-1860
4436
-1440
-4024
2788
-4152
1248
5056
-704
6868
2784
-1280
4856
-4072
-1012
1628
-4568
4092
2344
592
8424
-148
1188
3176
-5952
1700
-1120
-2948
6404
-32
3364
6888
-1832
3720
-192
-4608
3364
-3496
-76
5452
-568
6260
4200
-1616
4928
-3476
-2088
2308
-4288
3428
3120
424
7840
1040
260
3976
-5480
1160
-172
-4072
5992
744
2420
7880
-1660
3036
408
-5492
3228
-2800
-872
5356
-596
5316
4928
-1700
4784
-2868
-3160
2776
-4472
2900
3748
-568
7708
1160
-136
4136
-5012
476
136
-4036
4972
1404
1624
8096
-1112
2200
1692
-5844
2960
-2088
-1720
6512
-828
4668
5716
-2228
5092
-2148
-3532
2940
-4340
1876
4508
-348
7268
2280
-848
4384
-4668
-448
1096
-4284
4872
1932
1164
7912
-752
1792
2256
-5432
2156
-1536
-2556
5928
-96
3900
6716
-2156
3872
-992
-4384
3452
-3948
608
5120
-948
6688
3032
-1152
4624
-4096
-1340
1768
-4476
4196
2136
620
8168
-508
1356
3228
-5632
1848
-932
-3196
6280
404
3188
7168
-1940
3688
-68
-5084
3376
-3448
-32
5600
-912
6088
4172
-1388
4708
-3296
-2512
2208
-4544
3244
3644
-72
7920
500
-32
4048
-5516
1244
-488
-3892
5888
500
2624
7512
-1748
3000
452
-5136
3284
-2992
-892
5956
-744
5560
4668
-1656
4932
-2728
-2980
2308
-4248
2680
3972
-56
8044
1060
-292
4384
-5224
880
312
-3960
5516
876
2172
8020
-1120
2496
1484
-5544
2640
-2360
-1520
6268
-632
4820
5348
-1796
4760
-2100
-3456
2788
-4128
1940
4188
-188
7476
1924
-672
4376
-4924
-320
908
-4168
5128
1412
1328
8272
-1008
2160
1820
-5484
2528
-2044
-2216
6048
-416
4296
6116
-2136
4864
-1776
-4148
3188
-4452
1824
4712
-640
7412
2380
-708
4512
-4372
-916
1384
-4236
4608
2168
800
8524
-436
1572
2540
-5812
2308
-1764
-2784
6408
-212
4108
6144
-1920
4428
-992
-4304
3044
-3828
840
4960
-708
6764
3192
-1276
4788
-4364
-1372
1688
-4700
4608
2092
704
8236
-612
1292
3144
-5796
1808
-1500
-2924
6216
48
3560
6580
-1900
3792
-460
-4496
3088
-3512
24
5196
-496
6444
3656
-1460
5212
-3944
-1660
1740
-4432
3980
2804
572
8136
428
796
3444
-5592
1556
-576
-3760
6540
216
3260
7008
-2232
4064
-368
-4732
3340
-3368
-168
5176
-848
6296
4324
-1660
5016
-3692
-2508
2024
-4544
3952
3112
8
8056
140
640
3648
-5312
1564
-1152
-3916
5764
760
3128
7420
-1796
3216
136
-5240
3148
-3084
-344
5824
-948
6024
4140
-1724
5296
-3508
-2024
2016
-4732
3612
2988
828
7956
436
688
3172
-5260
1348
-584
-3220
5900
308
3104
7356
-1584
3608
88
-5212
3212
-3640
-4
5456
-856
6316
3948
-1456
4816
-3360
-2176
1856
-4640
3396
3260
304
8132
356
520
3756
-5700
1364
-576
-3464
6296
352
2940
7320
-2316
3832
52
-5036
2984
-3888
156
5564
-624
6424
3620
-1408
4964
-3776
-1732
1976
-4620
3800
2812
528
8300
188
1128
3180
-5480
1388
-1004
-3128
6172
288
3028
6840
-1896
3916
-220
-4772
3116
-3792
-176
5588
-1032
7156
3336
-1544
4836
-4372
-1248
1800
-4832
4272
2212
584
8388
-296
1356
2988
-5868
1596
-1024
-3220
6316
-112
3508
6956
-2196
4088
-680
-4340
3196
-4060
808
4984
-408
6916
3068
-940
4412
-4196
-1112
1424
-4312
4496
2148
908
8300
-228
1592
2432
-5736
2204
-1660
-2464
6156
-132
3764
6372
-1776
4396
-1316
-4252
2940
-4052
1220
4808
-588
7440
2580
-1156
4712
-4476
-580
1156
-4644
4744
1816
1068
8168
-576
1712
2200
-5660
2052
-1852
-2136
6216
20
4156
5992
-2172
4476
-1560
-3932
3056
-4060
1292
4760
-568
7428
2260
-680
4544
-4900
-188
624
-4116
5408
1484
1644
8164
-1332
2356
1820
-5572
2560
-2380
-2028
6536
-476
4928
5688
-2376
4804
-2596
-3260
2928
-4704
2420
3900
-248
7708
1580
52
4464
-5524
44
204
-4292
5944
872
2204
7848
-1896
3000
812
-5128
3232
-2964
-1196
5816
-592
5672
5120
-1852
5028
-3356
-2860
2464
-4636
3380
3432
12
7876
936
336
3832
-5460
932
-88
-3596
6080
632
2792
7692
-1828
3632
132
-5236
3116
-3364
-384
5740
-720
6520
3880
-1612
4796
-3540
-1792
1600
-4368
3688
3000
448
8164
148
904
3288
-5880
1668
-1204
-3244
6432
-24
3648
6660
-2204
4116
-796
-4436
2916
-3752
532
5160
-708
7044
3268
-1252
4728
-4132
-1004
1136
-4428
4660
2176
968
8224
-376
2072
2144
-5772
2488
-1752
-2260
6216
-472
4564
6048
-1860
4824
-1828
-3848
2716
-4116
1792
4532
-48
7372
2040
-872
4284
-4712
-192
708
-4324
5396
1236
1568
8096
-1044
2512
1272
-5788
2492
-2660
-1468
6472
-460
5148
4988
-1704
4796
-2748
-2980
2528
-4404
2636
3528
-160
8480
980
220
3984
-5884
1340
-316
-3560
6328
616
2340
7264
-1444
3732
524
-5124
2948
-3512
-440
5748
-556
6628
3896
-1808
4880
-4060
-1592
2272
-4712
4120
2484
192
8336
-72
1368
3044
-5928
1672
-1732
-2900
6572
-120
3816
6632
-2304
4092
-1260
-4224
3176
-4140
1024
4744
-656
7156
2712
-864
4416
-5112
-596
976
-4480
5476
1420
1540
7908
-1104
2544
1880
-5588
2392
-2592
-1736
6100
-328
5168
5700
-2096
4512
-2664
-3224
2996
-4592
2668
3664
-240
8040
776
436
3848
-5332
736
-360
-3620
5924
764
2504
7600
-1860
3288
200
-5088
3220
-3412
-420
5744
-768
6644
3732
-1476
4988
-4164
-1832
1552
-4480
4244
2668
640
7628
296
1044
3096
-5432
1564
-1124
-3420
6428
-56
3872
6832
-2228
4404
-1348
-4208
2976
-4084
1396
4816
-464
7160
2404
-724
4488
-4748
-360
1008
-4488
5244
1564
1584
8300
-1132
2452
1756
-5592
2444
-2628
-1800
6412
-540
5080
5244
-1808
4664
-2652
-3188
2724
-4484
2512
3732
-276
8192
1108
-24
3860
-5544
1052
-68
-3760
5904
708
2476
7652
-1556
3056
356
-5540
3156
-3236
-252
5728
-880
6304
3896
-1468
5012
-3596
-1760
1672
-4788
4180
2836
816
8348
-312
1280
2620
-5812
2244
-1400
-2724
5956
-148
4056
6620
-1836
4136
-1028
-4392
3108
-4040
1160
4928
-596
7236
2452
-804
4224
-4940
-392
1028
-4284
5080
1472
1596
8168
-1136
2556
1476
-5888
2468
-2528
-1592
6260
-440
5096
5236
-2052
4604
-2760
-2924
2668
-4520
2660
3520
4
8344
968
628
3320
-5640
984
-348
-3404
6252
332
2740
7184
-1828
3972
40
-4852
3192
-3712
-28
5444
-632
6772
3828
-1412
4472
-4348
-1432
1856
-4476
4536
1920
700
8404
-684
1932
2436
-5992
2288
-2336
-2472
6400
-544
4648
5768
-1972
4236
-2032
-3624
2972
-4228
1800
3860
-456
7724
2160
-480
4504
-5596
40
288
-4176
6448
856
1908
8040
-1724
3244
892
-5464
3280
-3404
-836
5820
-520
6068
4680
-1648
4440
-3264
-2472
2352
-4236
3396
3260
216
8356
304
496
3612
-5988
1776
-1224
-3336
6756
-328
3672
6788
-1992
4164
-1332
-4464
3280
-4088
972
4944
-680
7340
2420
-832
4612
-4628
-836
872
-4376
5128
1852
1280
8116
-880
1936
1924
-5516
2736
-2224
-1980
6352
-464
5092
5672
-1928
4868
-2720
-3156
2956
-4604
3040
3764
-128
8252
744
468
3856
-5596
772
-348
-3620
5960
588
2588
7728
-1640
3344
380
-4900
3168
-3532
-476
5620
-660
6296
4176
-1472
4596
-3972
-2016
1876
-4272
4008
2548
476
8268
64
1204
3156
-5972
2080
-1304
-2944
6336
-440
4128
6700
-1768
4196
-1196
-4396
2880
-4052
948
4892
-264
6968
3108
-1132
4788
-4784
-900
1356
-4332
5188
1648
1168
8204
-1108
2440
1956
-5612
2432
-2280
-1968
6280
-188
4956
5616
-2200
4588
-2152
-3316
2720
-4368
2476
3868
-624
7948
1592
24
3976
-5704
616
-224
-3904
5828
968
2296
7712
-1900
3196
564
-5084
3048
-3508
-684
5788
-816
6396
4400
-1672
4564
-3428
-2176
2416
-4628
3688
2832
300
8072
328
1192
3388
-5632
1292
-924
-3280
6568
324
3352
7264
-2644
4252
-664
-4684
3400
-4128
620
4928
-440
7000
3212
-1268
4448
-4072
-1216
1544
-4280
4288
2300
336
8276
-528
1692
2688
-5908
2176
-2280
-2520
6404
-140
4628
5984
-2276
4484
-1600
-3796
3424
-4480
1724
4300
-684
7640
2168
-568
4520
-5016
-440
800
-4224
5400
1712
1336
8080
-1200
2120
2032
-5544
2736
-2276
-2188
6172
-720
5512
5688
-2128
4828
-2760
-3012
2560
-4260
2972
3724
-352
7632
1416
-8
4268
-5404
536
160
-4296
5960
932
2516
7468
-1604
2816
556
-4968
2700
-3000
-752
5656
-556
5568
4616
-1688
4880
-3396
-2448
2456
-4764
3440
3308
224
8720
-196
796
3536
-5844
1788
-904
-3240
6164
168
3172
7452
-1968
3680
-140
-4780
2928
-3436
144
5624
-612
6516
3680
-1404
4908
-4172
-1220
1520
-4688
4460
2480
1056
7908
-320
1304
2704
-5604
2056
-1292
-3080
6168
-240
3908
6976
-2328
4344
-1392
-4344
3048
-4080
1396
4824
-632
7152
2332
-768
4736
-4456
-844
936
-4612
4996
2228
1200
8320
-992
2072
2076
-5592
2448
-1996
-1932
6280
-480
4668
5736
-2116
4712
-1712
-3680
2948
-4360
2012
4248
-408
7700
2276
-612
4172
-5080
-12
720
-4284
5748
1148
1856
7852
-1480
3048
1192
-5552
2952
-3084
-1492
5984
-492
5476
5148
-1988
4416
-2660
-3400
2748
-4144
2464
3872
-424
7808
1428
76
4416
-5728
284
-180
-3652
5892
912
2652
7540
-1712
3044
552
-4944
3012
-3096
-600
5636
-492
5876
4460
-1560
4688
-3276
-2416
2356
-4508
3284
3360
152
8348
752
448
3440
-5636
1232
-1072
-3044
6220
416
2984
6840
-1496
3724
-152
-4796
2844
-3480
-40
5204
-360
6632
3768
-1644
4972
-4468
-1672
1888
-4284
4396
2328
280
8108
44
1496
2780
-5668
1688
-1560
-2888
6152
80
4172
6604
-2188
4164
-1156
-4304
3412
-3704
888
4856
-748
6924
3284
-856
4592
-4676
-1100
1112
-4080
5064
1980
1380
8204
-1152
2180
2176
-5508
2728
-2332
-2048
6368
-552
4604
6016
-1860
4492
-2356
-3696
2956
-4100
1680
4476
-584
7948
1500
-452
4440
-5144
184
184
-4100
5640
1168
1832
8012
-1616
2896
1008
-5684
3136
-2860
-1088
6100
-1112
6044
4864
-1712
5040
-3548
-2784
2388
-4448
3488
3380
0
8056
384
736
3856
-5428
1236
-848
-3660
6192
428
3184
7432
-2000
3744
-120
-5180
3328
-3452
-84
5812
-1012
6524
3972
-1772
5420
-4208
-1680
1836
-4868
4416
2700
864
8376
-484
924
2736
-5788
2168
-1368
-2864
6324
-264
3816
6744
-2060
4436
-1588
-4428
3156
-4180
1444
4896
-564
7400
2168
-664
4724
-4660
-516
1052
-4176
5116
1624
1360
8240
-1000
2416
1952
-5624
2520
-2436
-1756
6532
-676
5060
5472
-1936
4756
-2504
-3256
2768
-4548
2616
4036
-240
8004
1224
84
4152
-5524
680
-28
-3908
5888
736
2436
7548
-1968
3544
564
-5476
2772
-3420
-548
5776
-632
6440
3996
-1716
4708
-3792
-1984
2180
-4552
3620
2756
504
8372
184
1148
3364
-5784
1716
-1432
-3152
6576
332
3540
6732
-2272
4072
-672
-4480
3296
-4124
816
5028
-496
7308
2584
-724
4516
-4664
-960
1260
-4036
4892
1820
1016
8352
-936
1940
2100
-5792
2560
-2348
-2552
6572
-540
4864
5764
-2016
4436
-2392
-3712
2996
-4160
2188
4064
-568
8084
1320
-32
4276
-5532
744
-220
-4160
5912
668
2748
7716
-1868
3332
520
-5408
3240
-3176
-660
6024
-984
6296
4264
-1572
5036
-3592
-2216
1876
-4568
3876
3052
548
8084
192
1020
3428
-5896
1628
-984
-3136
6468
108
3696
6868
-2068
4120
-1092
-4528
3020
-4044
1156
4748
-420
7280
2668
-900
4564
-4732
-584
976
-4596
5248
1596
1088
8288
-980
2392
1784
-5972
2716
-2508
-1788
6464
-452
4848
5380
-2188
4916
-2520
-3336
2768
-4500
2452
3640
228
8160
1180
248
3792
-5432
668
-172
-3532
5980
668
2304
7580
-1572
3476
540
-5352
2784
-3448
-480
5952
-780
6784
3704
-1768
4836
-4068
-1496
1584
-4328
4072
2448
644
7940
44
1312
2796
-5760
1928
-1448
-2888
6588
32
3796
6268
-2300
4480
-1388
-4148
3116
-4312
1444
4588
-504
7780
2348
-336
4236
-5096
-32
664
-4136
5332
1432
1844
8084
-1452
2524
1496
-5412
2808
-2752
-1560
6024
-628
5484
5336
-1804
4840
-3204
-3072
2676
-4480
3228
3448
-316
8272
780
628
3624
-5812
912
-712
-3456
6280
212
3172
7168
-2156
3852
-468
-4716
3200
-3912
24
5440
-692
6924
3464
-1312
4764
-4476
-1476
1760
-4328
4752
2196
508
8316
-512
1812
2712
-5728
2208
-1796
-2588
6464
-76
4640
5992
-2120
4312
-1996
-3580
3252
-4116
1656
4300
-596
7876
1796
-476
4660
-5300
-128
320
-4300
6016
1088
1856
7920
-1592
2828
888
-5552
3216
-3196
-1044
5928
-868
5784
4620
-1624
4904
-3708
-2568
2404
-4936
3452
3232
296
8164
296
416
3516
-5484
1312
-640
-3708
6268
424
3180
7204
-1780
3792
-600
-4856
3308
-3964
688
5336
-720
7404
2876
-1000
4772
-4684
-692
1036
-4404
5016
2020
1192
8272
-860
1816
1972
-5664
2316
-1740
-2512
6664
-660
4884
5980
-2152
4748
-2304
-3520
2620
-4444
2096
4204
-100
7676
1584
-332
4324
-5420
448
8
-3948
5664
632
2280
7992
-1512
3280
372
-5716
3372
-3456
-440
5880
-760
6248
4276
-1760
5124
-3640
-2140
2212
-4584
3952
2896
288
8252
300
800
3240
-5840
1776
-1120
-3052
6396
152
3664
7004
-2280
4240
-1116
-4592
3104
-4028
1068
4756
-668
7256
2692
-1036
4452
-4800
-736
928
-4380
5288
1524
1252
8272
-940
2568
1596
-5636
2612
-2408
-1880
6144
-132
5048
5604
-2164
4616
-2432
-3332
2688
-4468
2832
3784
-168
8336
1100
156
3988
-5800
1192
-352
-3588
6276
220
2892
7228
-1688
3796
196
-5136
3048
-3596
64
5640
-584
6524
3928
-1784
4948
-4200
-1380
1864
-4748
4208
2084
636
8560
-256
1716
2376
-6164
2020
-1664
-2544
6208
-248
4116
6404
-2264
4332
-1644
-4084
3048
-4540
1452
4836
-516
7744
1864
-744
4684
-5160
72
652
-4232
5676
1056
2056
8072
-1040
2516
1388
-5628
2912
-2644
-1404
6576
-860
5584
4928
-1988
5024
-3328
-2644
2688
-4936
3472
3308
156
8512
220
880
3176
-5756
1512
-868
-3336
6020
344
3320
7232
-2068
3696
-588
-4900
3388
-4012
808
5044
-1144
7492
2900
-992
4744
-4764
-736
1256
-4452
5044
2188
1328
8236
-688
2004
1956
-5936
2672
-1924
-1976
6300
-544
5316
5488
-2100
4864
-2516
-3412
2736
-4524
2744
3800
-404
8116
1212
-36
3856
-5772
932
184
-4316
6116
656
2572
7796
-2036
3608
48
-5156
3128
-3644
324
5488
-824
7000
3400
-1528
4608
-4240
-1452
1776
-4676
4800
1800
1016
8380
-480
2028
2028
-5800
2136
-2032
-2336
6108
44
4408
6228
-2508
4616
-1932
-3636
3152
-4636
2224
3988
-708
8372
1524
-68
4296
-5588
596
192
-3876
5748
1036
2344
7816
-1460
2984
672
-5396
2984
-3380
-540
5876
-900
6456
3992
-1524
4976
-4052
-1716
1948
-4740
4036
2448
620
8468
-44
1280
2776
-6040
2016
-1324
-2748
6296
-288
4008
6664
-2140
4608
-1392
-4292
2904
-4312
1416
4800
-476
7580
2332
-808
4448
-5248
64
1036
-4408
5520
1292
1732
8164
-1044
2840
1072
-5624
2840
-2620
-1332
6200
-720
5956
4572
-1824
4768
-3168
-2484
2324
-4548
3564
3200
4
8536
244
784
3328
-6012
1472
-1096
-3304
6260
272
3428
6948
-1904
3864
-684
-4916
3364
-4100
736
5008
-920
7556
2544
-704
4496
-4676
-668
984
-4384
4964
2072
1132
8248
-596
1788
2296
-5796
2536
-1952
-2140
6432
-884
5396
5904
-2240
5020
-2900
-3360
2900
-4696
3244
3764
-364
8096
744
576
3600
-5152
1032
-804
-3664
5896
896
2892
7544
-2328
3764
-272
-5376
3304
-3700
428
5384
-1292
6944
3380
-1256
4912
-4160
-1532
1128
-4572
4724
2572
936
8256
-1012
1704
2544
-6112
2852
-1944
-2480
6272
-748
5044
6172
-1976
5004
-2552
-3908
2724
-4284
2600
4176
-492
8212
1312
-168
4148
-5416
764
-164
-3844
5568
836
2764
7648
-1388
3256
244
-5400
2876
-3168
-144
5744
-1056
6592
3724
-1476
5188
-4288
-1472
1540
-4736
4512
2136
884
8420
-464
1456
2552
-5976
2104
-1624
-2868
6580
-416
4264
6284
-2296
4728
-2004
-4132
3116
-4560
2040
4492
-504
8096
1540
-172
4116
-5360
372
288
-3892
5584
792
2080
7804
-1252
3024
840
-5568
3052
-3088
-560
5896
-848
6536
4224
-1776
4884
-3828
-2040
1880
-4676
4228
2600
488
8096
-8
1304
2884
-5620
1948
-1388
-3056
6380
-156
4384
6552
-2196
4220
-1840
-4324
3268
-4120
1748
4372
-676
7316
2032
-340
4640
-5132
-416
404
-4292
5980
1032
2468
7968
-1924
3044
564
-5016
3424
-3412
-632
5612
-680
6092
4188
-1464
4908
-3868
-2476
2212
-4560
3720
3124
268
8620
184
708
3340
-6112
1736
-1448
-2960
6780
-248
3860
6512
-2292
4604
-1660
-4132
2828
-4340
1664
4484
-404
7680
2064
-408
4216
-5212
-236
840
-4112
5656
1012
1828
8060
-1568
2896
1120
-5420
2648
-3132
-1044
5928
-708
5808
4984
-2028
4744
-3500
-2544
2352
-4300
3916
3056
156
8252
228
1140
3284
-5692
1668
-1516
-2924
6364
-88
3776
6760
-1848
4056
-1136
-4396
3188
-3816
952
4660
-672
7472
2432
-852
4732
-4940
-792
968
-4216
5464
1160
1548
8132
-1080
2360
1548
-5812
2732
-2744
-1476
6400
-900
6032
4864
-2172
5152
-3304
-2588
2272
-4568
3188
3240
136
8508
904
412
3576
-5924
1204
-576
-3324
6600
52
3400
7028
-2148
4148
-1100
-4264
3096
-4188
1064
4868
-448
7424
2744
-580
4344
-4964
-532
944
-4140
5472
1356
1800
8012
-1204
2564
1452
-5844
2632
-2780
-1288
6016
-484
5416
4896
-1664
4780
-3084
-2892
2336
-4540
3516
3616
-188
8320
252
704
3528
-5708
1540
-880
-3288
5956
256
3640
7200
-1784
4212
-1220
-4440
3008
-4144
1400
5132
-768
7508
2440
-796
4676
-4968
-160
640
-4588
5324
1412
1996
8136
-1108
2472
1332
-5680
2732
-2712
-1336
6048
-608
5700
4664
-2356
5048
-3660
-2044
2140
-5052
3992
2504
560
8584
-28
1556
2876
-6300
1696
-1512
-2600
6432
-52
3508
6648
-2000
4540
-1132
-4616
3224
-4624
1352
4804
-252
7908
1832
-592
4256
-5172
36
740
-4056
5804
816
1864
8108
-1676
3472
752
-5516
2948
-3408
-420
5884
-648
6296
4232
-1764
4796
-3712
-1996
2024
-4764
3856
2696
380
8548
-428
1616
2848
-6144
2184
-2128
-2560
6520
-196
4184
6196
-2248
4608
-1780
-3932
3228
-4692
1992
4364
-328
8184
1532
-196
3840
-5800
784
-48
-3760
5872
744
2828
7700
-2024
3600
108
-4996
3268
-3716
20
5612
-684
6876
3456
-1452
4748
-4328
-1168
1412
-4544
4976
2052
1176
8112
-504
1784
2152
-5964
2608
-2020
-2140
6460
-420
5240
5356
-2312
4992
-2868
-3100
2672
-5184
3396
2952
260
8548
412
760
3340
-5884
1480
-740
-3152
6108
136
3436
6940
-1788
3952
-708
-4848
2984
-4228
1080
5044
-476
7492
2412
-836
4344
-4616
-312
1116
-4516
5384
1732
1800
8220
-1240
2720
1016
-5700
3096
-2952
-1000
5924
-600
6008
4520
-1800
4852
-3632
-2304
2268
-4664
4164
2668
540
8496
-628
1556
2516
-5668
2180
-1892
-2508
6232
-184
4280
6360
-1732
4112
-1932
-4364
3068
-4096
2124
4344
-612
7868
1496
-296
3996
-5508
636
-116
-3916
5764
816
2648
7656
-1532
3712
-220
-5360
3116
-3556
204
5644
-840
6684
3524
-1268
5196
-4472
-1252
1380
-4752
4792
2028
1520
8232
-540
1888
1792
-6036
2752
-2312
-1680
6292
-1156
5416
5116
-1780
5148
-3120
-3252
2184
-4696
3212
3780
96
8132
620
360
3424
-5824
1712
-648
-3460
6232
188
3432
7160
-2096
4356
-1360
-4840
3064
-4428
1736
4792
-284
7328
2392
-596
4504
-4904
-96
828
-4436
5560
1164
2212
8272
-1644
3016
540
-5504
3292
-3296
-656
6044
-816
6364
4412
-1612
4620
-3876
-2108
2172
-4468
4320
2528
628
8244
-352
1648
2596
-6092
2132
-1916
-2692
6744
-240
4688
5692
-2216
4448
-2112
-3660
2796
-4348
2396
3820
-140
8028
1280
144
3876
-5612
868
-440
-3616
6252
292
3212
7208
-1868
3752
-532
-4736
3324
-3984
692
5328
-948
7452
2636
-632
4628
-5028
-624
856
-4432
5264
1436
1776
8244
-1404
2616
1264
-5700
2916
-2820
-1132
6092
-860
5624
4772
-1780
5012
-3696
-2400
2104
-5060
4220
2772
540
8488
-356
1276
2760
-5920
1968
-1352
-2644
6048
-48
3872
6792
-1740
4164
-1692
-4184
3060
-4532
1980
4640
-424
8000
1224
-100
4264
-5528
604
-40
-3768
5796
668
2660
7832
-1616
3312
208
-5388
3116
-3672
172
5852
-1108
7052
3008
-1216
5068
-4668
-1108
1048
-4440
4796
1884
1496
8292
-912
2116
1628
-5568
2692
-2760
-1536
6048
-704
5420
5252
-1880
4828
-3536
-2828
2756
-4736
3656
3212
400
8180
152
1032
3516
-5788
1440
-1048
-3264
6388
-96
4036
6960
-2012
4288
-1428
-4496
3232
-4272
1808
4752
-564
7772
2048
-524
4452
-5568
224
420
-4252
5996
872
2424
7744
-1868
3408
340
-5344
3080
-3468
-204
5696
-852
6964
3604
-1476
4860
-4196
-1120
1268
-4692
4800
1676
1652
8172
-412
2072
1548
-5992
2836
-2308
-1740
6252
-728
5668
5148
-2084
4868
-2908
-2780
2220
-4836
3180
3560
208
8348
628
732
3204
-5804
1748
-944
-3144
6528
-288
3948
6628
-1936
4504
-1432
-4372
3020
-4212
1444
4656
-596
8176
1820
-348
4284
-5300
340
168
-4204
5844
940
2252
7940
-1840
3420
100
-5424
3260
-3600
-280
5728
-764
6688
3648
-1536
4760
-4368
-1476
1628
-4564
4608
2268
760
8640
-856
2056
2108
-6048
2656
-2856
-1836
6712
-588
5740
4812
-1844
4852
-3340
-2548
2484
-4564
3192
3260
256
8584
620
892
3420
-6092
1472
-1196
-3088
6636
-204
4076
6672
-2368
4516
-1616
-4012
2964
-4536
1580
4580
-484
7792
2072
-428
4444
-5724
384
80
-4128
6096
816
2472
7740
-1908
3572
404
-5168
3012
-3604
-320
5788
-640
6740
3864
-1504
4776
-4688
-1100
1368
-4496
5208
1772
1212
8316
-1096
2588
1724
-5584
2592
-2680
-1368
6060
-484
5680
5080
-2064
4752
-3096
-2692
2480
-4676
3276
3104
400
8312
432
976
2836
-5900
1372
-1112
-3076
6380
-292
4116
6668
-2304
4248
-1920
-4104
3064
-4184
1808
4476
-668
7712
1932
-224
4320
-5680
304
12
-4132
6240
676
2764
7916
-2184
3516
-84
-5084
3548
-3792
228
5220
-740
7048
3560
-912
4592
-4776
-1224
1280
-4648
5248
1808
1460
8180
-1176
2324
1924
-5772
2964
-2776
-1720
6160
-704
5812
5304
-1768
4832
-3296
-2804
2332
-4316
3352
3420
20
8112
520
948
3268
-5700
1464
-1304
-3128
6172
80
4008
6736
-2104
4388
-1820
-4236
3368
-4396
1832
4628
-860
7952
1652
-200
4492
-5532
412
-180
-4048
5640
1056
2516
7796
-1800
3192
164
-5292
3640
-3588
-164
5564
-1000
7156
3464
-896
4772
-4504
-1216
1320
-4352
4520
2188
1140
8372
-1028
2016
2060
-5936
2824
-2288
-1852
6356
-1012
5624
5404
-1980
4972
-3500
-3144
2276
-4592
3368
3240
292
8032
352
820
3432
-5796
1512
-1236
-3092
6056
28
3876
6884
-2096
4468
-1544
-4780
3236
-4368
1924
4836
-736
7772
1864
-568
4700
-5148
188
212
-4172
5964
976
2548
8108
-1584
3120
56
-5668
3436
-3308
-132
5760
-1080
6736
3340
-1184
5076
-4308
-1296
1036
-4620
4624
2280
1432
8304
-880
1844
1912
-5944
2608
-2180
-1888
6000
-796
5124
5484
-2008
4820
-2768
-2972
2396
-4680
3224
3660
-8
8408
388
504
3308
-6160
1832
-856
-3316
6348
-164
3428
6916
-1956
4472
-972
-4704
2956
-4284
1828
4716
-228
7852
2060
-684
3972
-5016
280
428
-4012
5452
848
2044
7916
-1436
3472
480
-5772
2748
-3496
-48
6144
-1088
6728
3268
-1524
4980
-4280
-1320
1612
-4684
4304
2208
1084
8464
-380
1692
2084
-6072
2472
-2040
-1968
6568
-644
5088
5384
-1980
5168
-2804
-2992
2332
-4684
3240
3516
312
8264
648
420
3528
-5528
1452
-564
-3480
6284
40
3476
7312
-1908
4180
-836
-4896
3200
-4240
1084
5292
-628
7396
2280
-848
4516
-4804
-360
616
-4300
5108
1476
1876
8464
-1488
2772
1292
-6212
3184
-3316
-956
6440
-1088
5552
4492
-1884
5144
-3464
-2156
1964
-5080
4068
2944
672
8468
-260
1224
2948
-6120
2076
-1544
-2580
6472
-296
4012
6536
-2232
4544
-1640
-3948
3168
-4492
1996
4552
-204
7992
1784
-488
4372
-5368
-4
468
-3964
5956
908
1892
7876
-1544
3180
592
-5380
3260
-3632
-740
6120
-736
6628
3888
-1756
5072
-4164
-1488
1672
-4740
4280
2312
768
8360
-588
1804
2396
-5980
2456
-2308
-2376
6504
-540
4988
5836
-2104
4560
-2000
-3876
3268
-4432
2408
4068
-484
8184
1432
268
3940
-5580
644
-444
-3420
6276
600
2968
7240
-1548
3340
-120
-4840
2864
-3384
-196
5504
-776
6728
3848
-1592
4936
-4412
-1392
1488
-4680
4964
1880
1084
8268
-936
2248
1912
-5736
2376
-2488
-2072
6384
-152
4660
5816
-2236
4792
-2488
-3444
3016
-4732
2856
3800
-296
8240
1236
296
3976
-5868
844
-408
-3692
6412
452
2876
7344
-1944
3536
148
-4828
3212
-3792
-8
5628
-636
6836
3464
-1208
4704
-4508
-1232
1640
-4532
4876
1984
984
8316
-1068
2212
2160
-5788
2224
-2608
-1616
5964
-516
4880
5740
-1888
4280
-2224
-3672
2740
-4776
2604
4220
-440
7884
1040
-12
4260
-5608
800
-408
-3868
6020
636
2788
7836
-2036
3420
-92
-5068
3532
-3616
248
5464
-1064
6808
3636
-1284
4840
-4384
-1272
1512
-4676
4796
2364
848
8444
-560
1804
2392
-5872
2400
-1948
-2532
6760
-412
4664
6084
-2432
4940
-2296
-3544
2952
-5016
2700
3788
-160
8016
1272
136
3868
-5364
280
28
-4048
5800
944
2304
7716
-1884
3232
368
-5600
3012
-3628
-180
5748
-832
6520
3536
-1292
4824
-3992
-1608
1560
-4536
4472
2516
832
8260
-368
1560
2712
-6108
2360
-1908
-2432
6788
-588
4752
6016
-2380
4896
-2008
-3612
2828
-4784
2164
4432
-228
7888
1412
-504
4472
-5540
676
-172
-4072
5760
852
2376
7664
-1704
3284
504
-5624
3128
-3200
-424
5924
-740
6424
4084
-1872
4852
-3884
-1968
1980
-4972
4220
2532
392
8780
-560
1408
2500
-6000
2656
-2060
-2408
6440
-196
4332
6164
-2060
4568
-1984
-3844
3256
-4472
1840
4644
-400
7696
1676
-200
4616
-5700
396
484
-4284
6208
672
2220
7808
-1916
3496
580
-5432
3212
-3760
-376
5860
-528
6544
3852
-1960
4976
-4192
-1532
1992
-4784
4236
2376
444
8244
-340
1744
2868
-6104
1948
-1848
-2596
6576
-84
4340
6164
-2292
4560
-1392
-3936
3332
-4468
1868
4580
-544
8052
2008
-296
4176
-5644
380
388
-4096
5872
892
2008
8172
-1580
3116
716
-5656
3240
-3276
-308
5704
-1084
6148
4220
-1656
5120
-4248
-1828
1732
-4964
4404
2440
868
8504
-548
1412
2600
-5780
2008
-1440
-2720
6332
-248
3936
6584
-2292
4664
-1892
-3900
3084
-4764
2120
4092
-100
7808
1936
-80
3932
-5432
348
548
-3940
5784
624
1828
8160
-1336
3448
516
-5968
3244
-3296
-448
6232
-856
6528
3872
-1632
4980
-3552
-1824
2156
-4872
3724
2488
444
8640
72
1460
2436
-6284
2208
-1692
-2628
6772
-612
4264
6220
-2260
4704
-1912
-4076
3112
-4628
1668
4564
-520
8048
2316
-696
4180
-5272
220
636
-4184
5512
1060
2040
7804
-1380
3164
920
-5560
3000
-3152
-684
6060
-720
6328
4476
-1760
4848
-3988
-1968
2244
-4792
4260
2684
568
8428
-252
1436
2720
-5976
1924
-1588
-2356
6000
-52
3984
6340
-1752
3956
-1616
-4012
3188
-4356
1688
4516
-592
7740
2024
-652
4420
-5440
-44
536
-4104
5708
964
2104
8000
-1632
2976
660
-5356
3080
-3124
-744
5960
-924
6520
4020
-1540
4940
-3944
-1800
1952
-4476
4024
2780
428
8448
-68
1332
2844
-6124
2340
-1792
-2532
6224
-372
4532
6228
-2000
4352
-1856
-3932
2980
-4148
1736
4472
-544
7716
1972
-256
4236
-5176
172
232
-4064
5808
1104
2156
7768
-1736
3144
516
-5532
3116
-3356
-460
5760
-1188
6812
3992
-1664
4888
-3972
-1864
1772
-4572
4084
2756
448
8256
52
1344
2632
-5776
2040
-1440
-2656
6296
24
4568
6352
-2296
4308
-1924
-3768
3248
-4560
2200
4200
-508
8120
1912
-52
4180
-5516
184
128
-3948
6084
1128
1948
7752
-1976
3364
288
-5256
3516
-3692
-428
5488
-784
6704
3912
-1316
4608
-4144
-1936
1972
-4428
4416
2544
332
8516
-708
1920
2596
-5960
2368
-2172
-2392
6516
-628
4968
5968
-2120
4496
-2440
-3416
3184
-4444
2208
4176
-228
8220
1224
412
4188
-5928
784
-360
-3628
6256
260
3284
7576
-2104
3528
-252
-4764
3448
-3848
164
5092
-744
6980
3740
-1208
4740
-4792
-1480
1640
-4664
4912
1972
928
8288
-1076
2176
1836
-5652
2524
-2372
-2004
6072
-340
5476
5632
-2004
4504
-2736
-3252
2956
-4520
2796
3668
-360
8172
1092
364
3772
-5812
1008
-536
-3808
6488
340
3460
7200
-2560
4276
-888
-4704
3100
-3936
708
5020
-836
7528
3052
-956
4512
-4888
-548
944
-4204
5308
1580
1520
8008
-904
2556
1672
-5964
2884
-3088
-1256
6460
-836
5956
4672
-2140
4732
-3568
-2276
2260
-4632
3272
3132
184
8388
156
884
3352
-6308
1868
-1456
-3072
6500
44
4124
6664
-2132
4408
-1572
-3804
2876
-4116
1760
4524
-268
7532
2312
-508
4300
-5128
-208
608
-4560
5804
1100
2304
8168
-1968
3308
672
-5244
3140
-3492
-724
5780
-644
6500
4564
-1788
4796
-4304
-2148
2036
-4864
4612
2620
596
8160
-456
1556
2548
-5864
2404
-2060
-2760
6288
-276
4884
5884
-2156
4656
-2428
-3620
2816
-4672
2372
3864
-516
8364
1108
216
3924
-5824
1084
-356
-3644
6108
728
3224
7596
-1728
3380
-312
-4812
3248
-3996
504
5296
-788
7140
3168
-1168
4584
-4812
-1024
1592
-4688
5124
1396
1484
8576
-1176
2380
1204
-5776
2840
-2668
-1248
5944
-460
5424
5092
-1732
4668
-3032
-2916
2340
-4808
3452
3444
296
8548
-68
976
3168
-6096
1996
-1128
-2932
6300
-344
3892
6912
-2036
4420
-1196
-4324
3100
-4216
1472
4644
-252
7736
2132
-560
4156
-5196
84
500
-3992
5520
992
2088
7884
-1456
3172
576
-5412
2848
-3236
-732
6048
-552
6264
3944
-1812
4912
-4144
-1812
2084
-5440
4612
2320
672
8736
-852
1800
2376
-5900
2284
-1868
-2520
6208
-228
4612
6176
-2012
4512
-2148
-3972
3060
-4484
2580
4012
-428
8144
1040
172
3800
-5700
1056
-552
-3736
6212
668
2976
7656
-1908
3440
-12
-4968
3188
-3652
252
5456
-696
6736
3440
-1112
4708
-4248
-1108
1156
-4280
4424
2028
1352
8380
-996
1996
1880
-5764
2776
-2692
-1832
6180
-592
5504
5268
-2152
4608
-2892
-3080
2820
-4664
3128
3572
-224
8148
792
456
3588
-5824
1224
-384
-3684
6404
-72
3736
7128
-2176
4340
-1324
-4128
3168
-4128
976
4864
-748
7324
2912
-824
4620
-5028
-752
1300
-4644
5608
1420
1832
8196
-1416
2700
1460
-5508
2876
-3212
-988
6008
-736
6140
4756
-1728
4624
-3876
-2480
2560
-4696
3832
2724
-40
8392
-36
1280
3108
-6056
1864
-1424
-3128
6360
-104
4048
6732
-2228
4136
-1512
-4324
3072
-4096
1564
4588
-664
7724
2256
-308
4508
-5504
-76
564
-4232
5980
1376
1852
8108
-1416
2716
980
-5728
3064
-2972
-980
6096
-772
6180
4324
-1720
4912
-3876
-2284
2024
-4552
3992
2772
384
8664
-84
1172
3160
-6220
2216
-1916
-2660
6456
-336
4176
6188
-1896
4316
-1636
-4236
3088
-4172
1488
4524
-452
7948
1872
-684
4600
-5432
192
376
-4188
6036
816
1892
7980
-1488
3240
968
-5656
3156
-3468
-500
6072
-784
6600
3824
-1508
4852
-3824
-1720
1864
-4540
3804
2652
828
8280
232
1168
3004
-5884
1684
-1240
-2796
6536
-152
3764
6748
-2380
4372
-1260
-4348
3272
-4652
1452
4828
-772
7944
2092
-636
4228
-5088
28
212
-3928
5144
1332
2000
8028
-1176
2668
1192
-5768
3144
-3060
-972
6404
-1088
5940
4672
-1840
5176
-3596
-2380
2112
-4692
3616
3256
236
8368
216
900
3280
-5672
1812
-1052
-2972
6280
88
3616
6792
-2044
4124
-956
-4436
3092
-4108
912
5232
-716
7508
2524
-852
4664
-4880
-688
840
-4396
5212
1636
1648
7772
-1200
2344
1604
-5364
2464
-2796
-1636
6080
-524
5520
5344
-2020
4492
-3016
-3024
2808
-4520
3096
3660
-180
8116
892
596
3660
-5672
1188
-664
-3504
6172
572
3176
7384
-2028
3836
-208
-5044
3392
-3760
428
5640
-1188
6904
3204
-1228
5008
-4684
-944
1300
-4596
4872
2072
1396
8264
-968
1908
2112
-5824
2508
-2228
-2152
6256
-672
4972
5496
-1960
4820
-2392
-3432
2684
-4828
2784
3976
-116
8056
944
-152
4140
-5552
780
172
-4128
6180
520
2492
7832
-1716
3464
68
-5244
3004
-3484
72
5760
-636
6356
3692
-1284
4872
-3812
-1800
1588
-4612
4344
2328
844
8324
-396
1672
2056
-5636
2032
-1640
-2392
6160
-164
4332
6352
-1968
4432
-1824
-4256
3220
-4524
2212
4676
-720
8024
1164
-116
4212
-5376
876
-232
-4128
5840
812
2472
7964
-1592
3232
356
-5732
3368
-3184
-528
5852
-900
6332
3952
-1532
5024
-3712
-1928
1640
-4704
4052
2648
892
8464
-76
1200
2636
-5920
2152
-1368
-2592
6208
-448
4116
6672
-2080
4660
-1868
-4164
3212
-4908
2200
4536
-684
7844
1788
-388
4532
-5576
336
180
-4244
5680
800
1984
7764
-1496
2908
824
-5404
3128
-3300
-1124
5960
-648
6136
4588
-1932
4764
-3928
-2336
2640
-4748
3996
2752
136
8444
32
1232
3156
-5812
1788
-1792
-2820
6552
-32
4472
6300
-2068
4104
-1492
-4060
3468
-4312
1364
4548
-912
7804
2296
-464
4684
-5572
-424
420
-4368
6060
1412
2020
7876
-1808
2724
1248
-5568
2916
-2836
-1168
5900
-820
5712
4944
-1940
4960
-3620
-2388
1940
-4912
4256
3036
356
8260
-252
1088
3184
-5768
1968
-1360
-3188
6108
120
3700
7024
-2140
4100
-1380
-4604
3120
-4124
1580
5020
-640
7436
2248
-748
4804
-4760
-404
704
-4528
5412
1600
1780
8240
-1096
2392
1084
-5516
2928
-2628
-1216
5896
-904
5776
4828
-1692
4848
-3548
-2440
2188
-4808
3592
2964
196
8288
140
792
3304
-5900
1832
-1088
-3196
6268
152
3704
7000
-2104
3992
-1112
-4504
3036
-4076
1100
4972
-772
7284
2628
-900
4652
-4804
-456
856
-4504
5540
1364
1868
8064
-1272
2908
1120
-5512
2772
-2768
-1032
6088
-576
5816
4672
-1992
4960
-3152
-2672
2548
-5084
3652
3224
180
8600
440
456
3508
-6092
1872
-804
-3536
6516
-212
3620
7040
-2180
4296
-1188
-4596
3192
-4572
1400
4928
-556
7164
2416
-872
4484
-4936
-604
1100
-4676
5368
1556
1336
8364
-1124
2848
1348
-6052
3012
-2868
-1076
6300
-644
5564
4864
-1980
5040
-3216
-2768
2332
-4528
3412
3492
128
8276
348
608
3512
-5780
1504
-1396
-3216
6260
124
3448
6956
-1732
3732
-888
-5096
3280
-3912
916
5280
-1024
7468
2316
-908
5052
-5084
-352
500
-4444
5416
1364
1940
8236
-1256
2664
1216
-5428
2888
-2620
-1200
6212
-688
5276
4928
-1988
5104
-3248
-2564
2056
-4660
3444
3272
428
8300
440
548
3484
-5884
1812
-792
-3316
6468
-272
3684
6920
-1952
4268
-1156
-4748
3268
-4296
1388
5040
-1004
7640
2088
-828
4780
-5308
-128
548
-4480
5572
1356
1808
7936
-1392
2788
1228
-5576
2928
-2832
-1288
5916
-816
5872
4720
-1716
4788
-3312
-2700
2420
-4476
3396
3184
20
8272
636
624
3452
-6028
1912
-1160
-3156
6368
16
3512
6936
-1916
4280
-900
-4564
3072
-3988
1040
5252
-720
7524
2644
-912
4524
-5136
-304
868
-4592
5408
1260
1768
7984
-1420
2912
1152
-5672
2704
-3044
-1012
6356
-868
5720
4776
-2140
5008
-3356
-2588
2644
-4892
3408
2920
-80
8404
244
944
3380
-5920
1204
-1028
-3068
6564
216
3352
7156
-2068
3900
-792
-4528
3292
-4140
776
5044
-648
7788
2524
-848
4536
-5008
-180
920
-4084
5448
1344
1544
8004
-964
2700
1460
-5860
2744
-2892
-1328
6464
-816
5872
4952
-1868
4624
-3068
-2584
2456
-4572
3228
3664
-32
8520
220
944
3380
-6080
1616
-1292
-2900
6056
28
3928
6808
-2128
4004
-544
-4460
3232
-4080
944
4920
-828
7384
3100
-1172
4584
-4928
-520
1328
-4688
5512
1604
1604
8240
-1036
2572
1680
-5668
2524
-2232
-1696
6396
-480
4904
5672
-2228
4660
-2748
-3248
2892
-4604
2836
3732
-204
8064
408
728
3784
-5576
1104
-1056
-3352
6284
252
3344
7332
-2328
3916
-388
-4808
3332
-4188
516
5216
-564
6764
3152
-1252
4772
-4496
-1232
1580
-4480
4828
2160
952
8392
-768
2112
1992
-5712
2260
-2184
-2068
6264
-264
4988
5656
-2084
4688
-2424
-3432
2764
-4460
2592
3848
-156
8000
1460
-20
3952
-5516
364
-148
-3752
5904
1032
2220
7724
-1872
3448
272
-5472
3228
-3588
-288
5792
-944
6836
3804
-1476
4788
-4112
-1808
1888
-4636
4136
2604
660
8324
-376
1372
2672
-5668
1920
-1608
-2676
6388
-460
4276
6504
-2204
4572
-1944
-4072
3388
-4400
1900
4600
-576
7584
2016
-296
4716
-5100
-164
768
-4516
5480
1424
2056
8044
-1404
2396
1308
-5468
2936
-2780
-1276
5800
-648
5504
5024
-1724
4984
-3524
-2868
2588
-4672
3492
3208
116
8536
244
556
3664
-5680
1552
-1176
-3384
6216
188
3112
7168
-1844
3752
-600
-4920
3196
-3788
204
5264
-544
6860
3352
-1304
5008
-4316
-1376
1608
-4604
4868
2044
900
8652
-788
2024
2044
-6088
2452
-2048
-2052
6452
-696
5032
5816
-2200
4512
-2292
-3456
2812
-4536
2176
4088
-268
7960
1616
-304
4104
-5532
452
396
-4008
5988
388
2416
7532
-1668
3312
516
-5244
2896
-3416
-576
5700
-612
6348
4272
-1860
4668
-3720
-1896
2372
-4600
3724
2708
252
8476
308
904
3252
-5964
1800
-1032
-3052
6260
180
3528
6756
-1880
3868
-912
-4364
3268
-4064
956
4848
-652
7540
2728
-1056
4528
-4784
-580
1040
-4508
5400
1532
1228
8456
-1252
2504
1716
-5864
3008
-2684
-1864
6284
-728
5328
5460
-1940
4704
-2576
-3344
2676
-4744
2592
4020
-32
8256
1028
140
3936
-5780
1272
-308
-3644
5952
184
2964
7544
-1760
3640
136
-5192
3044
-3644
-196
5816
-700
6644
3940
-1592
4664
-4036
-1520
1908
-4576
4160
2324
744
8240
-188
1572
2476
-5928
2024
-1624
-2848
6544
-416
4432
6340
-2400
4752
-1760
-4096
3088
-4428
1640
4620
-448
7456
2480
-876
4352
-5148
-316
768
-4212
5336
1424
1496
7956
-1272
2940
1492
-5784
2968
-3156
-1196
6276
-784
5612
5024
-2172
4984
-2912
-2736
2784
-4664
3224
3536
-76
8264
564
248
3788
-5708
1272
-556
-3656
6352
336
3236
7436
-2096
3892
-156
-5224
3332
-3852
228
5572
-972
6676
3504
-1628
4824
-3976
-1352
1660
-4796
4356
2352
816
8260
-240
1456
2584
-5920
2204
-1608
-2552
6304
-124
3924
6480
-2228
4484
-1608
-4080
3128
-4240
1568
4636
-432
7652
2152
-688
4764
-4944
-344
756
-4320
5636
1436
1536
8072
-1308
2764
1492
-5552
2944
-3000
-1556
6232
-576
5884
5012
-2040
5036
-3284
-3052
2620
-4512
3084
3532
-180
7644
1084
108
4044
-5420
596
-340
-4176
6112
552
2980
7492
-1980
3464
52
-5152
3212
-3412
-276
5652
-948
6288
4020
-1564
4892
-3776
-2072
1844
-4736
4336
2632
480
8388
-344
1268
3252
-5980
2220
-1744
-2928
6520
-188
3940
6740
-2088
4260
-1208
-4348
3212
-4276
1308
5004
-756
7420
2444
-1080
4744
-4392
-804
1316
-4340
4964
1908
1088
8176
-1096
2068
2020
-5832
2604
-2644
-1976
6220
-612
5036
5652
-1920
4616
-2372
-3568
2772
-4380
2332
4096
-428
7436
1672
-352
4484
-4948
104
132
-4448
5880
1516
2088
8164
-2108
3156
1116
-5492
3424
-3260
-1104
5828
-892
6044
4808
-1720
4640
-3236
-2596
2464
-4800
3392
3356
-216
8132
796
648
3888
-6040
1380
-664
-3812
6152
396
3088
7204
-2240
3916
-276
-5088
3248
-3792
180
5140
-740
6752
3880
-1452
4632
-3976
-1840
1992
-4652
4200
2744
520
8088
-312
1292
2852
-5592
1876
-1516
-2740
6228
-92
4332
6568
-1924
4084
-1284
-4320
3300
-3936
1368
5104
-1100
7248
2860
-932
5148
-5116
-380
860
-4724
5448
1704
1960
7816
-1232
1968
1748
-5452
2732
-1988
-2008
6112
-908
4892
6020
-2228
4940
-2600
-3584
2860
-4932
2724
4040
-456
7944
1232
-184
3916
-5368
644
368
-4168
5696
1056
2412
7892
-1772
3048
912
-5500
3100
-3140
-624
5924
-720
5944
4536
-1628
4832
-3460
-2292
2380
-4664
3560
3316
236
8152
160
1076
3460
-5740
1460
-1064
-3152
5824
540
3264
7152
-2032
3768
-500
-4892
3376
-3720
348
5464
-1080
6976
3172
-1252
4912
-4396
-1264
1308
-4636
4568
2148
900
8108
-228
1604
2468
-5760
2016
-1444
-2368
6136
-176
3972
6292
-2080
4548
-1564
-3952
2984
-4568
2212
4436
-432
7480
1964
-212
4360
-5056
-136
596
-4284
5448
1396
1796
7948
-1352
2496
1780
-5764
3036
-2792
-1504
6056
-808
5544
5176
-1940
4568
-2736
-3204
2544
-4420
2840
3780
-244
7988
696
272
4092
-5672
884
-460
-3608
5976
252
2576
7532
-1692
3344
236
-5312
3052
-3580
-412
6060
-788
6300
3744
-1536
4992
-3772
-1576
1900
-4832
3812
2660
1032
8372
196
960
2896
-5648
1724
-892
-2964
6440
4
3268
7032
-2192
4316
-844
-4388
3100
-4468
968
5420
-428
7380
2684
-1148
4720
-4828
-676
1468
-4540
4968
1540
1076
8008
-640
2292
1932
-5676
2144
-2548
-1968
6472
-340
5268
5312
-2456
4324
-2292
-3124
2844
-4464
2040
4108
-544
7796
1728
-256
4084
-5552
640
164
-3800
5932
872
2564
7556
-1668
3088
888
-5064
2936
-3360
-840
6084
-676
6144
4656
-1772
4656
-3568
-2196
2336
-4828
3900
2812
324
8120
140
1116
3452
-5988
1464
-1140
-3196
6296
148
3692
6908
-2184
3884
-764
-4620
3284
-4092
584
5172
-876
7052
2920
-1068
5012
-4528
-1068
1440
-4640
4972
1936
1284
8344
-972
2036
2052
-5692
2696
-2208
-2072
6176
-500
4968
5788
-1716
4700
-2260
-3740
2996
-4460
2656
4164
-444
7856
1460
44
4324
-5508
716
-40
-4224
6032
752
2660
7780
-2092
3160
448
-5400
3424
-3292
-756
5636
-736
6092
4500
-1748
4940
-3868
-2000
1928
-4704
4044
2708
536
8436
-36
872
3220
-5756
1792
-844
-3508
6356
-108
3560
7040
-2216
4180
-996
-4660
3296
-4148
928
5004
-776
7432
2728
-1200
4928
-4744
-924
1408
-4696
5328
1764
1276
8356
-924
2144
2040
-5788
2692
-2476
-2048
6408
-336
5132
5328
-1980
4460
-2608
-3300
2640
-4144
2316
3840
-172
7968
1452
-352
4188
-5596
792
-192
-4080
6140
576
2608
7632
-1944
3192
768
-5376
3048
-3288
-1028
6012
-572
6112
4652
-2068
5112
-3972
-2044
2284
-4828
4124
2632
588
8396
-24
1188
3236
-5560
1508
-1220
-3148
6332
92
3576
7088
-2276
4020
-1164
-4600
3376
-4240
1264
5092
-524
7112
2492
-624
4844
-4620
-956
1156
-4292
5036
1648
1312
8044
-1152
2008
1748
-5572
2704
-2360
-1916
6028
-572
4908
5828
-1892
4812
-2584
-3492
2708
-4756
2752
4500
-460
8056
952
-128
4248
-5560
932
-40
-4096
5708
324
3020
7880
-1612
3384
204
-5232
3148
-3164
-136
5624
-804
6044
4152
-1684
4980
-3796
-1648
2004
-4916
3972
2940
508
8276
312
920
3020
-6280
1624
-708
-3160
6492
-236
3680
6748
-2540
4644
-1164
-4296
2920
-4320
1072
4624
-460
7556
2600
-908
4400
-4816
-368
1224
-4184
5108
1424
1376
8324
-952
2596
1720
-5824
2556
-2608
-1624
6524
-556
5372
5368
-1956
4756
-2388
-3024
2788
-4568
2340
4112
-296
8316
1276
-116
4068
-5664
816
-168
-3796
5920
432
2488
7616
-1796
3360
208
-5312
3288
-3544
-448
5756
-700
6568
3956
-1688
4532
-4176
-1648
1856
-4592
4036
2440
552
8208
208
1132
2744
-5760
1580
-1144
-3012
6472
124
4016
6640
-2392
4280
-1140
-4276
3392
-4372
1268
4876
-892
8000
2456
-756
4436
-5164
-76
736
-4240
5340
1488
1848
7904
-1232
2372
1676
-5524
2776
-2752
-1324
6080
-576
5456
5028
-2032
4984
-3116
-2704
2408
-4780
3080
3520
32
8212
716
112
3744
-5584
1216
-144
-3816
5828
312
2668
7604
-1588
3732
-152
-5296
3016
-3416
-12
5952
-704
6668
3636
-1632
5100
-4196
-1356
1696
-4636
4328
2336
876
8568
-344
1620
2844
-5888
2356
-1976
-2684
6340
-112
4480
6280
-2108
4484
-1892
-3944
3088
-4272
1864
4320
-516
7808
1980
-512
4504
-5212
-164
260
-4036
5368
1176
1956
7928
-1532
2660
1160
-5384
3024
-3028
-1100
5828
-568
5460
4820
-1704
4628
-3184
-2744
2540
-4548
3232
3272
148
8380
444
448
3696
-5868
1584
-836
-3464
6604
132
3256
7264
-1916
3984
-656
-4580
3104
-3684
308
5064
-344
6960
3228
-1164
4648
-4552
-1004
1432
-4408
5160
2084
660
8060
-936
2320
2180
-5564
2340
-2508
-2232
6172
-88
5016
5672
-2228
4380
-2212
-3348
3028
-4384
2232
3876
-508
7732
1688
-212
4312
-5616
388
-12
-4024
6172
912
2636
7608
-1800
3048
464
-4892
3352
-3644
-508
5724
-656
6296
3992
-1456
4956
-3884
-1924
1876
-4256
3960
3004
396
8392
-240
1040
3084
-5772
1944
-1388
-3100
6096
128
3744
6640
-2036
4424
-1344
-4408
3072
-4188
1084
5036
-572
7544
2444
-1164
4936
-5348
-196
932
-4416
5436
1524
1596
8260
-1368
2696
1380
-5736
3048
-3012
-1184
6000
-500
5760
4880
-1816
4708
-2944
-2832
2516
-4392
3172
3624
-396
7984
948
504
3996
-5340
948
-376
-3912
6292
640
3384
7356
-2032
3840
-452
-4772
3164
-3880
504
5560
-936
6764
3308
-1248
4916
-4220
-1212
1316
-4648
4640
2136
1260
8304
-796
1560
2532
-6276
2636
-2116
-2188
6416
-720
4224
6156
-2088
4928
-2120
-3920
2596
-4368
2284
4416
-300
7812
1388
-392
4452
-5144
468
272
-4156
5884
868
2396
7948
-1816
3272
720
-5116
3008
-3416
-412
5772
-924
6180
4392
-1568
4808
-3684
-2348
2100
-4612
4152
2908
324
8356
-444
1276
3024
-5632
2060
-1856
-2996
6200
-40
4136
6448
-2044
4288
-1360
-4628
3308
-4340
1404
5136
-976
7516
2376
-704
4764
-5000
-144
720
-4520
5308
1560
1948
8156
-1240
2548
1016
-5724
2952
-2424
-1152
5928
-728
5300
5240
-1908
5148
-3016
-2992
2408
-4580
3340
3544
256
8048
672
396
3896
-5620
1124
-700
-3628
6436
420
3220
7276
-2024
3832
-712
-4864
3356
-3764
468
4900
-732
6888
3372
-1172
4932
-4736
-1324
1400
-4632
5220
1876
1148
8116
-1100
2280
1864
-5708
2744
-2352
-2020
6164
-276
5164
5772
-2200
4920
-2424
-3692
3208
-4624
2984
3800
-456
8020
984
556
3700
-5472
1044
-796
-3808
6212
668
3068
7468
-1828
3536
4
-5220
3300
-3760
216
5512
-1016
6872
3408
-1376
4940
-4204
-1440
1528
-4796
4844
2168
1032
8336
-848
2128
1936
-5776
2368
-2076
-1864
6092
-628
4804
5740
-1916
4900
-2568
-3464
2448
-4564
2708
4252
-64
7980
868
-60
4088
-5332
776
-192
-3896
6104
500
2592
7776
-1680
3520
-144
-4964
2912
-3332
-24
5624
-396
6312
3532
-1404
4816
-4332
-1712
1748
-4900
4912
1824
980
8404
-724
2020
2044
-5920
2336
-2256
-1772
6208
-648
4700
5856
-1928
4528
-2060
-3516
2592
-4484
2132
4208
-72
7900
1420
-124
3952
-5848
956
4
-3952
6156
196
2848
7584
-1792
3768
-176
-5324
3032
-3356
124
5740
-752
6392
3800
-1620
5352
-4408
-1272
1808
-4972
4972
1912
1176
8440
-752
2084
1828
-5712
2280
-1900
-2060
6024
-312
4348
5952
-2004
4788
-2164
-3636
2796
-4916
2712
4204
52
7900
740
348
4028
-5576
1048
-780
-3680
5772
584
2972
7464
-1648
3408
-144
-4924
2844
-3720
312
5408
-604
6788
3528
-1092
4704
-4472
-1052
1532
-4588
4848
1872
1328
8020
-840
2260
1820
-5700
2516
-2356
-1600
6312
-672
5336
5628
-2080
4864
-2860
-3184
2432
-4620
2900
3780
-288
7764
1128
112
3820
-5940
1060
-472
-3984
6316
252
3316
7444
-2208
3656
-632
-4776
3408
-4020
544
5316
-944
7068
3172
-1024
4820
-4744
-996
1148
-4564
5424
1764
1376
8096
-1160
2636
1484
-5876
2720
-2524
-1372
6136
-652
5576
5140
-1908
4816
-2980
-2804
2400
-4464
3220
3596
-16
8240
540
856
3460
-6124
1524
-868
-3216
6520
-96
3516
7064
-2204
4168
-1020
-4176
3132
-4444
1180
4816
-616
7508
2624
-680
4444
-5276
-564
928
-3920
5452
1140
1816
8092
-1476
2772
1336
-5556
2888
-3264
-796
5968
-816
5840
4772
-1440
4728
-3500
-2732
2344
-4332
3820
3144
224
8120
-64
1008
3352
-5548
1712
-1640
-3156
6312
64
4264
6896
-2224
4208
-1388
-4576
3740
-4300
1756
4832
-1044
7812
1732
-440
4808
-5432
248
84
-4004
5732
1176
2220
7768
-1620
3160
704
-5528
3156
-3100
-992
6120
-848
6568
4344
-1920
4992
-3828
-1988
2020
-4736
4336
2584
512
8480
-60
1464
2788
-6148
2396
-1768
-2784
6284
-84
4228
6208
-1976
4464
-1584
-4052
3008
-4320
1844
4828
-520
7644
1780
-436
4528
-5336
84
632
-4220
5856
692
2076
8212
-1824
3380
468
-5628
3280
-3480
-308
5800
-920
6432
4112
-1528
4796
-3932
-1988
1892
-4612
4184
2592
484
8204
-88
1544
2732
-6048
1912
-1748
-2572
6424
-368
4276
6256
-2240
4516
-1652
-3888
3256
-4436
1912
4416
-224
7736
1696
-48
4184
-5348
476
-116
-4072
6248
632
2708
7836
-1984
3384
360
-5492
3636
-3588
-684
5708
-1000
6632
4204
-1636
4852
-4228
-2068
2028
-4368
4240
2512
524
8164
-408
1572
2700
-5684
2040
-1992
-2848
6328
192
4508
6396
-2140
4296
-1980
-3952
3328
-4208
2016
4396
-576
7684
1808
-160
4544
-5288
-36
456
-4408
6004
1296
2400
8076
-2068
3080
664
-5284
3116
-3508
-488
5776
-924
6400
4332
-1304
4756
-4224
-1648
1940
-4468
4076
2552
828
8232
-476
1320
2864
-5760
2020
-1952
-2488
6052
-136
4308
6416
-1936
4048
-2052
-4012
3108
-4236
1856
4436
-700
7836
1812
-152
4300
-5596
500
-20
-4144
6012
844
2664
7800
-1784
3496
432
-5300
3276
-3268
-228
5936
-1132
6488
4236
-1804
5248
-4140
-1880
1764
-4796
4484
2488
648
8408
-400
1456
2512
-5636
2120
-1632
-2736
6516
-424
4144
6516
-2136
4468
-2000
-4280
3000
-4612
2224
4356
-680
7500
1772
180
4152
-5348
292
132
-3900
5744
988
2384
7744
-1636
3092
672
-5492
3244
-3476
-328
5948
-680
6084
4156
-1588
4920
-3792
-2008
2252
-4880
4208
2920
504
8456
-412
1564
2848
-5940
1984
-1708
-2588
6200
-212
4384
6312
-2032
4260
-1632
-3760
3128
-4460
1576
4516
-380
7728
1924
-512
3968
-5332
360
344
-4300
5928
588
2412
7700
-1744
3600
480
-5276
2964
-3128
-804
5608
-524
6456
4392
-1888
4920
-3964
-2064
1932
-4576
4588
2596
484
8044
-264
1692
2876
-5944
2312
-1864
-2956
6272
-272
4620
6456
-2000
4256
-1888
-4088
2844
-3996
1728
4456
-440
7540
1940
-336
4356
-5568
72
304
-4176
5920
960
2492
7980
-2088
3208
480
-5340
3400
-3448
-808
5744
-852
6452
4528
-1512
4660
-4128
-2232
2060
-4508
3924
2904
500
8136
-88
1436
2820
-6004
1896
-1772
-2928
6520
-288
4496
6392
-2524
4544
-1696
-4028
3380
-4344
1820
4220
-480
8164
2112
-336
4244
-5540
204
132
-3932
5924
796
2140
7804
-1596
3128
784
-5136
2836
-3184
-824
5808
-596
6404
4060
-1564
4544
-3752
-1844
1744
-4592
4152
2716
428
8180
-168
1636
2716
-5908
2008
-1612
-2536
6144
-228
4276
6688
-2040
4264
-1624
-4224
3040
-4172
2136
4372
-504
7736
1720
24
4296
-5400
496
104
-4168
6104
1172
2448
7872
-1700
3160
672
-5416
3300
-3192
-692
6044
-1068
6500
4172
-1680
5152
-3912
-1932
1944
-4596
4320
2380
564
8524
-104
1648
2592
-6060
2136
-1768
-2492
6264
-268
4472
5976
-2072
4452
-1792
-4084
2692
-4256
2276
4112
-652
7828
1604
-444
4416
-5280
512
-124
-3804
5980
972
2336
7540
-1212
3264
496
-5236
2952
-3052
-656
5840
-740
6652
4028
-1804
5432
-4036
-2080
1796
-4528
4432
2500
572
8528
-304
1368
2844
-5880
2224
-1920
-2688
6392
-256
4468
6084
-2176
4488
-1992
-3952
2876
-4580
2024
4232
-724
8084
1360
-376
4408
-5464
844
-28
-3836
5928
628
2452
7804
-1676
3400
80
-5224
3196
-3388
-60
5476
-832
6444
3900
-844
4636
-4128
-1636
1396
-4220
4192
2396
880
8412
-604
1624
2592
-5796
2336
-2032
-2264
6296
-420
4684
6060
-2000
4768
-2336
-3928
2888
-4492
2668
4000
-412
8164
1276
32
4192
-5564
716
-236
-4064
6272
720
2552
7708
-1928
3660
-88
-5272
3168
-3624
-68
5680
-768
6880
3572
-1532
4784
-4432
-1588
1544
-4596
4840
2144
880
8464
-1048
2236
2236
-5876
2812
-2564
-1868
6464
-672
5352
5548
-1912
4788
-2800
-3260
2788
-4672
3000
3684
-408
8164
952
640
3720
-5932
1156
-692
-3172
5924
188
3372
7240
-1888
3812
-664
-4652
3072
-4004
868
5240
-784
7008
2816
-1024
4664
-4828
-828
1288
-4580
5128
1752
1204
8700
-1184
2540
1508
-5940
2832
-2696
-1216
6188
-776
5596
4812
-1784
5060
-3084
-2816
2356
-4748
3460
3304
112
8708
144
844
3268
-5956
1540
-1308
-2888
6268
-104
3636
6924
-1740
4260
-1316
-4504
3204
-4244
1232
4784
-580
7568
2168
-556
4468
-5312
-20
440
-4340
5892
992
1868
8244
-1660
3072
920
-5780
3284
-3420
-792
6136
-944
6296
4424
-1716
4752
-3716
-2228
2144
-4768
4280
3004
92
8288
-292
1536
2932
-5876
2048
-1868
-2520
6424
-216
4616
6180
-2044
4468
-1704
-3684
3064
-4508
2012
4644
-548
7956
1568
240
4180
-5708
740
-220
-3904
5992
784
2652
7608
-1956
3400
128
-5224
3212
-3792
-52
5500
-1020
6616
3552
-1104
4688
-4424
-1344
1344
-4488
4628
2204
1224
8104
-776
1820
2408
-5940
2612
-2132
-2300
6460
-684
5436
5808
-2152
4988
-2868
-3140
2592
-4508
3048
3392
152
7996
1056
580
3628
-5532
800
-440
-3628
5976
768
2924
7388
-2116
3816
-296
-4892
3276
-4088
736
5244
-948
7588
2692
-884
4616
-4964
-660
724
-4240
5096
2008
1048
8072
-1076
2112
1888
-5864
2864
-2860
-1684
6376
-576
5828
4828
-1780
4804
-3384
-2592
2368
-4640
3604
3156
104
8384
360
924
3604
-6052
1880
-1132
-3044
6732
-268
4060
6972
-2112
4508
-1452
-4312
2888
-4300
1424
4724
-540
7736
2276
-560
4592
-5152
-260
836
-4064
5228
1312
1660
8052
-1180
2644
956
-5712
2684
-3096
-840
6172
-1012
5944
4276
-1936
5292
-3460
-2100
2048
-5096
4244
2940
456
8432
-192
1320
2736
-5768
1840
-1540
-2780
6280
68
3856
6640
-2184
4340
-1124
-4432
3140
-4696
1540
4960
-480
8056
1880
-572
4544
-5320
52
320
-4204
5716
1128
2132
8056
-1752
2920
768
-5364
3368
-3668
-632
6036
-996
6536
4184
-1316
4788
-3848
-2160
2172
-4604
4048
2616
384
8292
-88
1268
2892
-5840
2264
-1780
-2808
6536
-184
4484
6240
-2000
4612
-1612
-4000
2792
-4316
1844
4524
-312
7516
1940
-288
4280
-5228
68
340
-4356
5696
1268
2124
8060
-1792
3076
872
-5548
3272
-3304
-824
5960
-1004
6304
4284
-1800
4916
-3548
-2104
1540
-4864
4248
3072
568
8164
-104
1008
3028
-5908
2244
-1140
-3284
6352
-392
4064
6656
-2344
4812
-1684
-4424
3056
-4412
1760
4668
-588
7548
2164
-628
4600
-4968
64
280
-4360
5760
1572
1904
7836
-1700
2904
916
-5448
3384
-3248
-896
5836
-652
6136
4488
-1480
4764
-3588
-2308
1864
-4296
3432
3256
324
8392
64
744
3380
-6048
2020
-1424
-3160
6324
-392
3936
6940
-2168
4548
-1504
-4732
3156
-4092
1408
4888
-576
7084
2384
-1020
4636
-4708
-148
668
-4604
5312
1212
1892
8064
-984
2744
924
-5696
2572
-2080
-1308
6000
-684
5072
5284
-1944
5084
-2912
-2972
2352
-4772
3288
3432
272
8224
868
608
3524
-5788
1364
-532
-3704
6436
176
2976
7028
-1868
4008
-472
-4968
2856
-3540
328
5324
-756
7052
3292
-1224
4688
-4616
-1068
1444
-4472
4768
2100
1028
7956
-592
2116
2128
-5764
2268
-2000
-2224
6448
-620
5028
6080
-2476
4924
-2460
-3300
3120
-4420
2708
3824
-412
8036
1548
60
4216
-5668
600
-260
-4040
5764
948
2540
7524
-1504
3076
480
-5124
2996
-3036
-464
5840
-776
6052
4152
-1696
5032
-3920
-2008
1808
-4840
4000
2664
580
8240
-64
784
3092
-5744
2016
-1312
-3136
6444
-416
3900
6768
-2080
4216
-1412
-4624
3160
-4416
1096
5012
-672
7472
2384
-1024
4996
-4908
-348
1064
-4632
5452
1704
1336
8200
-1028
2152
1892
-5700
2732
-2460
-1888
6080
-308
5256
5352
-1744
5076
-2908
-3212
2656
-4596
3084
3344
-132
7988
1168
-36
3632
-5592
784
-176
-3828
5872
552
2364
7340
-1448
3328
168
-5576
3232
-3332
-440
6020
-1316
6640
3768
-1740
5260
-4184
-1500
1616
-4444
4268
2572
828
7968
260
1352
2664
-5956
1816
-896
-2668
6420
-536
3912
6628
-2172
4664
-1288
-4424
2928
-4464
1520
5068
-468
7420
2204
-692
4356
-4620
-316
740
-4052
4804
1956
1532
7836
-1132
2228
1608
-6016
3044
-2492
-1540
6204
-992
5632
5192
-2040
5132
-2896
-3124
2684
-4796
3160
3724
-224
8024
940
324
3728
-5796
1016
-148
-3684
6040
400
2712
7700
-1916
3704
16
-5288
3056
-3316
-36
5908
-840
6508
4004
-1584
4940
-4128
-1548
1788
-4628
4592
2252
724
8272
-368
1704
2336
-5672
2036
-1800
-2560
6264
-28
4112
6144
-1996
4456
-1596
-4112
3104
-4108
1472
4332
-612
7716
2348
-648
4408
-5436
112
448
-4436
5864
804
2024
8068
-1852
3040
892
-5412
3136
-3228
-1164
5884
-456
5836
5136
-1840
4612
-3024
-2892
2956
-4592
3364
3264
-132
8288
484
752
3652
-5736
1272
-704
-3256
6164
420
3208
7220
-1880
3872
-296
-4736
3012
-3768
228
5352
-540
6728
3236
-1108
4472
-4236
-1368
1392
-4456
4644
1880
908
8348
-904
1924
2412
-6048
2552
-2020
-2568
6492
-440
4760
6004
-2544
4496
-1936
-3684
3220
-4540
1980
3948
-632
8040
1800
-196
4580
-5576
76
328
-4064
5996
924
2020
8052
-1532
2808
944
-5404
3168
-3216
-944
5988
-720
5936
4508
-1920
5140
-3680
-2508
2000
-4656
4000
3172
256
8084
28
604
3372
-5576
1484
-1000
-3648
6224
-56
3928
7060
-1980
4136
-1356
-4584
2980
-3804
824
4764
-520
6872
2952
-1016
4704
-4656
-1004
1076
-4488
5196
1972
1368
8204
-1108
2140
1764
-5384
2528
-2184
-1832
6008
-140
4732
5860
-1776
4332
-2384
-3812
3124
-4596
2688
3848
-360
8184
936
356
4136
-5544
704
-312
-3820
5828
1140
2412
7728
-1604
3040
768
-5616
3164
-3356
-660
5764
-836
6468
3884
-1664
4996
-3984
-1580
1844
-4848
4168
2632
860
8216
204
1072
2748
-5788
1744
-944
-3124
6360
-188
3920
6764
-2336
4504
-1116
-4296
3036
-4380
1288
5180
-632
7524
2364
-588
4440
-4944
-312
928
-4204
5040
1544
1484
8064
-1052
2500
1924
-5912
2648
-2628
-1700
6448
-944
5480
5200
-2012
4676
-2940
-2720
2484
-4452
2812
3400
176
7860
932
368
3756
-5720
1084
-412
-3760
6268
-108
3176
7676
-1936
3628
-320
-5036
2916
-3376
184
5564
-668
6164
3648
-1388
5100
-3884
-1836
1832
-4720
4444
2284
984
8640
-576
1628
2384
-5836
2480
-2104
-2248
6368
-360
4316
6260
-1804
4648
-2076
-3988
2720
-4440
1760
4320
-232
7792
1744
-380
4076
-5088
464
-120
-3944
5548
1076
2072
7776
-1448
3188
740
-5668
2944
-2948
-952
6276
-920
6028
4548
-2108
5380
-3568
-2448
2224
-5040
4072
2924
376
8336
-160
1360
3224
-5764
2008
-1020
-3112
6104
80
3656
7144
-2016
3912
-812
-4768
3056
-3912
1312
5020
-720
7200
2492
-832
4572
-4888
-580
756
-4476
5192
1504
1572
8300
-1224
2476
1356
-5744
2892
-2612
-1404
6100
-796
5232
5168
-2088
4828
-2944
-3216
2588
-4748
2956
3748
4
8212
